--
-- PostgreSQL database dump
--

\restrict nXEQTdyaW2YhXxCd83XTTa13Uaqxvhf91NehtzrvnXtRmmtueClipdll9Vrs83J

-- Dumped from database version 17.6
-- Dumped by pg_dump version 18.3

SET statement_timeout = 0;
SET lock_timeout = 0;
SET idle_in_transaction_session_timeout = 0;
SET transaction_timeout = 0;
SET client_encoding = 'UTF8';
SET standard_conforming_strings = on;
SELECT pg_catalog.set_config('search_path', '', false);
SET check_function_bodies = false;
SET xmloption = content;
SET client_min_messages = warning;
SET row_security = off;

--
-- Data for Name: custom_oauth_providers; Type: TABLE DATA; Schema: auth; Owner: supabase_auth_admin
--

COPY auth.custom_oauth_providers (id, provider_type, identifier, name, client_id, client_secret, acceptable_client_ids, scopes, pkce_enabled, attribute_mapping, authorization_params, enabled, email_optional, issuer, discovery_url, skip_nonce_check, cached_discovery, discovery_cached_at, authorization_url, token_url, userinfo_url, jwks_uri, created_at, updated_at) FROM stdin;
\.


--
-- Data for Name: users; Type: TABLE DATA; Schema: auth; Owner: supabase_auth_admin
--

COPY auth.users (instance_id, id, aud, role, email, encrypted_password, email_confirmed_at, invited_at, confirmation_token, confirmation_sent_at, recovery_token, recovery_sent_at, email_change_token_new, email_change, email_change_sent_at, last_sign_in_at, raw_app_meta_data, raw_user_meta_data, is_super_admin, created_at, updated_at, phone, phone_confirmed_at, phone_change, phone_change_token, phone_change_sent_at, email_change_token_current, email_change_confirm_status, banned_until, reauthentication_token, reauthentication_sent_at, is_sso_user, deleted_at, is_anonymous) FROM stdin;
00000000-0000-0000-0000-000000000000	b0b5050c-6c87-4ee5-b7d9-215defb80465	authenticated	authenticated	danielbmelomaradei@gmail.com	$2a$10$RcqiUlGem/r/AwVKYwXuAeiqeOZFUKqernFw6ByKzQAd5tuU56iYG	2026-02-21 14:25:47.131046+00	\N		\N		\N			\N	2026-02-21 14:25:47.135335+00	{"provider": "email", "providers": ["email"]}	{"sub": "b0b5050c-6c87-4ee5-b7d9-215defb80465", "nome": "Karl", "email": "danielbmelomaradei@gmail.com", "setor_id": 24, "email_verified": true, "phone_verified": false}	\N	2026-02-21 14:25:47.126127+00	2026-02-21 14:25:47.13795+00	\N	\N			\N		0	\N		\N	f	\N	f
00000000-0000-0000-0000-000000000000	26bf03a0-c3ad-4652-85af-d11c3b385b7d	authenticated	authenticated	cprodecrj@gmail.com	$2a$10$3MdsSEIx3X7ZPlAvGcEE3.hLAOqQrdu4I7WHFbolT9eWcilT80ImO	2026-02-24 14:03:44.100588+00	\N		\N		\N			\N	2026-03-01 19:57:08.123317+00	{"provider": "email", "providers": ["email"]}	{"sub": "26bf03a0-c3ad-4652-85af-d11c3b385b7d", "nome": "Leonardo Viana Trancoso ", "email": "cprodecrj@gmail.com", "setor_id": 19, "email_verified": true, "phone_verified": false}	\N	2026-02-24 14:03:44.095538+00	2026-03-01 19:57:08.224828+00	\N	\N			\N		0	\N		\N	f	\N	f
00000000-0000-0000-0000-000000000000	a492bdb6-c927-4363-b20f-ab30967a308d	authenticated	authenticated	venturafabiana1981@gmail.com	$2a$10$KGggvOkIbCwItzwcb/XPBur/mD5GzPKguwOsos87F3tCyybtL601S	2026-02-24 14:02:25.765878+00	\N		\N		\N			\N	2026-02-24 14:02:25.77067+00	{"provider": "email", "providers": ["email"]}	{"sub": "a492bdb6-c927-4363-b20f-ab30967a308d", "nome": "Fabiana da silva ventura", "email": "venturafabiana1981@gmail.com", "setor_id": 24, "email_verified": true, "phone_verified": false}	\N	2026-02-24 14:02:25.751164+00	2026-02-24 14:02:25.77273+00	\N	\N			\N		0	\N		\N	f	\N	f
00000000-0000-0000-0000-000000000000	d52e2804-2387-4e16-8d62-fef509b99be0	authenticated	authenticated	adribmelo@gmail.com	$2a$10$tHbgMue/pD1xS7gj9SKM2.KWfgDs1760B7Ud4/ANgpAuEzB.pHjS2	2026-02-21 14:24:52.642402+00	\N		\N		\N			\N	2026-02-21 14:24:52.648317+00	{"provider": "email", "providers": ["email"]}	{"sub": "d52e2804-2387-4e16-8d62-fef509b99be0", "nome": "Manoel Dias", "email": "adribmelo@gmail.com", "setor_id": 23, "email_verified": true, "phone_verified": false}	\N	2026-02-21 14:24:52.61341+00	2026-02-21 14:24:52.654228+00	\N	\N			\N		0	\N		\N	f	\N	f
00000000-0000-0000-0000-000000000000	337a3418-1893-4cf8-8835-4c8a2acff5b7	authenticated	authenticated	rodrigokarlsilva@gmail.com	$2a$10$iyqB82AQRCSQfiQ71iMi.O6xQHEItcJ6sM7HytsXVvw/7/Ez.vqka	2026-02-24 14:02:08.906017+00	\N		\N		\N			\N	2026-02-24 14:02:08.911678+00	{"provider": "email", "providers": ["email"]}	{"sub": "337a3418-1893-4cf8-8835-4c8a2acff5b7", "nome": "Rodrigo Karl Silva", "email": "rodrigokarlsilva@gmail.com", "setor_id": 24, "email_verified": true, "phone_verified": false}	\N	2026-02-24 14:02:08.87393+00	2026-02-24 14:02:08.917825+00	\N	\N			\N		0	\N		\N	f	\N	f
00000000-0000-0000-0000-000000000000	601fdb5b-f5ca-425c-a242-faa1c4ede53f	authenticated	authenticated	ceaacre.sedec@gmail.com	$2a$10$6KHammdrQyGQViTrCGvGnOLaFKMZFhzkGk7jsO/k9irDhN2AQZ526	2026-02-24 14:03:24.177837+00	\N		\N		\N			\N	2026-02-24 14:03:24.182071+00	{"provider": "email", "providers": ["email"]}	{"sub": "601fdb5b-f5ca-425c-a242-faa1c4ede53f", "nome": "CEAMA", "email": "ceaacre.sedec@gmail.com", "setor_id": 2, "email_verified": true, "phone_verified": false}	\N	2026-02-24 14:03:24.172129+00	2026-03-08 02:26:12.083411+00	\N	\N			\N		0	\N		\N	f	\N	f
00000000-0000-0000-0000-000000000000	2f7a9820-7347-4076-bd48-054a48c89b68	authenticated	authenticated	g.diasbm@gmail.com	$2a$10$7/Bo1XBJ/dx6pyyDlIU04O2nvIS4WmC73LMGMpXCDRKkI0LY2tQzm	2026-02-24 14:01:59.038539+00	\N		\N		\N			\N	2026-03-06 18:20:41.236667+00	{"provider": "email", "providers": ["email"]}	{"sub": "2f7a9820-7347-4076-bd48-054a48c89b68", "nome": "GILVANE DOS SANTOS DIAS ", "email": "g.diasbm@gmail.com", "setor_id": 24, "email_verified": true, "phone_verified": false}	\N	2026-02-24 14:01:58.967176+00	2026-03-06 20:28:04.817338+00	\N	\N			\N		0	\N		\N	f	\N	f
00000000-0000-0000-0000-000000000000	b5375011-d5d6-4368-ae70-d320b7786443	authenticated	authenticated	edmilsonbombeiro.rj@gmail.com	$2a$10$v/n9mA7Wj8Y0J19Sf7XaZOUEXBwI8Grz.yPexrt6cp7zIp3DPuaRa	2026-02-24 14:03:35.8331+00	\N		\N		\N			\N	2026-02-24 14:03:35.835431+00	{"provider": "email", "providers": ["email"]}	{"sub": "b5375011-d5d6-4368-ae70-d320b7786443", "nome": "Edmilson Menezes Nascimento ", "email": "edmilsonbombeiro.rj@gmail.com", "setor_id": 24, "email_verified": true, "phone_verified": false}	\N	2026-02-24 14:03:35.826178+00	2026-02-24 14:03:35.837889+00	\N	\N			\N		0	\N		\N	f	\N	f
00000000-0000-0000-0000-000000000000	0177f995-2c8a-42cb-8cf6-46577fff1fde	authenticated	authenticated	maradei.ictdec@gmail.com	$2a$10$zCSLpTq3TRJkDdVo3qLUeOcZMiah5BHdBSl9r/e3WL9XRpqNEV24G	2026-02-21 14:16:37.81087+00	\N		\N		\N			\N	2026-03-07 17:06:00.567995+00	{"provider": "email", "providers": ["email"]}	{"sub": "0177f995-2c8a-42cb-8cf6-46577fff1fde", "nome": "Marcio Neves", "email": "maradei.ictdec@gmail.com", "setor_id": 11, "email_verified": true, "phone_verified": false}	\N	2026-02-21 14:16:37.804388+00	2026-03-08 12:11:50.691373+00	\N	\N			\N		0	\N		\N	f	\N	f
00000000-0000-0000-0000-000000000000	07e45e40-f83d-4896-bf79-b2ff3c84554c	authenticated	authenticated	matheuscouto88@gmail.com	$2a$10$7WPAUNCpjM8EvmRpmznGUO4oNuxxTsfQ5BywjLUog2jRvxty.RCOG	2026-02-24 18:40:01.387246+00	\N		\N		\N			\N	2026-02-24 18:40:01.390355+00	{"provider": "email", "providers": ["email"]}	{"sub": "07e45e40-f83d-4896-bf79-b2ff3c84554c", "nome": "Matheus Couto da Costa", "email": "matheuscouto88@gmail.com", "setor_id": 3, "email_verified": true, "phone_verified": false}	\N	2026-02-24 18:40:01.379214+00	2026-02-27 17:50:57.145004+00	\N	\N			\N		0	\N		\N	f	\N	f
00000000-0000-0000-0000-000000000000	a9391f44-b141-4646-8042-fd59d5b034a3	authenticated	authenticated	andressamarques.cbmerj@gmail.com	$2a$10$CJnu2hFCmOxt8u6K..JRv.GksVo906rUXGnwX7GSPtj3vIQ2FWDam	2026-02-24 18:39:51.814606+00	\N		\N		\N			\N	2026-02-24 18:39:51.824472+00	{"provider": "email", "providers": ["email"]}	{"sub": "a9391f44-b141-4646-8042-fd59d5b034a3", "nome": "Andressa Marques da Silva", "email": "andressamarques.cbmerj@gmail.com", "setor_id": 3, "email_verified": true, "phone_verified": false}	\N	2026-02-24 18:39:51.764699+00	2026-02-24 18:39:51.849665+00	\N	\N			\N		0	\N		\N	f	\N	f
00000000-0000-0000-0000-000000000000	956aef59-7d87-4f30-827a-acee87bffee6	authenticated	authenticated	majanamartinez@gmail.com	$2a$10$J/YvqkB/S.ytkTPfkr721.i8pOmYZp6CfbZP9s1MIxRN0tir9S1pm	2026-02-24 14:08:13.541623+00	\N		\N		\N			\N	2026-02-25 14:29:55.257047+00	{"provider": "email", "providers": ["email"]}	{"sub": "956aef59-7d87-4f30-827a-acee87bffee6", "nome": "Ana claudia lago martinez gerhard", "email": "majanamartinez@gmail.com", "setor_id": 15, "email_verified": true, "phone_verified": false}	\N	2026-02-24 14:08:13.525184+00	2026-02-25 14:29:55.259688+00	\N	\N			\N		0	\N		\N	f	\N	f
00000000-0000-0000-0000-000000000000	9cd6d711-15ee-4045-b362-8b97028d1492	authenticated	authenticated	eng.ivodejesus@gmail.com	$2a$10$N1RMFGwJC6Gn2Cu/ZAJg/usoNctC1BGHlLaML4tNIoRAeT1f7ATla	2026-02-24 18:40:24.495375+00	\N		\N		\N			\N	2026-02-24 18:40:24.498132+00	{"provider": "email", "providers": ["email"]}	{"sub": "9cd6d711-15ee-4045-b362-8b97028d1492", "nome": "IVo", "email": "eng.ivodejesus@gmail.com", "setor_id": 10, "email_verified": true, "phone_verified": false}	\N	2026-02-24 18:40:24.481414+00	2026-02-24 18:40:24.500262+00	\N	\N			\N		0	\N		\N	f	\N	f
00000000-0000-0000-0000-000000000000	38bbfcef-f951-49a9-9ba3-48f007f4606e	authenticated	authenticated	felipeoliveira.0954@gmail.com	$2a$10$/dVjLjg9UhzwFdgCt97xcOWtZCPOglgXeouCIUCfFcxirJC6NT02i	2026-02-24 17:03:37.928264+00	\N		\N		\N			\N	2026-02-24 17:03:37.949643+00	{"provider": "email", "providers": ["email"]}	{"sub": "38bbfcef-f951-49a9-9ba3-48f007f4606e", "nome": "Felipe Oliveira", "email": "felipeoliveira.0954@gmail.com", "setor_id": 24, "email_verified": true, "phone_verified": false}	\N	2026-02-24 17:03:37.821444+00	2026-02-24 17:03:38.002528+00	\N	\N			\N		0	\N		\N	f	\N	f
00000000-0000-0000-0000-000000000000	f63029cb-dd03-4e3b-b466-913b0a15e8bf	authenticated	authenticated	bryango@outlook.com	$2a$10$se3wnwq012UYvpIXvYetg.I6VjLqcExr/eBC47jfIth3giGVe6Gbi	2026-02-25 14:30:11.223444+00	\N		\N		\N			\N	2026-02-25 14:30:11.228579+00	{"provider": "email", "providers": ["email"]}	{"sub": "f63029cb-dd03-4e3b-b466-913b0a15e8bf", "nome": "Bryan de Oliveira Gusmأ”أ¶آ£â”œâ•‘o", "email": "bryango@outlook.com", "setor_id": 11, "email_verified": true, "phone_verified": false}	\N	2026-02-25 14:30:11.196219+00	2026-02-25 15:50:46.104614+00	\N	\N			\N		0	\N		\N	f	\N	f
00000000-0000-0000-0000-000000000000	89840d8b-8841-4059-8e69-582d165fc76c	authenticated	authenticated	clauciscotto@defesacivil.gov.br	$2a$10$6ERWEDhHxQqU9Cqc.3zo1e9Lf4NR54IEOKq9VOvs/PgIcuKw85ZYm	2026-02-24 20:57:48.8073+00	\N		\N		\N			\N	2026-02-24 20:57:48.818813+00	{"provider": "email", "providers": ["email"]}	{"sub": "89840d8b-8841-4059-8e69-582d165fc76c", "nome": "Claudinei Fontes Ciscotto", "email": "clauciscotto@defesacivil.gov.br", "setor_id": 10, "email_verified": true, "phone_verified": false}	\N	2026-02-24 20:57:48.731479+00	2026-02-24 20:57:48.853038+00	\N	\N			\N		0	\N		\N	f	\N	f
00000000-0000-0000-0000-000000000000	38b8e489-e928-4877-88e0-1bef403918b8	authenticated	authenticated	dribianchi@gmail.com	$2a$10$iFNjISpR92barGMhMtfzye3lkQswQB2Jvp09.AdrEjwWBkJL7sgcK	2026-02-24 20:11:23.218422+00	\N		\N		\N			\N	2026-02-24 20:11:23.245433+00	{"provider": "email", "providers": ["email"]}	{"sub": "38b8e489-e928-4877-88e0-1bef403918b8", "nome": "Adriana Aparecida Bianchi ", "email": "dribianchi@gmail.com", "setor_id": 24, "email_verified": true, "phone_verified": false}	\N	2026-02-24 20:11:23.094497+00	2026-02-24 23:08:59.504791+00	\N	\N			\N		0	\N		\N	f	\N	f
00000000-0000-0000-0000-000000000000	113e7c05-7496-4c7e-b090-a599abc8c568	authenticated	authenticated	alinepossa83@gamil.com	$2a$10$sY9oYeRVqfSR005xnhvc5.aSf9545iJki8bkq8FUnYzc6aIz7hZQW	2026-02-24 14:04:09.622309+00	\N		\N		\N			\N	2026-03-06 17:41:01.55733+00	{"provider": "email", "providers": ["email"]}	{"sub": "113e7c05-7496-4c7e-b090-a599abc8c568", "nome": "Aline Possa Silva Anjos", "email": "alinepossa83@gamil.com", "setor_id": 19, "email_verified": true, "phone_verified": false}	\N	2026-02-24 14:04:09.61223+00	2026-03-08 00:41:26.37084+00	\N	\N			\N		0	\N		\N	f	\N	f
00000000-0000-0000-0000-000000000000	a2deaf01-248e-479a-9302-5ef54cf14906	authenticated	authenticated	servicosocialdgac@gmail.com	$2a$10$/Fn8zEiteVHv9WQdA33KG..LW/RddC6iyn8uVqf9/E0tLw934anN6	2026-02-25 12:11:36.375507+00	\N		\N		\N			\N	2026-02-25 17:48:53.918594+00	{"provider": "email", "providers": ["email"]}	{"sub": "a2deaf01-248e-479a-9302-5ef54cf14906", "nome": "Cristiane da Costa Lopes Roma", "email": "servicosocialdgac@gmail.com", "setor_id": 10, "email_verified": true, "phone_verified": false}	\N	2026-02-25 12:11:36.286806+00	2026-02-25 17:48:53.979821+00	\N	\N			\N		0	\N		\N	f	\N	f
00000000-0000-0000-0000-000000000000	61939222-c77c-4a49-b94a-83f1611c575f	authenticated	authenticated	jbduartevig92@gmail.com	$2a$10$VP9hvZWWSMBd8E6CXfg/aev/ixeRMFNVM89eTLaNOgUFHFyf8we86	2026-02-25 14:30:20.488603+00	\N		\N		\N			\N	2026-02-25 14:30:20.490672+00	{"provider": "email", "providers": ["email"]}	{"sub": "61939222-c77c-4a49-b94a-83f1611c575f", "nome": "Jأ”أ¶آ£أ”أ¶أ±natas Teixeira Braga Duarte ", "email": "jbduartevig92@gmail.com", "setor_id": 11, "email_verified": true, "phone_verified": false}	\N	2026-02-25 14:30:20.481769+00	2026-02-26 17:24:54.240181+00	\N	\N			\N		0	\N		\N	f	\N	f
00000000-0000-0000-0000-000000000000	279f4e07-1fb4-467d-bccd-3f5bd55835c4	authenticated	authenticated	moreirasilva43@gmail.com	$2a$10$JFWHIPzQpH4LbWb43nFcWe5ooYMTt6NdvFXuOzTzmfDWt3Wr4gRZi	2026-02-25 14:30:24.05734+00	\N		\N		\N			\N	2026-02-25 14:30:24.061958+00	{"provider": "email", "providers": ["email"]}	{"sub": "279f4e07-1fb4-467d-bccd-3f5bd55835c4", "nome": "Claudio Moreira da Silva ", "email": "moreirasilva43@gmail.com", "setor_id": 11, "email_verified": true, "phone_verified": false}	\N	2026-02-25 14:30:24.045574+00	2026-02-25 14:30:24.064027+00	\N	\N			\N		0	\N		\N	f	\N	f
00000000-0000-0000-0000-000000000000	9109768f-dfed-4b95-9fe8-32308b049436	authenticated	authenticated	gabriel.heraldo@hotmail.com	$2a$10$h9l5z9jl7vGpg1Um39BZUuZ9mq7Db3BhBH1zXkMnmSAy9tWQoVtD6	2026-02-25 17:53:32.398393+00	\N		\N		\N			\N	2026-02-25 17:53:32.409315+00	{"provider": "email", "providers": ["email"]}	{"sub": "9109768f-dfed-4b95-9fe8-32308b049436", "nome": "Gabriel Heraldo Rodrigues Do Nascimento", "email": "gabriel.heraldo@hotmail.com", "setor_id": 11, "email_verified": true, "phone_verified": false}	\N	2026-02-25 17:53:32.358507+00	2026-02-25 17:53:32.412345+00	\N	\N			\N		0	\N		\N	f	\N	f
00000000-0000-0000-0000-000000000000	f7257308-2edb-464d-b717-e6f4d21cfc60	authenticated	authenticated	tunay_kitazawa@hotmail.com	$2a$10$CJt4yaLU7jmf3eKyGaHO1OUDn6e/SITk0jhLR2QpsGxGoNNHMdM62	2026-02-25 19:03:47.50738+00	\N		\N		\N			\N	2026-03-02 17:11:43.225669+00	{"provider": "email", "providers": ["email"]}	{"sub": "f7257308-2edb-464d-b717-e6f4d21cfc60", "nome": "Tunay Ramon Araujo Kitazawa ", "email": "tunay_kitazawa@hotmail.com", "setor_id": 20, "email_verified": true, "phone_verified": false}	\N	2026-02-25 19:03:47.43167+00	2026-03-02 18:09:45.013017+00	\N	\N			\N		0	\N		\N	f	\N	f
00000000-0000-0000-0000-000000000000	afeed092-a24e-4300-95fb-d02b78c88cad	authenticated	authenticated	moreirambm@hotmail.com	$2a$10$5gsXrEJy8oAKtLh5I/intuVYEu1KuM3n/UtiJ7h97PnPPcsKqfh6G	2026-03-02 10:51:04.419441+00	\N		\N		\N			\N	2026-03-02 10:51:04.440741+00	{"provider": "email", "providers": ["email"]}	{"sub": "afeed092-a24e-4300-95fb-d02b78c88cad", "nome": "FRANCISCO ALBERTO MOREIRA DA SILVA", "email": "moreirambm@hotmail.com", "setor_id": 12, "email_verified": true, "phone_verified": false}	\N	2026-03-02 10:51:04.341467+00	2026-03-02 18:10:22.772613+00	\N	\N			\N		0	\N		\N	f	\N	f
00000000-0000-0000-0000-000000000000	679e2b0f-5949-4ac4-8e53-21538c1fa799	authenticated	authenticated	flaviamsmedeiros@gmail.com	$2a$10$/jFyAvxGUpl5o8OxA3XVwOA34ksCu/5v.ShRRha2DDemaLKUsqM36	2026-02-25 15:27:31.880936+00	\N		\N		\N			\N	2026-02-26 13:29:37.606228+00	{"provider": "email", "providers": ["email"]}	{"sub": "679e2b0f-5949-4ac4-8e53-21538c1fa799", "nome": "Flavia Maria Silva de Medeiros", "email": "flaviamsmedeiros@gmail.com", "setor_id": 10, "email_verified": true, "phone_verified": false}	\N	2026-02-25 15:27:31.79626+00	2026-03-04 22:13:32.396766+00	\N	\N			\N		0	\N		\N	f	\N	f
00000000-0000-0000-0000-000000000000	ec94f6cd-12de-4067-b5a5-535a5735d5b5	authenticated	authenticated	mirelacsreis@gmail.com	$2a$10$Yyrxx6VnTBMgjtpT6dmHb.Z0jVYu55EZ3LjRnqnZKm9H9GQA5qy8q	2026-02-25 19:22:38.229004+00	\N		\N		\N			\N	2026-02-27 14:19:45.844923+00	{"provider": "email", "providers": ["email"]}	{"sub": "ec94f6cd-12de-4067-b5a5-535a5735d5b5", "nome": "Mirela Carneiro dos Santos Reis", "email": "mirelacsreis@gmail.com", "setor_id": 20, "email_verified": true, "phone_verified": false}	\N	2026-02-25 19:22:38.16756+00	2026-02-27 18:06:16.913014+00	\N	\N			\N		0	\N		\N	f	\N	f
00000000-0000-0000-0000-000000000000	7bc36f9c-68fd-404f-8fa9-54d1ff00355d	authenticated	authenticated	fguedes04@gmail.com	$2a$10$Wxm3U34qKC6s8uvrYLVO..CfR3xqsUjlqX1LStkecQsTxh1JxZdSG	2026-02-26 14:24:20.718943+00	\N		\N		\N			\N	2026-02-26 18:02:37.19507+00	{"provider": "email", "providers": ["email"]}	{"sub": "7bc36f9c-68fd-404f-8fa9-54d1ff00355d", "nome": "fabio guedes de jesus", "email": "fguedes04@gmail.com", "setor_id": 10, "email_verified": true, "phone_verified": false}	\N	2026-02-26 14:24:20.620438+00	2026-03-03 19:22:29.56582+00	\N	\N			\N		0	\N		\N	f	\N	f
00000000-0000-0000-0000-000000000000	afb3add1-c29a-4007-b0c2-9ee90c579b9b	authenticated	authenticated	carla.sprado@gmail.com	$2a$10$95q/r6hI/FGrhIFli4PUiO8C/y7qWSSZ.aKvqD0nYAW4ED7L0PWue	2026-02-25 19:23:05.744412+00	\N		\N		\N			\N	2026-02-25 19:23:05.747874+00	{"provider": "email", "providers": ["email"]}	{"sub": "afb3add1-c29a-4007-b0c2-9ee90c579b9b", "nome": "carla da silva prado cecchi de azevedo", "email": "carla.sprado@gmail.com", "setor_id": 20, "email_verified": true, "phone_verified": false}	\N	2026-02-25 19:23:05.735256+00	2026-02-26 20:19:00.540989+00	\N	\N			\N		0	\N		\N	f	\N	f
00000000-0000-0000-0000-000000000000	3d906d79-dbb0-401d-95e3-f5f075638f3b	authenticated	authenticated	velosostalita@gmail.com	$2a$10$cCdu60/AAp4Yp.FLsD.Scu5HkVa.M8JZVbK/TPqVacijjscJIRQc6	2026-02-27 12:36:23.358674+00	\N		\N		\N			\N	2026-03-04 13:13:24.086439+00	{"provider": "email", "providers": ["email"]}	{"sub": "3d906d79-dbb0-401d-95e3-f5f075638f3b", "nome": "Talita de Souza Veloso Santos", "email": "velosostalita@gmail.com", "setor_id": 10, "email_verified": true, "phone_verified": false}	\N	2026-02-27 12:36:23.266764+00	2026-03-04 14:20:10.091255+00	\N	\N			\N		0	\N		\N	f	\N	f
00000000-0000-0000-0000-000000000000	b5f47fa0-4bc8-49fa-bbd2-50f99d29d6fb	authenticated	authenticated	alexandresf17@gmail.com	$2a$10$BvLMp5ggucOtp08UC7meqeOLEZ4KhZ3y.Jrwthq.ZdbCqbjRaXDSq	2026-02-26 14:34:15.798115+00	\N		\N		\N			\N	2026-02-26 14:34:15.805636+00	{"provider": "email", "providers": ["email"]}	{"sub": "b5f47fa0-4bc8-49fa-bbd2-50f99d29d6fb", "nome": "Alexandre Santos Ferreira", "email": "alexandresf17@gmail.com", "setor_id": 10, "email_verified": true, "phone_verified": false}	\N	2026-02-26 14:34:15.752772+00	2026-03-02 18:07:49.306975+00	\N	\N			\N		0	\N		\N	f	\N	f
00000000-0000-0000-0000-000000000000	847b8b02-38ec-42fe-b412-a6787ad12e19	authenticated	authenticated	mhvmn71@gmail.com	$2a$10$NLWgvQz6Uuvtn4u9FbZTceXAa8.ahjSskDLLw6NpRFfO635KkXSTW	2026-02-26 17:18:10.493045+00	\N		\N		\N			\N	2026-03-02 12:42:36.299767+00	{"provider": "email", "providers": ["email"]}	{"sub": "847b8b02-38ec-42fe-b412-a6787ad12e19", "nome": "Monica Helena Vieira Marques Nascimento ", "email": "mhvmn71@gmail.com", "setor_id": 10, "email_verified": true, "phone_verified": false}	\N	2026-02-26 17:18:10.401044+00	2026-03-06 02:13:37.948955+00	\N	\N			\N		0	\N		\N	f	\N	f
00000000-0000-0000-0000-000000000000	af9735ec-c165-482f-bb57-dc1a1880258f	authenticated	authenticated	marceloabreu.ma@gmail.com	$2a$10$gyQB6NA1y.YhXZhrjRnUMuCe9k55pHRvE/R0VW/UhhTRfMcnDpYKG	2026-03-02 12:03:31.878896+00	\N		\N		\N			\N	2026-03-05 13:19:58.928293+00	{"provider": "email", "providers": ["email"]}	{"sub": "af9735ec-c165-482f-bb57-dc1a1880258f", "nome": "Marcelo Abreu", "email": "marceloabreu.ma@gmail.com", "setor_id": 5, "email_verified": true, "phone_verified": false}	\N	2026-03-02 12:03:31.811893+00	2026-03-05 16:16:41.906764+00	\N	\N			\N		0	\N		\N	f	\N	f
00000000-0000-0000-0000-000000000000	dfee39fc-f3af-451d-aaca-c163c06ac3d4	authenticated	authenticated	cestgen@gmail.com	$2a$10$O5liWIdjx8sSHSHbKXKRrORrewRIpxjGJEl0PeI/j4z95fPCI7byC	2026-03-04 16:28:31.893959+00	\N		\N		\N			\N	2026-03-04 16:28:31.911198+00	{"provider": "email", "providers": ["email"]}	{"sub": "dfee39fc-f3af-451d-aaca-c163c06ac3d4", "nome": "Giovanni Mouta Giglio", "email": "cestgen@gmail.com", "setor_id": 19, "email_verified": true, "phone_verified": false}	\N	2026-03-04 16:28:31.770687+00	2026-03-05 20:51:35.628767+00	\N	\N			\N		0	\N		\N	f	\N	f
00000000-0000-0000-0000-000000000000	2c73efef-8678-493d-b155-0d428f827190	authenticated	authenticated	crisrickkelmer@gmail.com	$2a$10$uBRanv8A1ps1OlNRI9NqfejETcNs/cCqDyDwXA0ABCSypDYs05/uO	2026-03-04 17:25:33.696687+00	\N		\N		\N			\N	2026-03-04 17:25:33.718898+00	{"provider": "email", "providers": ["email"]}	{"sub": "2c73efef-8678-493d-b155-0d428f827190", "nome": "Cristiane Kelmer Ribeiro ", "email": "crisrickkelmer@gmail.com", "setor_id": 19, "email_verified": true, "phone_verified": false}	\N	2026-03-04 17:25:33.590672+00	2026-03-04 17:25:33.761793+00	\N	\N			\N		0	\N		\N	f	\N	f
00000000-0000-0000-0000-000000000000	4f44c4c7-3985-409b-9907-b029fdcacd82	authenticated	authenticated	sulredec2@gmail.com	$2a$10$DrZCYb02gEAhDltXXadMWOeUx9s0SQeYscFjhdpbGa6dLOkuI2bEe	2026-03-03 18:32:00.483771+00	\N		\N		\N			\N	2026-03-03 18:32:00.500401+00	{"provider": "email", "providers": ["email"]}	{"sub": "4f44c4c7-3985-409b-9907-b029fdcacd82", "nome": "Lilian Ferreira Batista de Araujo", "email": "sulredec2@gmail.com", "setor_id": 19, "email_verified": true, "phone_verified": false}	\N	2026-03-03 18:32:00.386023+00	2026-03-03 18:32:00.53057+00	\N	\N			\N		0	\N		\N	f	\N	f
00000000-0000-0000-0000-000000000000	38880d1d-e19c-45c2-9a2a-888fd45608ab	authenticated	authenticated	albertomendoncamartins@gmail.com	$2a$10$zTttaFxFAUBYaY1Nwo9/guU2CNgHhkdD8rex52W/xAVPbWB7kvNH.	2026-03-04 13:18:09.368173+00	\N		\N		\N			\N	2026-03-04 13:18:09.3787+00	{"provider": "email", "providers": ["email"]}	{"sub": "38880d1d-e19c-45c2-9a2a-888fd45608ab", "nome": "Alberto Martins", "email": "albertomendoncamartins@gmail.com", "setor_id": 5, "email_verified": true, "phone_verified": false}	\N	2026-03-04 13:18:09.336294+00	2026-03-08 13:57:04.386109+00	\N	\N			\N		0	\N		\N	f	\N	f
00000000-0000-0000-0000-000000000000	3cb612a9-9a6f-4a3e-91c4-5e2249b4476d	authenticated	authenticated	fulano@gmail.com	$2a$10$YiWQDwjua.KWy.G9otljkuRVk2MsZ37sjUuNfc/2RPnGCtrJVzOiO	2026-03-20 10:53:28.345647+00	\N		\N		\N			\N	2026-03-20 11:10:14.590851+00	{"provider": "email", "providers": ["email"]}	{"nome": "maj fulano", "setor_id": 6}	\N	2026-03-20 10:53:28.345647+00	2026-03-20 11:10:32.280602+00	\N	\N			\N		0	\N		\N	f	\N	f
00000000-0000-0000-0000-000000000000	b0294a59-984f-43ca-ad6e-e1720e138bd7	authenticated	authenticated	teste@gmail.com	$2a$06$XfbwuI1NtkogyrpjPOrStOyKhYQQboDjtN.kK5uNnESMJ6MJb4BYG	2026-03-20 10:39:44.19565+00	\N		\N		\N			\N	\N	{"provider": "email", "providers": ["email"]}	{"nome": "Cap Teste", "setor_id": 30}	\N	2026-03-20 10:39:44.19565+00	2026-03-20 10:39:44.19565+00	\N	\N			\N		0	\N		\N	f	\N	f
00000000-0000-0000-0000-000000000000	9f582cd7-76bd-44b9-9413-b4fc790c2840	authenticated	authenticated	beltrano@gmail.com	$2a$10$5GGFxDwwahzhItE8JYk0U.0GCR4j2Z1u9toZGQ2u5PCzjC2RQTTt2	2026-03-20 10:54:03.665421+00	\N		\N		\N			\N	2026-03-20 11:10:50.765679+00	{"provider": "email", "providers": ["email"]}	{"nome": "cel beltrano", "setor_id": 11}	\N	2026-03-20 10:54:03.665421+00	2026-03-20 11:11:10.864653+00	\N	\N			\N		0	\N		\N	f	\N	f
00000000-0000-0000-0000-000000000000	9cd2431a-b178-49ba-8af0-12fa5b5463d7	authenticated	authenticated	ciclano@gmail.com	$2a$06$JIY2KtI0P6Wlr0OmJx7gfOvtIJcrA36fKP41xA0voLntnf.IZIcOS	2026-03-20 12:20:51.14847+00	\N		\N		\N			\N	\N	{"provider": "email", "providers": ["email"]}	{"nome": "Sd ciclano", "setor_id": 2}	\N	2026-03-20 12:20:51.14847+00	2026-03-20 12:20:51.14847+00	\N	\N			\N		0	\N		\N	f	\N	f
00000000-0000-0000-0000-000000000000	5f8c8df0-c481-4ab6-a36f-17b3d5d506eb	authenticated	authenticated	marciofmar@yahoo.com.br	$2a$10$/VrG4Q00bJnFeXHLfqFagOT/h9Czc04JkygIPxFlD74kmsvkqMY8S	2026-02-21 14:13:16.178869+00	\N		\N	pkce_0c77dfd8ce835e830b0723e425fd5e637a1f245341d6d1a7aff74cbb	2026-03-13 10:29:10.196327+00			\N	2026-03-20 13:57:01.357868+00	{"provider": "email", "providers": ["email"]}	{"sub": "5f8c8df0-c481-4ab6-a36f-17b3d5d506eb", "nome": "Wellington Silva", "email": "marciofmar@yahoo.com.br", "setor_id": 17, "email_verified": true, "phone_verified": false}	\N	2026-02-21 14:13:16.154428+00	2026-03-20 13:57:01.360593+00	\N	\N			\N		0	\N		\N	f	\N	f
00000000-0000-0000-0000-000000000000	7f3beced-ae42-4413-a8d7-a667b9b93cbf	authenticated	authenticated	maradei@cbmerj.rj.gov.br	$2a$10$uLrT0hcLkIrIxYVIPjfXguoqyRTpKL2MBGT1iJzg7rWpM8kwS0NpC	2026-03-13 10:28:22.483154+00	\N		\N		\N			\N	2026-03-20 15:54:10.983529+00	{"provider": "email", "providers": ["email"]}	{"sub": "7f3beced-ae42-4413-a8d7-a667b9b93cbf", "nome": "Zâ”œآ® das nabiâ”œآ؛as", "email": "maradei@cbmerj.rj.gov.br", "setor_id": 15, "email_verified": true, "phone_verified": false}	\N	2026-03-13 10:28:22.475139+00	2026-03-20 15:54:10.988114+00	\N	\N			\N		0	\N		\N	f	\N	f
00000000-0000-0000-0000-000000000000	d517f36c-2a4a-41c4-85e1-3db59c7ca101	authenticated	authenticated	marciofmar@gmail.com	$2a$10$I17rilvyCa2qPKdZuvVKwe9ji6ZxJF.tkFmv9XgoUzay8QLDQa3Y2	2026-02-21 13:21:09.485304+00	\N		2026-02-21 13:20:42.466943+00		\N			\N	2026-03-20 16:08:25.976539+00	{"provider": "email", "providers": ["email"]}	{"sub": "d517f36c-2a4a-41c4-85e1-3db59c7ca101", "nome": "Marcio Maradei", "email": "marciofmar@gmail.com", "setor_id": 17, "email_verified": true, "phone_verified": false}	\N	2026-02-21 13:18:02.80219+00	2026-03-20 17:12:31.619223+00	\N	\N			\N		0	\N		\N	f	\N	f
\.


--
-- Data for Name: identities; Type: TABLE DATA; Schema: auth; Owner: supabase_auth_admin
--

COPY auth.identities (provider_id, user_id, identity_data, provider, last_sign_in_at, created_at, updated_at, id) FROM stdin;
d517f36c-2a4a-41c4-85e1-3db59c7ca101	d517f36c-2a4a-41c4-85e1-3db59c7ca101	{"sub": "d517f36c-2a4a-41c4-85e1-3db59c7ca101", "nome": "Marcio Maradei", "email": "marciofmar@gmail.com", "setor_id": 17, "email_verified": true, "phone_verified": false}	email	2026-02-21 13:18:02.827851+00	2026-02-21 13:18:02.827901+00	2026-02-21 13:18:02.827901+00	dc559940-8977-4c98-b4db-cf4b38c66046
5f8c8df0-c481-4ab6-a36f-17b3d5d506eb	5f8c8df0-c481-4ab6-a36f-17b3d5d506eb	{"sub": "5f8c8df0-c481-4ab6-a36f-17b3d5d506eb", "nome": "Wellington Silva", "email": "marciofmar@yahoo.com.br", "setor_id": 17, "email_verified": false, "phone_verified": false}	email	2026-02-21 14:13:16.17606+00	2026-02-21 14:13:16.176114+00	2026-02-21 14:13:16.176114+00	a51edd38-596f-4483-a61b-2e7455cdf326
0177f995-2c8a-42cb-8cf6-46577fff1fde	0177f995-2c8a-42cb-8cf6-46577fff1fde	{"sub": "0177f995-2c8a-42cb-8cf6-46577fff1fde", "nome": "Marcio Neves", "email": "maradei.ictdec@gmail.com", "setor_id": 11, "email_verified": false, "phone_verified": false}	email	2026-02-21 14:16:37.808625+00	2026-02-21 14:16:37.80867+00	2026-02-21 14:16:37.80867+00	13c9579c-c5e9-446e-8121-c0087a65b82b
d52e2804-2387-4e16-8d62-fef509b99be0	d52e2804-2387-4e16-8d62-fef509b99be0	{"sub": "d52e2804-2387-4e16-8d62-fef509b99be0", "nome": "Manoel Dias", "email": "adribmelo@gmail.com", "setor_id": 23, "email_verified": false, "phone_verified": false}	email	2026-02-21 14:24:52.638204+00	2026-02-21 14:24:52.63825+00	2026-02-21 14:24:52.63825+00	cb16bc0b-f824-440c-93ff-9124d92ceceb
b0b5050c-6c87-4ee5-b7d9-215defb80465	b0b5050c-6c87-4ee5-b7d9-215defb80465	{"sub": "b0b5050c-6c87-4ee5-b7d9-215defb80465", "nome": "Karl", "email": "danielbmelomaradei@gmail.com", "setor_id": 24, "email_verified": false, "phone_verified": false}	email	2026-02-21 14:25:47.128993+00	2026-02-21 14:25:47.129035+00	2026-02-21 14:25:47.129035+00	98a957fb-73f6-47b0-a233-4a0a2d9ee728
2f7a9820-7347-4076-bd48-054a48c89b68	2f7a9820-7347-4076-bd48-054a48c89b68	{"sub": "2f7a9820-7347-4076-bd48-054a48c89b68", "nome": "GILVANE DOS SANTOS DIAS ", "email": "g.diasbm@gmail.com", "setor_id": 24, "email_verified": false, "phone_verified": false}	email	2026-02-24 14:01:59.030155+00	2026-02-24 14:01:59.030226+00	2026-02-24 14:01:59.030226+00	c46acfa9-03d9-4a26-8882-4c24bd4ff850
337a3418-1893-4cf8-8835-4c8a2acff5b7	337a3418-1893-4cf8-8835-4c8a2acff5b7	{"sub": "337a3418-1893-4cf8-8835-4c8a2acff5b7", "nome": "Rodrigo Karl Silva", "email": "rodrigokarlsilva@gmail.com", "setor_id": 24, "email_verified": false, "phone_verified": false}	email	2026-02-24 14:02:08.898822+00	2026-02-24 14:02:08.898883+00	2026-02-24 14:02:08.898883+00	56cbc292-d2dd-43d6-8f96-061fe796c62c
a492bdb6-c927-4363-b20f-ab30967a308d	a492bdb6-c927-4363-b20f-ab30967a308d	{"sub": "a492bdb6-c927-4363-b20f-ab30967a308d", "nome": "Fabiana da silva ventura", "email": "venturafabiana1981@gmail.com", "setor_id": 24, "email_verified": false, "phone_verified": false}	email	2026-02-24 14:02:25.758836+00	2026-02-24 14:02:25.758882+00	2026-02-24 14:02:25.758882+00	c87b0413-f0f2-4af8-beda-158993333959
601fdb5b-f5ca-425c-a242-faa1c4ede53f	601fdb5b-f5ca-425c-a242-faa1c4ede53f	{"sub": "601fdb5b-f5ca-425c-a242-faa1c4ede53f", "nome": "CEAMA", "email": "ceaacre.sedec@gmail.com", "setor_id": 2, "email_verified": false, "phone_verified": false}	email	2026-02-24 14:03:24.175258+00	2026-02-24 14:03:24.175304+00	2026-02-24 14:03:24.175304+00	9eccf754-e172-45cd-bc23-79806eff99e7
b5375011-d5d6-4368-ae70-d320b7786443	b5375011-d5d6-4368-ae70-d320b7786443	{"sub": "b5375011-d5d6-4368-ae70-d320b7786443", "nome": "Edmilson Menezes Nascimento ", "email": "edmilsonbombeiro.rj@gmail.com", "setor_id": 24, "email_verified": false, "phone_verified": false}	email	2026-02-24 14:03:35.828915+00	2026-02-24 14:03:35.82896+00	2026-02-24 14:03:35.82896+00	201cf714-c557-4056-8fff-7c390baaf24a
26bf03a0-c3ad-4652-85af-d11c3b385b7d	26bf03a0-c3ad-4652-85af-d11c3b385b7d	{"sub": "26bf03a0-c3ad-4652-85af-d11c3b385b7d", "nome": "Leonardo Viana Trancoso ", "email": "cprodecrj@gmail.com", "setor_id": 19, "email_verified": false, "phone_verified": false}	email	2026-02-24 14:03:44.098483+00	2026-02-24 14:03:44.09853+00	2026-02-24 14:03:44.09853+00	2f266fc7-94dd-4ed4-b57e-6a5242aacd8f
113e7c05-7496-4c7e-b090-a599abc8c568	113e7c05-7496-4c7e-b090-a599abc8c568	{"sub": "113e7c05-7496-4c7e-b090-a599abc8c568", "nome": "Aline Possa Silva Anjos", "email": "alinepossa83@gamil.com", "setor_id": 19, "email_verified": false, "phone_verified": false}	email	2026-02-24 14:04:09.619685+00	2026-02-24 14:04:09.619761+00	2026-02-24 14:04:09.619761+00	417f6cfd-1f79-445f-9918-4fcaf505ea4f
956aef59-7d87-4f30-827a-acee87bffee6	956aef59-7d87-4f30-827a-acee87bffee6	{"sub": "956aef59-7d87-4f30-827a-acee87bffee6", "nome": "Ana claudia lago martinez gerhard", "email": "majanamartinez@gmail.com", "setor_id": 15, "email_verified": false, "phone_verified": false}	email	2026-02-24 14:08:13.538936+00	2026-02-24 14:08:13.538979+00	2026-02-24 14:08:13.538979+00	fe097844-bdd9-4e58-92a9-55560dbe4e8a
38bbfcef-f951-49a9-9ba3-48f007f4606e	38bbfcef-f951-49a9-9ba3-48f007f4606e	{"sub": "38bbfcef-f951-49a9-9ba3-48f007f4606e", "nome": "Felipe Oliveira", "email": "felipeoliveira.0954@gmail.com", "setor_id": 24, "email_verified": false, "phone_verified": false}	email	2026-02-24 17:03:37.901948+00	2026-02-24 17:03:37.903827+00	2026-02-24 17:03:37.903827+00	55bba316-0a2f-4a48-81c7-6437a29f3c6c
a9391f44-b141-4646-8042-fd59d5b034a3	a9391f44-b141-4646-8042-fd59d5b034a3	{"sub": "a9391f44-b141-4646-8042-fd59d5b034a3", "nome": "Andressa Marques da Silva", "email": "andressamarques.cbmerj@gmail.com", "setor_id": 3, "email_verified": false, "phone_verified": false}	email	2026-02-24 18:39:51.806877+00	2026-02-24 18:39:51.806934+00	2026-02-24 18:39:51.806934+00	516b4885-e375-46dd-9840-cd6966741810
07e45e40-f83d-4896-bf79-b2ff3c84554c	07e45e40-f83d-4896-bf79-b2ff3c84554c	{"sub": "07e45e40-f83d-4896-bf79-b2ff3c84554c", "nome": "Matheus Couto da Costa", "email": "matheuscouto88@gmail.com", "setor_id": 3, "email_verified": false, "phone_verified": false}	email	2026-02-24 18:40:01.383608+00	2026-02-24 18:40:01.383657+00	2026-02-24 18:40:01.383657+00	3e3fee4f-a499-47dd-9211-78d455dd470e
9cd6d711-15ee-4045-b362-8b97028d1492	9cd6d711-15ee-4045-b362-8b97028d1492	{"sub": "9cd6d711-15ee-4045-b362-8b97028d1492", "nome": "IVo", "email": "eng.ivodejesus@gmail.com", "setor_id": 10, "email_verified": false, "phone_verified": false}	email	2026-02-24 18:40:24.489352+00	2026-02-24 18:40:24.489414+00	2026-02-24 18:40:24.489414+00	f0c0abf1-e89a-490a-a17a-38b0e83b09b3
38b8e489-e928-4877-88e0-1bef403918b8	38b8e489-e928-4877-88e0-1bef403918b8	{"sub": "38b8e489-e928-4877-88e0-1bef403918b8", "nome": "Adriana Aparecida Bianchi ", "email": "dribianchi@gmail.com", "setor_id": 24, "email_verified": false, "phone_verified": false}	email	2026-02-24 20:11:23.195259+00	2026-02-24 20:11:23.19583+00	2026-02-24 20:11:23.19583+00	29cda2f8-83f9-458f-aa1b-ed129f5f1256
89840d8b-8841-4059-8e69-582d165fc76c	89840d8b-8841-4059-8e69-582d165fc76c	{"sub": "89840d8b-8841-4059-8e69-582d165fc76c", "nome": "Claudinei Fontes Ciscotto", "email": "clauciscotto@defesacivil.gov.br", "setor_id": 10, "email_verified": false, "phone_verified": false}	email	2026-02-24 20:57:48.797417+00	2026-02-24 20:57:48.798036+00	2026-02-24 20:57:48.798036+00	a8397b21-8833-4376-a1e7-0843739b6e87
a2deaf01-248e-479a-9302-5ef54cf14906	a2deaf01-248e-479a-9302-5ef54cf14906	{"sub": "a2deaf01-248e-479a-9302-5ef54cf14906", "nome": "Cristiane da Costa Lopes Roma", "email": "servicosocialdgac@gmail.com", "setor_id": 10, "email_verified": false, "phone_verified": false}	email	2026-02-25 12:11:36.362078+00	2026-02-25 12:11:36.36275+00	2026-02-25 12:11:36.36275+00	f429158d-4105-4b70-b1a2-5139aef1e46e
f63029cb-dd03-4e3b-b466-913b0a15e8bf	f63029cb-dd03-4e3b-b466-913b0a15e8bf	{"sub": "f63029cb-dd03-4e3b-b466-913b0a15e8bf", "nome": "Bryan de Oliveira Gusmأ”أ¶آ£â”œâ•‘o", "email": "bryango@outlook.com", "setor_id": 11, "email_verified": false, "phone_verified": false}	email	2026-02-25 14:30:11.218974+00	2026-02-25 14:30:11.219033+00	2026-02-25 14:30:11.219033+00	422ce237-8d41-4c27-b0fa-58e7af78677a
61939222-c77c-4a49-b94a-83f1611c575f	61939222-c77c-4a49-b94a-83f1611c575f	{"sub": "61939222-c77c-4a49-b94a-83f1611c575f", "nome": "Jأ”أ¶آ£أ”أ¶أ±natas Teixeira Braga Duarte ", "email": "jbduartevig92@gmail.com", "setor_id": 11, "email_verified": false, "phone_verified": false}	email	2026-02-25 14:30:20.48446+00	2026-02-25 14:30:20.484501+00	2026-02-25 14:30:20.484501+00	a48b42a7-4847-47eb-bed9-f7e6223363ea
279f4e07-1fb4-467d-bccd-3f5bd55835c4	279f4e07-1fb4-467d-bccd-3f5bd55835c4	{"sub": "279f4e07-1fb4-467d-bccd-3f5bd55835c4", "nome": "Claudio Moreira da Silva ", "email": "moreirasilva43@gmail.com", "setor_id": 11, "email_verified": false, "phone_verified": false}	email	2026-02-25 14:30:24.049961+00	2026-02-25 14:30:24.050003+00	2026-02-25 14:30:24.050003+00	6775c8e6-e8ea-4583-be4c-9b87f254add6
679e2b0f-5949-4ac4-8e53-21538c1fa799	679e2b0f-5949-4ac4-8e53-21538c1fa799	{"sub": "679e2b0f-5949-4ac4-8e53-21538c1fa799", "nome": "Flavia Maria Silva de Medeiros", "email": "flaviamsmedeiros@gmail.com", "setor_id": 10, "email_verified": false, "phone_verified": false}	email	2026-02-25 15:27:31.866032+00	2026-02-25 15:27:31.866082+00	2026-02-25 15:27:31.866082+00	6a9253fb-1478-47e5-b86c-202a6e0020dd
9109768f-dfed-4b95-9fe8-32308b049436	9109768f-dfed-4b95-9fe8-32308b049436	{"sub": "9109768f-dfed-4b95-9fe8-32308b049436", "nome": "Gabriel Heraldo Rodrigues Do Nascimento", "email": "gabriel.heraldo@hotmail.com", "setor_id": 11, "email_verified": false, "phone_verified": false}	email	2026-02-25 17:53:32.391055+00	2026-02-25 17:53:32.391106+00	2026-02-25 17:53:32.391106+00	0217cf22-d96d-40f7-96f0-bfec09b1181a
f7257308-2edb-464d-b717-e6f4d21cfc60	f7257308-2edb-464d-b717-e6f4d21cfc60	{"sub": "f7257308-2edb-464d-b717-e6f4d21cfc60", "nome": "Tunay Ramon Araujo Kitazawa ", "email": "tunay_kitazawa@hotmail.com", "setor_id": 20, "email_verified": false, "phone_verified": false}	email	2026-02-25 19:03:47.497312+00	2026-02-25 19:03:47.497378+00	2026-02-25 19:03:47.497378+00	a333deea-1162-4481-98f6-a472dc68fbc6
ec94f6cd-12de-4067-b5a5-535a5735d5b5	ec94f6cd-12de-4067-b5a5-535a5735d5b5	{"sub": "ec94f6cd-12de-4067-b5a5-535a5735d5b5", "nome": "Mirela Carneiro dos Santos Reis", "email": "mirelacsreis@gmail.com", "setor_id": 20, "email_verified": false, "phone_verified": false}	email	2026-02-25 19:22:38.223046+00	2026-02-25 19:22:38.223107+00	2026-02-25 19:22:38.223107+00	11ded4fe-0ed8-4755-a9e0-62d6f76eb2e5
afb3add1-c29a-4007-b0c2-9ee90c579b9b	afb3add1-c29a-4007-b0c2-9ee90c579b9b	{"sub": "afb3add1-c29a-4007-b0c2-9ee90c579b9b", "nome": "carla da silva prado cecchi de azevedo", "email": "carla.sprado@gmail.com", "setor_id": 20, "email_verified": false, "phone_verified": false}	email	2026-02-25 19:23:05.741772+00	2026-02-25 19:23:05.741823+00	2026-02-25 19:23:05.741823+00	f48f0374-2f37-4a8a-a6a7-fd511c5b7394
7bc36f9c-68fd-404f-8fa9-54d1ff00355d	7bc36f9c-68fd-404f-8fa9-54d1ff00355d	{"sub": "7bc36f9c-68fd-404f-8fa9-54d1ff00355d", "nome": "fabio guedes de jesus", "email": "fguedes04@gmail.com", "setor_id": 10, "email_verified": false, "phone_verified": false}	email	2026-02-26 14:24:20.70547+00	2026-02-26 14:24:20.705521+00	2026-02-26 14:24:20.705521+00	daac310f-3c35-479f-868e-0969cf53326b
b5f47fa0-4bc8-49fa-bbd2-50f99d29d6fb	b5f47fa0-4bc8-49fa-bbd2-50f99d29d6fb	{"sub": "b5f47fa0-4bc8-49fa-bbd2-50f99d29d6fb", "nome": "Alexandre Santos Ferreira", "email": "alexandresf17@gmail.com", "setor_id": 10, "email_verified": false, "phone_verified": false}	email	2026-02-26 14:34:15.791964+00	2026-02-26 14:34:15.792017+00	2026-02-26 14:34:15.792017+00	7673dc88-59f4-43ff-aef6-f161205c9523
847b8b02-38ec-42fe-b412-a6787ad12e19	847b8b02-38ec-42fe-b412-a6787ad12e19	{"sub": "847b8b02-38ec-42fe-b412-a6787ad12e19", "nome": "Monica Helena Vieira Marques Nascimento ", "email": "mhvmn71@gmail.com", "setor_id": 10, "email_verified": false, "phone_verified": false}	email	2026-02-26 17:18:10.478102+00	2026-02-26 17:18:10.47815+00	2026-02-26 17:18:10.47815+00	bdfb85a7-17b3-4ee7-9f51-f3df969878eb
3d906d79-dbb0-401d-95e3-f5f075638f3b	3d906d79-dbb0-401d-95e3-f5f075638f3b	{"sub": "3d906d79-dbb0-401d-95e3-f5f075638f3b", "nome": "Talita de Souza Veloso Santos", "email": "velosostalita@gmail.com", "setor_id": 10, "email_verified": false, "phone_verified": false}	email	2026-02-27 12:36:23.347398+00	2026-02-27 12:36:23.347455+00	2026-02-27 12:36:23.347455+00	afedeebd-260e-45a5-8d2f-c65cffcac421
afeed092-a24e-4300-95fb-d02b78c88cad	afeed092-a24e-4300-95fb-d02b78c88cad	{"sub": "afeed092-a24e-4300-95fb-d02b78c88cad", "nome": "FRANCISCO ALBERTO MOREIRA DA SILVA", "email": "moreirambm@hotmail.com", "setor_id": 12, "email_verified": false, "phone_verified": false}	email	2026-03-02 10:51:04.405543+00	2026-03-02 10:51:04.405596+00	2026-03-02 10:51:04.405596+00	2afb633b-5137-4e52-ab9c-ff8c97424de9
af9735ec-c165-482f-bb57-dc1a1880258f	af9735ec-c165-482f-bb57-dc1a1880258f	{"sub": "af9735ec-c165-482f-bb57-dc1a1880258f", "nome": "Marcelo Abreu", "email": "marceloabreu.ma@gmail.com", "setor_id": 5, "email_verified": false, "phone_verified": false}	email	2026-03-02 12:03:31.869197+00	2026-03-02 12:03:31.869246+00	2026-03-02 12:03:31.869246+00	675c45cf-a8e2-4a15-98c0-771aadfcf58a
4f44c4c7-3985-409b-9907-b029fdcacd82	4f44c4c7-3985-409b-9907-b029fdcacd82	{"sub": "4f44c4c7-3985-409b-9907-b029fdcacd82", "nome": "Lilian Ferreira Batista de Araujo", "email": "sulredec2@gmail.com", "setor_id": 19, "email_verified": false, "phone_verified": false}	email	2026-03-03 18:32:00.463431+00	2026-03-03 18:32:00.463489+00	2026-03-03 18:32:00.463489+00	c4b349f6-fed2-4a40-8650-b4ec7e43c34c
38880d1d-e19c-45c2-9a2a-888fd45608ab	38880d1d-e19c-45c2-9a2a-888fd45608ab	{"sub": "38880d1d-e19c-45c2-9a2a-888fd45608ab", "nome": "Alberto Martins", "email": "albertomendoncamartins@gmail.com", "setor_id": 5, "email_verified": false, "phone_verified": false}	email	2026-03-04 13:18:09.362886+00	2026-03-04 13:18:09.362934+00	2026-03-04 13:18:09.362934+00	6d06dc9b-437b-458b-b1e9-b90bfac5d74e
dfee39fc-f3af-451d-aaca-c163c06ac3d4	dfee39fc-f3af-451d-aaca-c163c06ac3d4	{"sub": "dfee39fc-f3af-451d-aaca-c163c06ac3d4", "nome": "Giovanni Mouta Giglio", "email": "cestgen@gmail.com", "setor_id": 19, "email_verified": false, "phone_verified": false}	email	2026-03-04 16:28:31.872505+00	2026-03-04 16:28:31.87311+00	2026-03-04 16:28:31.87311+00	22a54204-d115-48e9-a2b7-a06c078bbb49
2c73efef-8678-493d-b155-0d428f827190	2c73efef-8678-493d-b155-0d428f827190	{"sub": "2c73efef-8678-493d-b155-0d428f827190", "nome": "Cristiane Kelmer Ribeiro ", "email": "crisrickkelmer@gmail.com", "setor_id": 19, "email_verified": false, "phone_verified": false}	email	2026-03-04 17:25:33.679192+00	2026-03-04 17:25:33.679249+00	2026-03-04 17:25:33.679249+00	188f1914-946d-4e3f-8745-3b20cbcef9a4
7f3beced-ae42-4413-a8d7-a667b9b93cbf	7f3beced-ae42-4413-a8d7-a667b9b93cbf	{"sub": "7f3beced-ae42-4413-a8d7-a667b9b93cbf", "nome": "Zâ”œآ® das nabiâ”œآ؛as", "email": "maradei@cbmerj.rj.gov.br", "setor_id": 15, "email_verified": false, "phone_verified": false}	email	2026-03-13 10:28:22.479962+00	2026-03-13 10:28:22.48012+00	2026-03-13 10:28:22.48012+00	2af0dce5-8adf-4ad5-8040-f5a5466e3cca
b0294a59-984f-43ca-ad6e-e1720e138bd7	b0294a59-984f-43ca-ad6e-e1720e138bd7	{"sub": "b0294a59-984f-43ca-ad6e-e1720e138bd7", "email": "teste@gmail.com"}	email	2026-03-20 10:39:44.210419+00	2026-03-20 10:39:44.210419+00	2026-03-20 10:39:44.210419+00	bdf19d37-2387-4f61-bbd6-741cf83999cf
3cb612a9-9a6f-4a3e-91c4-5e2249b4476d	3cb612a9-9a6f-4a3e-91c4-5e2249b4476d	{"sub": "3cb612a9-9a6f-4a3e-91c4-5e2249b4476d", "email": "fulano@gmail.com"}	email	2026-03-20 10:53:28.368596+00	2026-03-20 10:53:28.368596+00	2026-03-20 10:53:28.368596+00	929c199c-4bbe-496d-8e7e-3ce10bd4f4ad
9f582cd7-76bd-44b9-9413-b4fc790c2840	9f582cd7-76bd-44b9-9413-b4fc790c2840	{"sub": "9f582cd7-76bd-44b9-9413-b4fc790c2840", "email": "beltrano@gmail.com"}	email	2026-03-20 10:54:03.678961+00	2026-03-20 10:54:03.678961+00	2026-03-20 10:54:03.678961+00	8653c758-bb48-4d19-890b-61b015cb76a7
9cd2431a-b178-49ba-8af0-12fa5b5463d7	9cd2431a-b178-49ba-8af0-12fa5b5463d7	{"sub": "9cd2431a-b178-49ba-8af0-12fa5b5463d7", "email": "ciclano@gmail.com"}	email	2026-03-20 12:20:51.174723+00	2026-03-20 12:20:51.174723+00	2026-03-20 12:20:51.174723+00	6a2fab0a-60c1-4e51-bf9b-2ded5b6daaf6
\.


--
-- Data for Name: instances; Type: TABLE DATA; Schema: auth; Owner: supabase_auth_admin
--

COPY auth.instances (id, uuid, raw_base_config, created_at, updated_at) FROM stdin;
\.


--
-- Data for Name: oauth_clients; Type: TABLE DATA; Schema: auth; Owner: supabase_auth_admin
--

COPY auth.oauth_clients (id, client_secret_hash, registration_type, redirect_uris, grant_types, client_name, client_uri, logo_uri, created_at, updated_at, deleted_at, client_type, token_endpoint_auth_method) FROM stdin;
\.


--
-- Data for Name: oauth_authorizations; Type: TABLE DATA; Schema: auth; Owner: supabase_auth_admin
--

COPY auth.oauth_authorizations (id, authorization_id, client_id, user_id, redirect_uri, scope, state, resource, code_challenge, code_challenge_method, response_type, status, authorization_code, created_at, expires_at, approved_at, nonce) FROM stdin;
\.


--
-- Data for Name: oauth_client_states; Type: TABLE DATA; Schema: auth; Owner: supabase_auth_admin
--

COPY auth.oauth_client_states (id, provider_type, code_verifier, created_at) FROM stdin;
\.


--
-- Data for Name: oauth_consents; Type: TABLE DATA; Schema: auth; Owner: supabase_auth_admin
--

COPY auth.oauth_consents (id, user_id, client_id, scopes, granted_at, revoked_at) FROM stdin;
\.


--
-- Data for Name: webauthn_challenges; Type: TABLE DATA; Schema: auth; Owner: supabase_auth_admin
--

COPY auth.webauthn_challenges (id, user_id, challenge_type, session_data, created_at, expires_at) FROM stdin;
\.


--
-- Data for Name: webauthn_credentials; Type: TABLE DATA; Schema: auth; Owner: supabase_auth_admin
--

COPY auth.webauthn_credentials (id, user_id, credential_id, public_key, attestation_type, aaguid, sign_count, transports, backup_eligible, backed_up, friendly_name, created_at, updated_at, last_used_at) FROM stdin;
\.


--
-- Data for Name: eixos_prioritarios; Type: TABLE DATA; Schema: public; Owner: postgres
--

COPY public.eixos_prioritarios (id, codigo, nome, created_at) FROM stdin;
1	EIXO_5	EIXO 5: Participaâ”œآ؛â”œأ؛o social: fortalecimento da percepâ”œآ؛â”œأ؛o de risco e de	2026-02-21 12:04:07.059601+00
2	EIXO_2	EIXO 2: Viabilizaâ”œآ؛â”œأ؛o Operacional de Fontes de Recursos e Governanâ”œآ؛a de	2026-02-21 12:04:07.059601+00
3	EIXO_1	EIXO 1: Modernizaâ”œآ؛â”œأ؛o Institucional e Excelâ”œآ¬ncia em Governanâ”œآ؛a	2026-02-21 12:04:07.059601+00
4	EIXO_3	EIXO 3: Fortalecimento da Articulaâ”œآ؛â”œأ؛o e Efetividade do SIEPDEC	2026-02-21 12:04:07.059601+00
5	EIXO_4	EIXO 4: Fomento â”œأ، Resiliâ”œآ¬ncia e Capacidade Tâ”œآ®cnica Municipal e	2026-02-21 12:04:07.059601+00
\.


--
-- Data for Name: objetivos_estrategicos; Type: TABLE DATA; Schema: public; Owner: postgres
--

COPY public.objetivos_estrategicos (id, codigo, nome, created_at) FROM stdin;
1	OE1	OE 1 أ”أ‡أ¶ Assegurar sustentabilidade financeira e otimizar a aplicaâ”œآ؛â”œأ؛o dos recursos	2026-02-21 12:04:07.059601+00
2	OE10	OE 10 أ”أ‡أ¶ Promover e apoiar a preparaâ”œآ؛â”œأ؛o e a conscientizaâ”œآ؛â”œأ؛o comunitâ”œأ­ria	2026-02-21 12:04:07.059601+00
3	OE2	OE 2 أ”أ‡أ¶ Aprimorar a governanâ”œآ؛a e a gestâ”œأ؛o	2026-02-21 12:04:07.059601+00
4	OE3	OE 3 أ”أ‡أ¶ Desenvolver o efetivo	2026-02-21 12:04:07.059601+00
5	OE4	OE 4 أ”أ‡أ¶ Promover melhorias de infraestrutura e da rede de serviâ”œآ؛os contratados	2026-02-21 12:04:07.059601+00
6	OE6	OE 6 أ”أ‡أ¶ Promover a inovaâ”œآ؛â”œأ؛o e a produâ”œآ؛â”œأ؛o de conhecimento e produtos em proteâ”œآ؛â”œأ؛o e defesa civil	2026-02-21 12:04:07.059601+00
7	OE7	OE 7 أ”أ‡أ¶ Aprimorar arcabouâ”œآ؛o normativo em proteâ”œآ؛â”œأ؛o e defesa civil	2026-02-21 12:04:07.059601+00
8	OE8	OE 8 أ”أ‡أ¶ Aprimorar os serviâ”œآ؛os de apoio direto aos municâ”œآ،pios	2026-02-21 12:04:07.059601+00
9	OE9	OE 9 أ”أ‡أ¶ Promover a reduâ”œآ؛â”œأ؛o de riscos de desastres no Estado do RJ, com â”œآ¬nfase no apoio e estâ”œآ،mulo de polâ”œآ،ticas pâ”œâ•‘blicas municipais integradas e transversais	2026-02-21 12:04:07.059601+00
\.


--
-- Data for Name: estrategias; Type: TABLE DATA; Schema: public; Owner: postgres
--

COPY public.estrategias (id, codigo, nome, objetivo_estrategico_id, created_at) FROM stdin;
1	E1.1	E1.1 أ”أ‡أ¶ Aprimoramento da construâ”œآ؛â”œأ؛o do orâ”œآ؛amento anual, ampliaâ”œآ؛â”œأ؛o das fontes de recursos e criaâ”œآ؛â”œأ؛o de receitas	1	2026-02-21 12:04:07.059601+00
2	E10.1	E10.1 أ”أ‡أ¶ Apoio â”œأ، promoâ”œآ؛â”œأ؛o da percepâ”œآ؛â”œأ؛o de riscos nas comunidades e do aumento da conscientizaâ”œآ؛â”œأ؛o quanto aos comportamentos positivos em PDC	2	2026-02-21 12:04:07.059601+00
3	E2.1	E2.1 أ”أ‡أ¶ Aprimoramento da governanâ”œآ؛a e gestâ”œأ؛o	3	2026-02-21 12:04:07.059601+00
4	E3.1	E3.1 أ”أ‡أ¶ Desenvolvimento e adequaâ”œآ؛â”œأ؛o do efetivo	4	2026-02-21 12:04:07.059601+00
5	E4.1	E4.1 أ”أ‡أ¶ Otimizaâ”œآ؛â”œأ؛o e desenvolvimento da infraestrutura e dos sistemas prediais	5	2026-02-21 12:04:07.059601+00
6	E4.3	E4.3 أ”أ‡أ¶ Otimizaâ”œآ؛â”œأ؛o e desenvolvimento dos sistemas tecnolâ”œâ”‚gicos	5	2026-02-21 12:04:07.059601+00
7	E4.4	E4.4 أ”أ‡أ¶ Aprimoramento da rede de serviâ”œآ؛os contratados	5	2026-02-21 12:04:07.059601+00
8	E6.1	E6.1 أ”أ‡أ¶ Estruturaâ”œآ؛â”œأ؛o da atividade de ciâ”œآ¬ncia e tecnologia (Relacionamento)	6	2026-02-21 12:04:07.059601+00
9	E6.2	E6.2 أ”أ‡أ¶ Promoâ”œآ؛â”œأ؛o da Inovaâ”œآ؛â”œأ؛o	6	2026-02-21 12:04:07.059601+00
10	E6.3	E6.3 أ”أ‡أ¶ Fomento da Produâ”œآ؛â”œأ؛o de Conhecimento	6	2026-02-21 12:04:07.059601+00
11	E6.4	E6.4 أ”أ‡أ¶ Aplicaâ”œآ؛â”œأ؛o dos Conhecimentos Produzidos	6	2026-02-21 12:04:07.059601+00
12	E6.5	E6.5 أ”أ‡أ¶ Aprimoramento da Gestâ”œأ؛o da Informaâ”œآ؛â”œأ؛o	6	2026-02-21 12:04:07.059601+00
13	E7.1	E7.1 أ”أ‡أ¶ Aprimoramento de normas legais e infralegais	7	2026-02-21 12:04:07.059601+00
14	E8.1	E8.1 أ”أ‡أ¶ Aprimoramento dos serviâ”œآ؛os de prevenâ”œآ؛â”œأ؛o e mitigaâ”œآ؛â”œأ؛o	8	2026-02-21 12:04:07.059601+00
15	E8.2	E8.2 أ”أ‡أ¶ Aprimoramento dos serviâ”œآ؛os de preparaâ”œآ؛â”œأ؛o e resposta	8	2026-02-21 12:04:07.059601+00
16	E8.3	E8.3 أ”أ‡أ¶ Aprimoramento dos serviâ”œآ؛os de recuperaâ”œآ؛â”œأ؛o	8	2026-02-21 12:04:07.059601+00
17	E9.2	E9.2 أ”أ‡أ¶ Incentivar o desenvolvimento de polâ”œآ،ticas pâ”œâ•‘blicas transversais e integradas	9	2026-02-21 12:04:07.059601+00
\.


--
-- Data for Name: acoes_estrategicas; Type: TABLE DATA; Schema: public; Owner: postgres
--

COPY public.acoes_estrategicas (id, numero, nome, eixo_prioritario_id, objetivo_estrategico_id, estrategia_id, acoes_conectadas, descricao_oficial_completa, descricao_o_que, descricao_para_que, ancoragem, nota_arranjo_institucional, versao, data_elaboracao, elaboracao, proxima_fase, created_at, updated_at) FROM stdin;
1	10.1.2	Desenvolver portfâ”œâ”‚lio de projetos comunitâ”œأ­rios em PDC para adesâ”œأ؛o municipal	1	2	2	AE 10.1.1 (Material audiovisual de percepâ”œآ؛â”œأ؛o de risco) | AE 10.1.3 (Orientaâ”œآ؛â”œأ؛o tâ”œآ®cnica aos municâ”œآ،pios) | AE 8.1.5 (Colaboraâ”œآ؛â”œأ؛o em prevenâ”œآ؛â”œأ؛o/mitigaâ”œآ؛â”œأ؛o)	Modelagem de soluâ”œآ؛â”œأپes, materiais de apoio e metodologias de proteâ”œآ؛â”œأ؛o comunitâ”œأ­ria replicâ”œأ­veis (O QUâ”œأ¨), visando fomentar e facilitar a implementaâ”œآ؛â”œأ؛o de polâ”œآ،ticas locais de percepâ”œآ؛â”œأ؛o de risco de desastres nos municâ”œآ،pios integrantes do SIEPDEC-RJ. (PARA QUâ”œأ¨).	Modelagem de soluâ”œآ؛â”œأپes, materiais de apoio e metodologias de proteâ”œآ؛â”œأ؛o comunitâ”œأ­ria replicâ”œأ­veis.	Fomentar e facilitar a implementaâ”œآ؛â”œأ؛o de polâ”œآ،ticas locais de percepâ”œآ؛â”œأ؛o de risco de desastres nos municâ”œآ،pios integrantes do SIEPDEC-RJ.	A percepâ”œآ؛â”œأ؛o de risco e a conscientizaâ”œآ؛â”œأ؛o comunitâ”œأ­ria sâ”œأ؛o competâ”œآ¬ncias municipais que dependem de capacidade tâ”œآ®cnica local. Muitos municâ”œآ،pios nâ”œأ؛o dispâ”œأپem de metodologias, modelos ou referâ”œآ¬ncias para implementar projetos de proteâ”œآ؛â”œأ؛o comunitâ”œأ­ria. O Plano Estratâ”œآ®gico 2024أ”أ‡أ´2035 posiciona esta aâ”œآ؛â”œأ؛o na Estratâ”œآ®gia E10.1, com foco na modelagem de soluâ”œآ؛â”œأپes, materiais de apoio e metodologias de proteâ”œآ؛â”œأ؛o comunitâ”œأ­ria replicâ”œأ­veis. As iniciativas indicadas sâ”œأ؛o colher melhores prâ”œأ­ticas de projetos com os municâ”œآ،pios e disponibilizar o portfâ”œâ”‚lio para adesâ”œأ؛o.	\N	1.0	2026-02-18	ICTDEC/DAEAD	Fase 2 أ”أ‡أ¶ Desdobramento Orientado (definiâ”œآ؛â”œأ؛o de entregas por setor)	2026-02-21 12:05:31.311365+00	2026-02-21 12:05:31.311365+00
2	1.1.3	Buscar novas fontes de recursos e criar receitas	2	1	1	AE 1.1.1 (Otimizar estrutura orâ”œآ؛amentâ”œأ­ria) | AE 1.1.2 (Redimensionar orâ”œآ؛amento) | AE 1.1.4 (Potencializar receitas existentes) | AE 2.1.2 (Gestâ”œأ؛o de projetos) | AE 2.1.3 (Instrumentos institucionais) | AE 7.1.2 (Atuaâ”œآ؛â”œأ؛o parlamentar)	Estruturaâ”œآ؛â”œأ؛o para prospecâ”œآ؛â”œأ؛o de editais, operacionalizaâ”œآ؛â”œأ؛o e otimizaâ”œآ؛â”œأ؛o de fundo estadual de defesa civil, aproveitamento de fundos nacionais/estaduais/internacionais e parcerias pâ”œâ•‘blico-privadas (O QUâ”œأ¨), visando diversificar a matriz de financiamento da Defesa Civil e reduzir a dependâ”œآ¬ncia exclusiva do tesouro estadual para investimentos (PARA QUâ”œأ¨).	Estruturaâ”œآ؛â”œأ؛o para prospecâ”œآ؛â”œأ؛o de editais, operacionalizaâ”œآ؛â”œأ؛o e otimizaâ”œآ؛â”œأ؛o de fundo estadual de defesa civil, aproveitamento de fundos nacionais/estaduais/internacionais e parcerias pâ”œâ•‘blico-privadas.	Diversificar a matriz de financiamento da Defesa Civil e reduzir a dependâ”œآ¬ncia exclusiva do tesouro estadual para investimentos.	Esta aâ”œآ؛â”œأ؛o encontra fundamento na Lei Federal nâ”¬â•‘ 12.608/2012, que institui a Polâ”œآ،tica Nacional de Proteâ”œآ؛â”œأ؛o e Defesa Civil e prevâ”œآ¬ a articulaâ”œآ؛â”œأ؛o entre os entes federados para captaâ”œآ؛â”œأ؛o e aplicaâ”œآ؛â”œأ؛o de recursos. No â”œأ³mbito estadual, a PEPDEC (Decreto nâ”¬â•‘ 46.935/2020) estabelece, em seu Art. 4â”¬â•‘, inciso XVII, o objetivo de أ”أ‡آ£estimular o investimento econâ”œâ”¤mico que viabilize polâ”œآ،ticas pâ”œâ•‘blicas integradas â”œأ، proteâ”œآ؛â”œأ؛o e defesa civilأ”أ‡أک. O Plano Estratâ”œآ®gico 2024أ”أ‡أ´2035 posiciona esta aâ”œآ؛â”œأ؛o dentro da Estratâ”œآ®gia E1.1, cuja premissa â”œآ® que a Secretaria nâ”œأ؛o pode depender exclusivamente do Tesouro Estadual para financiar seus investimentos.	\N	1.0	2026-02-14	ICTDEC/DAEAD	Fase 2 أ”أ‡أ¶ Desdobramento Orientado (definiâ”œآ؛â”œأ؛o de entregas por setor)	2026-02-21 12:05:31.311365+00	2026-02-21 12:05:31.311365+00
3	2.1.1	Institucionalizar a gestâ”œأ؛o estratâ”œآ®gica	3	3	3	AE 2.1.2 (Gestâ”œأ؛o de projetos) | AE 2.1.3 (Instrumentos institucionais) | AE 2.1.4 (Cultura organizacional) | AE 2.1.6 (Gestâ”œأ؛o de processos) | AE 2.1.7 (Gestâ”œأ؛o por competâ”œآ¬ncias) | AE 2.1.8 (Diagnâ”œâ”‚stico do SIEPDEC)	Implementaâ”œآ؛â”œأ؛o de rotinas de monitoramento de desempenho e anâ”œأ­lise crâ”œآ،tica de indicadores (O QUâ”œأ¨), visando assegurar o alinhamento contâ”œآ،nuo da execuâ”œآ؛â”œأ؛o orâ”œآ؛amentâ”œأ­ria e operacional â”œأ،s diretrizes de longo prazo estabelecidas no Plano Estratâ”œآ®gico (PARA QUâ”œأ¨).	Implementaâ”œآ؛â”œأ؛o de rotinas de monitoramento de desempenho e anâ”œأ­lise crâ”œآ،tica de indicadores.	Assegurar o alinhamento contâ”œآ،nuo da execuâ”œآ؛â”œأ؛o orâ”œآ؛amentâ”œأ­ria e operacional â”œأ،s diretrizes de longo prazo estabelecidas no Plano Estratâ”œآ®gico.	A institucionalizaâ”œآ؛â”œأ؛o da gestâ”œأ؛o estratâ”œآ®gica constitui o alicerce sobre o qual todas as demais aâ”œآ؛â”œأپes do Plano Estratâ”œآ®gico 2024أ”أ‡أ´2035 se sustentam. A Lei Federal nâ”¬â•‘ 12.608/2012 fundamenta a necessidade de planejamento contâ”œآ،nuo em proteâ”œآ؛â”œأ؛o e defesa civil. A PEPDEC (Decreto nâ”¬â•‘ 46.935/2020) reforâ”œآ؛a, em seu Art. 3â”¬â•‘, inciso IV, o princâ”œآ،pio do أ”أ‡آ£planejamento com base em pesquisas e estudos sobre riscos de desastresأ”أ‡أک. O prâ”œâ”‚prio Plano Estratâ”œآ®gico atribui explicitamente â”œأ، Divisâ”œأ؛o de Anâ”œأ­lise Estratâ”œآ®gica e Apoio â”œأ، Decisâ”œأ؛o (DAEAD) do ICTDEC a responsabilidade pelo monitoramento global do Plano, incluindo reuniâ”œأپes periâ”œâ”‚dicas com gestores, consolidaâ”œآ؛â”œأ؛o de indicadores e relatâ”œâ”‚rios de progresso.	\N	1.0	2026-02-14	ICTDEC/DAEAD	Fase 2 أ”أ‡أ¶ Desdobramento Orientado (definiâ”œآ؛â”œأ؛o de entregas por setor)	2026-02-21 12:05:31.311365+00	2026-02-21 12:05:31.311365+00
4	2.1.2	Institucionalizar a gestâ”œأ؛o de projetos	3	3	3	AE 2.1.1 (Gestâ”œأ؛o estratâ”œآ®gica) | AE 2.1.3 (Instrumentos institucionais) | AE 2.1.6 (Gestâ”œأ؛o de processos) | AE 1.1.3 (Fontes de recursos)	Adoâ”œآ؛â”œأ؛o de metodologias padronizadas e instituiâ”œآ؛â”œأ؛o de ferramentas tecnolâ”œâ”‚gicas de suporte que instrumentalizem todo o ciclo de vida da gestâ”œأ؛o (O QUâ”œأ¨), visando garantir a viabilidade tâ”œآ®cnica, o monitoramento da execuâ”œآ؛â”œأ؛o e a entrega efetiva de produtos com qualidade e aderâ”œآ¬ncia aos prazos (PARA QUâ”œأ¨).	Adoâ”œآ؛â”œأ؛o de metodologias padronizadas e instituiâ”œآ؛â”œأ؛o de ferramentas tecnolâ”œâ”‚gicas de suporte que instrumentalizem todo o ciclo de vida da gestâ”œأ؛o.	Garantir a viabilidade tâ”œآ®cnica, o monitoramento da execuâ”œآ؛â”œأ؛o e a entrega efetiva de produtos com qualidade e aderâ”œآ¬ncia aos prazos.	A gestâ”œأ؛o de projetos â”œآ® requisito transversal para a execuâ”œآ؛â”œأ؛o de qualquer iniciativa estruturante da Secretaria. A Lei Federal nâ”¬â•‘ 12.608/2012 prevâ”œآ¬ a articulaâ”œآ؛â”œأ؛o sistemâ”œأ­tica entre os entes para aâ”œآ؛â”œأپes de proteâ”œآ؛â”œأ؛o e defesa civil, o que pressupâ”œأپe capacidade de formular, executar e monitorar projetos. A PEPDEC (Decreto nâ”¬â•‘ 46.935/2020) reforâ”œآ؛a a necessidade de planejamento baseado em estudos e pesquisas (Art. 3â”¬â•‘, IV), cuja operacionalizaâ”œآ؛â”œأ؛o depende de instrumentos de gestâ”œأ؛o de projetos. O Plano Estratâ”œآ®gico 2024أ”أ‡أ´2035 posiciona esta aâ”œآ؛â”œأ؛o como segundo pilar da governanâ”œآ؛a (E2.1), complementar â”œأ، gestâ”œأ؛o estratâ”œآ®gica (AE 2.1.1): enquanto a AE 2.1.1 mede o alinhamento global da Secretaria â”œأ، estratâ”œآ®gia, a AE 2.1.2 assegura que as iniciativas individuais sejam executadas com mâ”œآ®todo, prazo e qualidade.	\N	1.0	2026-02-14	ICTDEC/DAEAD	Fase 2 أ”أ‡أ¶ Desdobramento Orientado (definiâ”œآ؛â”œأ؛o de entregas por setor)	2026-02-21 12:05:31.311365+00	2026-02-21 12:05:31.311365+00
5	2.1.3	Produzir instrumentos institucionais de transparâ”œآ¬ncia e comunicaâ”œآ؛â”œأ؛o	3	3	3	AE 2.1.1 (Gestâ”œأ؛o estratâ”œآ®gica) | AE 2.1.2 (Gestâ”œأ؛o de projetos) | AE 2.1.4 (Cultura organizacional) | AE 1.1.3 (Fontes de recursos) | AE 7.1.2 (Atuaâ”œآ؛â”œأ؛o parlamentar)	Desenvolvimento de produtos de comunicaâ”œآ؛â”œأ؛o estratâ”œآ®gica que sistematizem e evidenciem o valor pâ”œâ•‘blico das entregas da Defesa Civil (O QUâ”œأ¨), visando fortalecer o posicionamento da marca, promover a coesâ”œأ؛o e o alinhamento organizacional e ampliar a credibilidade para a atraâ”œآ؛â”œأ؛o de investimentos e parcerias estratâ”œآ®gicas (PARA QUâ”œأ¨).	Desenvolvimento de produtos de comunicaâ”œآ؛â”œأ؛o estratâ”œآ®gica que sistematizem e evidenciem o valor pâ”œâ•‘blico das entregas da Defesa Civil.	Fortalecer o posicionamento institucional, promover a coesâ”œأ؛o e o alinhamento organizacional e ampliar a credibilidade para a atraâ”œآ؛â”œأ؛o de investimentos e parcerias estratâ”œآ®gicas.	A produâ”œآ؛â”œأ؛o de instrumentos institucionais de transparâ”œآ¬ncia responde a um duplo imperativo. Internamente, a Secretaria necessita de produtos que sistematizem suas entregas e tornem visâ”œآ،vel o trabalho de seus â”œâ”‚rgâ”œأ؛os, promovendo coesâ”œأ؛o e alinhamento. Externamente, a credibilidade institucional perante financiadores, parceiros e â”œâ”‚rgâ”œأ؛os de controle depende da capacidade de demonstrar, com clareza e regularidade, o valor pâ”œâ•‘blico das aâ”œآ؛â”œأپes realizadas. A Lei Federal nâ”¬â•‘ 12.608/2012 prevâ”œآ¬ a transparâ”œآ¬ncia como princâ”œآ،pio da gestâ”œأ؛o de riscos e desastres. A PEPDEC (Decreto nâ”¬â•‘ 46.935/2020) reforâ”œآ؛a a necessidade de ampla divulgaâ”œآ؛â”œأ؛o das aâ”œآ؛â”œأپes de proteâ”œآ؛â”œأ؛o e defesa civil. O Plano Estratâ”œآ®gico 2024أ”أ‡أ´2035 posiciona esta aâ”œآ؛â”œأ؛o como complemento direto da gestâ”œأ؛o estratâ”œآ®gica (AE 2.1.1) e da captaâ”œآ؛â”œأ؛o de recursos (AE 1.1.3): sem instrumentos que evidenciem resultados, nâ”œأ؛o hâ”œأ­ como sustentar credibilidade para parcerias nem prestar contas â”œأ، sociedade.	\N	1.0	2026-02-14	ICTDEC/DAEAD	Fase 2 أ”أ‡أ¶ Desdobramento Orientado (definiâ”œآ؛â”œأ؛o de entregas por setor)	2026-02-21 12:05:31.311365+00	2026-02-21 12:05:31.311365+00
6	2.1.4	Fortalecer a cultura e o clima organizacional	3	3	3	AE 2.1.1 (Gestâ”œأ؛o estratâ”œآ®gica) | AE 2.1.3 (Instrumentos institucionais) | AE 2.1.7 (Gestâ”œأ؛o por competâ”œآ¬ncias) | AE 3.1.1 (Capacitaâ”œآ؛â”œأ؛o do efetivo)	Promoâ”œآ؛â”œأ؛o de aâ”œآ؛â”œأپes contâ”œآ،nuas de internalizaâ”œآ؛â”œأ؛o da Identidade Estratâ”œآ®gica e integraâ”œآ؛â”œأ؛o transversal (O QUâ”œأ¨), visando assegurar que cada servidor compreenda seu papel na missâ”œأ؛o maior e atue com senso de unidade, ao passo que se fomenta a evoluâ”œآ؛â”œأ؛o da maturidade institucional em todos os nâ”œآ،veis hierâ”œأ­rquicos, consolidando uma cultura orientada a resultados, â”œأ، inovaâ”œآ؛â”œأ؛o e â”œأ، governanâ”œآ؛a sistâ”œآ¬mica (PARA QUâ”œأ¨).	Promoâ”œآ؛â”œأ؛o de aâ”œآ؛â”œأپes contâ”œآ،nuas de internalizaâ”œآ؛â”œأ؛o da Identidade Estratâ”œآ®gica e integraâ”œآ؛â”œأ؛o transversal.	Assegurar que cada servidor compreenda seu papel na missâ”œأ؛o institucional e atue com senso de unidade, fomentando a evoluâ”œآ؛â”œأ؛o da maturidade institucional em todos os nâ”œآ،veis hierâ”œأ­rquicos, consolidando uma cultura orientada a resultados, â”œأ، inovaâ”œآ؛â”œأ؛o e â”œأ، governanâ”œآ؛a sistâ”œآ¬mica.	O fortalecimento da cultura organizacional â”œآ® o eixo que confere coerâ”œآ¬ncia e sustentabilidade a todas as demais aâ”œآ؛â”œأپes de governanâ”œآ؛a. Metodologias, processos e indicadores sâ”œâ”‚ produzem resultado quando internalizados pelas equipes como prâ”œأ­tica institucional, nâ”œأ؛o como exigâ”œآ¬ncia burocrâ”œأ­tica. O Plano Estratâ”œآ®gico 2024أ”أ‡أ´2035 define valores institucionais (sentimento de servidor, engajamento, comprometimento e foco, desenvolvimento pessoal, receptividade, integridade) e posiciona esta aâ”œآ؛â”œأ؛o como instrumento de internalizaâ”œآ؛â”œأ؛o desses valores. A Lei Federal nâ”¬â•‘ 12.608/2012 e a PEPDEC (Decreto nâ”¬â•‘ 46.935/2020) exigem capacidade de atuaâ”œآ؛â”œأ؛o coordenada e multissetorial, o que pressupâ”œأپe coesâ”œأ؛o interna e alinhamento entre os â”œâ”‚rgâ”œأ؛os. O Programa SEDEC 360 constitui a iniciativa estruturante que operacionaliza esta aâ”œآ؛â”œأ؛o, promovendo o fortalecimento da governanâ”œآ؛a e da cultura de gestâ”œأ؛o na Secretaria.	\N	1.0	2026-02-14	ICTDEC/DAEAD	Fase 2 أ”أ‡أ¶ Desdobramento Orientado (definiâ”œآ؛â”œأ؛o de entregas por setor)	2026-02-21 12:05:31.311365+00	2026-02-21 12:05:31.311365+00
7	2.1.5	Estabelecer revisâ”œأ؛o periâ”œâ”‚dica das normas internas	3	3	3	AE 2.1.3 (Instrumentos institucionais) | AE 2.1.6 (Gestâ”œأ؛o de processos) | AE 7.1.1 (Arcabouâ”œآ؛o normativo externo) | AE 8.2.5 (Conteâ”œâ•‘do doutrinâ”œأ­rio)	Instituiâ”œآ؛â”œأ؛o de ciclos rotineiros de atualizaâ”œآ؛â”œأ؛o e validaâ”œآ؛â”œأ؛o do arcabouâ”œآ؛o normativo e doutrinâ”œأ­rio (O QUâ”œأ¨), visando garantir a aderâ”œآ¬ncia dos ritos operacionais â”œأ، legislaâ”œآ؛â”œأ؛o vigente, a padronizaâ”œآ؛â”œأ؛o das condutas e a seguranâ”œآ؛a jurâ”œآ،dica na tomada de decisâ”œأ؛o dos gestores (PARA QUâ”œأ¨).	Instituiâ”œآ؛â”œأ؛o de ciclos rotineiros de atualizaâ”œآ؛â”œأ؛o e validaâ”œآ؛â”œأ؛o do arcabouâ”œآ؛o normativo e doutrinâ”œأ­rio.	Garantir a aderâ”œآ¬ncia dos ritos operacionais â”œأ، legislaâ”œآ؛â”œأ؛o vigente, a padronizaâ”œآ؛â”œأ؛o das condutas e a seguranâ”œآ؛a jurâ”œآ،dica na tomada de decisâ”œأ؛o dos gestores.	O arcabouâ”œآ؛o normativo interno (regimentos, protocolos, NGAs e demais instrumentos) â”œآ® o que traduz a legislaâ”œآ؛â”œأ؛o e a estratâ”œآ®gia em regras de conduta operacional. Quando desatualizado, gera ambiguidade na tomada de decisâ”œأ؛o, inseguranâ”œآ؛a jurâ”œآ،dica e despadronizaâ”œآ؛â”œأ؛o de condutas. O Plano Estratâ”œآ®gico 2024أ”أ‡أ´2035 prevâ”œآ¬ esta aâ”œآ؛â”œأ؛o como instrumento de seguranâ”œآ؛a jurâ”œآ،dica e padronizaâ”œآ؛â”œأ؛o, e suas iniciativas exemplificativas incluem o mapeamento do conjunto de normas internas, a inclusâ”œأ؛o de perâ”œآ،odo de revisâ”œأ؛o no calendâ”œأ­rio anual e a criaâ”œآ؛â”œأ؛o de Grupos de Trabalho para aprimoramento. A aâ”œآ؛â”œأ؛o â”œآ® complementar â”œأ، gestâ”œأ؛o de processos (AE 2.1.6): enquanto a AE 2.1.6 padroniza os fluxos de trabalho, a AE 2.1.5 assegura que o arcabouâ”œآ؛o normativo que rege esses fluxos esteja vigente, coerente e acessâ”œآ،vel. No â”œأ³mbito externo, a AE 7.1.1 trata do acompanhamento da legislaâ”œآ؛â”œأ؛o pertinente â”œأ، Defesa Civil; a presente AE concentra-se exclusivamente nas normas internas da Secretaria.	\N	1.0	2026-02-14	ICTDEC/DAEAD	Fase 2 أ”أ‡أ¶ Desdobramento Orientado (definiâ”œآ؛â”œأ؛o de entregas por setor)	2026-02-21 12:05:31.311365+00	2026-02-21 12:05:31.311365+00
8	2.1.6	Implantar e implementar a gestâ”œأ؛o de processos	3	3	3	AE 2.1.1 (Gestâ”œأ؛o estratâ”œآ®gica) | AE 2.1.2 (Gestâ”œأ؛o de projetos) | AE 2.1.5 (Revisâ”œأ؛o de normas) | AE 2.1.7 (Gestâ”œأ؛o por competâ”œآ¬ncias)	Mapeamento, padronizaâ”œآ؛â”œأ؛o e integraâ”œآ؛â”œأ؛o dos fluxos de trabalho finalâ”œآ،sticos e de suporte sob a â”œâ”‚tica da Cadeia de Valor (O QUâ”œأ¨), visando assegurar a continuidade, a impessoalidade e a conexâ”œأ؛o eficiente entre as etapas produtivas, promovendo ganhos de eficâ”œأ­cia sistâ”œآ¬mica e a qualidade das entregas em conformidade com as polâ”œآ،ticas institucionais (PARA QUâ”œأ¨).	Mapeamento, padronizaâ”œآ؛â”œأ؛o e integraâ”œآ؛â”œأ؛o dos fluxos de trabalho finalâ”œآ،sticos e de suporte sob a â”œâ”‚tica da Cadeia de Valor.	Assegurar a continuidade, a impessoalidade e a conexâ”œأ؛o eficiente entre as etapas produtivas, promovendo ganhos de eficâ”œأ­cia sistâ”œآ¬mica e a qualidade das entregas em conformidade com as polâ”œآ،ticas institucionais.	A gestâ”œأ؛o de processos â”œآ® o instrumento que transforma atividades dispersas e dependentes de conhecimento individual em fluxos de trabalho padronizados, documentâ”œأ­veis e transferâ”œآ،veis. O Plano Estratâ”œآ®gico 2024أ”أ‡أ´2035 posiciona esta aâ”œآ؛â”œأ؛o como pilar da governanâ”œآ؛a (E2.1), com iniciativas que incluem o estabelecimento de metodologia organizacional, a adoâ”œآ؛â”œأ؛o de plataforma para gerenciamento de processos e a difusâ”œأ؛o dos fundamentos junto â”œأ، instituiâ”œآ؛â”œأ؛o. A aâ”œآ؛â”œأ؛o â”œآ® diretamente complementar â”œأ، revisâ”œأ؛o de normas internas (AE 2.1.5) أ”أ‡أ¶ enquanto a AE 2.1.5 assegura que as normas estejam vigentes e coerentes, a AE 2.1.6 padroniza os fluxos operacionais que essas normas regem. Ambas, juntas, combatem a execuâ”œآ؛â”œأ؛o informal e nâ”œأ؛o rastreada. A gestâ”œأ؛o de processos tambâ”œآ®m alimenta a gestâ”œأ؛o por competâ”œآ¬ncias (AE 2.1.7): sâ”œâ”‚ â”œآ® possâ”œآ،vel definir quais competâ”œآ¬ncias cada funâ”œآ؛â”œأ؛o exige quando os processos que essa funâ”œآ؛â”œأ؛o executa estâ”œأ؛o mapeados.	\N	1.0	2026-02-14	ICTDEC/DAEAD	Fase 2 أ”أ‡أ¶ Desdobramento Orientado (definiâ”œآ؛â”œأ؛o de entregas por setor)	2026-02-21 12:05:31.311365+00	2026-02-21 12:05:31.311365+00
21	6.4.1	Mapear produtos, processos ou serviâ”œآ؛os que compreendam a agregaâ”œآ؛â”œأ؛o de novas funcionalidades ou caracterâ”œآ،sticas, desde que possam resultar em melhorias ou em efetivo ganho de qualidade ou desempenho	3	6	11	AE 6.2.1 (PD&I institucional) | AE 6.3.2 (Conhecimento interno) | AE 2.1.6 (Gestâ”œأ؛o de processos) | AE 4.3.1 (Sistemas tecnolâ”œâ”‚gicos)	Sistematizaâ”œآ؛â”œأ؛o do levantamento de inovaâ”œآ؛â”œأپes incrementais aplicâ”œأ­veis aos ativos, fluxos e serviâ”œآ؛os jâ”œأ­ em operaâ”œآ؛â”œأ؛o (O QUâ”œأ¨), visando promover a atualizaâ”œآ؛â”œأ؛o funcional e o ganho efetivo de desempenho nas atividades finalâ”œآ،sticas de avaliaâ”œآ؛â”œأ؛o, reduâ”œآ؛â”œأ؛o de riscos e gestâ”œأ؛o de desastres, maximizando o potencial das soluâ”œآ؛â”œأپes vigentes sem a necessidade de substituiâ”œآ؛â”œأ؛o total (PARA QUâ”œأ¨).	Sistematizaâ”œآ؛â”œأ؛o do levantamento de inovaâ”œآ؛â”œأپes incrementais aplicâ”œأ­veis aos ativos, fluxos e serviâ”œآ؛os jâ”œأ­ em operaâ”œآ؛â”œأ؛o.	Promover a atualizaâ”œآ؛â”œأ؛o funcional e o ganho efetivo de desempenho nas atividades finalâ”œآ،sticas de avaliaâ”œآ؛â”œأ؛o, reduâ”œآ؛â”œأ؛o de riscos e gestâ”œأ؛o de desastres, maximizando o potencial das soluâ”œآ؛â”œأپes vigentes sem a necessidade de substituiâ”œآ؛â”œأ؛o total.	As estratâ”œآ®gias E6.2 e E6.3 produzem conhecimento e inovaâ”œآ؛â”œأ؛o. Esta aâ”œآ؛â”œأ؛o fecha o ciclo ao garantir que esse conhecimento chegue â”œأ، operaâ”œآ؛â”œأ؛o. O Plano Estratâ”œآ®gico 2024أ”أ‡أ´2035 posiciona esta aâ”œآ؛â”œأ؛o na Estratâ”œآ®gia E6.4 (Aplicaâ”œآ؛â”œأ؛o dos Conhecimentos Produzidos), com foco na sistematizaâ”œآ؛â”œأ؛o do levantamento de inovaâ”œآ؛â”œأپes incrementais aplicâ”œأ­veis aos ativos, fluxos e serviâ”œآ؛os jâ”œأ­ em operaâ”œآ؛â”œأ؛o. A iniciativa indicada â”œآ® estimular o uso e a aplicaâ”œآ؛â”œأ؛o dos conhecimentos produzidos institucionalmente e pelas IES/ICTs em cooperaâ”œآ؛â”œأ؛o tâ”œآ®cnica. A aâ”œآ؛â”œأ؛o conecta-se diretamente â”œأ، AE 6.2.1 (PD&I), cujos produtos alimentam este mapeamento, e â”œأ، AE 2.1.6 (gestâ”œأ؛o de processos), que fornece a visâ”œأ؛o dos fluxos passâ”œآ،veis de melhoria.	\N	1.0	2026-02-16	ICTDEC/DAEAD	Fase 2 أ”أ‡أ¶ Desdobramento Orientado (definiâ”œآ؛â”œأ؛o de entregas por setor)	2026-02-21 12:05:31.311365+00	2026-02-21 12:05:31.311365+00
9	2.1.7	Implantar e implementar a gestâ”œأ؛o por competâ”œآ¬ncias	3	3	3	AE 2.1.4 (Cultura organizacional) | AE 2.1.5 (Revisâ”œأ؛o de normas/regimentos) | AE 2.1.6 (Gestâ”œأ؛o de processos) | AE 3.1.1 (Capacitaâ”œآ؛â”œأ؛o do efetivo)	Estabelecimento de um modelo de gestâ”œأ؛o que integre o mapeamento, a avaliaâ”œآ؛â”œأ؛o e o desenvolvimento contâ”œآ،nuo de conhecimentos, habilidades e atitudes (O QUâ”œأ¨), visando alinhar o capital humano aos objetivos estratâ”œآ®gicos da organizaâ”œآ؛â”œأ؛o e potencializar a performance individual e coletiva (PARA QUâ”œأ¨).	Estabelecimento de um modelo de gestâ”œأ؛o que integre o mapeamento, a avaliaâ”œآ؛â”œأ؛o e o desenvolvimento contâ”œآ،nuo de conhecimentos, habilidades e atitudes.	Alinhar o capital humano aos objetivos estratâ”œآ®gicos da organizaâ”œآ؛â”œأ؛o e potencializar a performance individual e coletiva.	A gestâ”œأ؛o por competâ”œآ¬ncias â”œآ® o instrumento que conecta as funâ”œآ؛â”œأپes da estrutura organizacional â”œأ،s capacidades necessâ”œأ­rias para executâ”œأ­-las. O Plano Estratâ”œآ®gico 2024أ”أ‡أ´2035 posiciona esta aâ”œآ؛â”œأ؛o com trâ”œآ¬s iniciativas sequenciais: mapear as funâ”œآ؛â”œأپes da estrutura, mapear as competâ”œآ¬ncias necessâ”œأ­rias e desejâ”œأ­veis para cada funâ”œآ؛â”œأ؛o, e mapear as competâ”œآ¬ncias da forâ”œآ؛a de trabalho. A sequâ”œآ¬ncia â”œآ® deliberada: nâ”œأ؛o â”œآ® possâ”œآ،vel definir competâ”œآ¬ncias sem antes saber quais funâ”œآ؛â”œأپes existem e quais processos cada uma executa. Por isso, esta AE tem dependâ”œآ¬ncia direta da gestâ”œأ؛o de processos (AE 2.1.6): os processos mapeados sâ”œأ؛o o insumo primâ”œأ­rio para identificar os conhecimentos, habilidades e atitudes que cada funâ”œآ؛â”œأ؛o exige. Hâ”œأ­ tambâ”œآ®m interdependâ”œآ¬ncia com a revisâ”œأ؛o de normas internas (AE 2.1.5): regimentos internos que reflitam com precisâ”œأ؛o as funâ”œآ؛â”œأپes e atribuiâ”œآ؛â”œأپes de cada setor sâ”œأ؛o base formal para o mapeamento de competâ”œآ¬ncias. O Objetivo Estratâ”œآ®gico 3 (Desenvolver o efetivo) reforâ”œآ؛a essa conexâ”œأ؛o ao prever trilhas de aprendizagem, capacitaâ”œآ؛â”œأپes e gestâ”œأ؛o de pessoas por competâ”œآ¬ncias com foco estratâ”œآ®gico.	\N	1.0	2026-02-14	ICTDEC/DAEAD	Fase 2 أ”أ‡أ¶ Desdobramento Orientado (definiâ”œآ؛â”œأ؛o de entregas por setor)	2026-02-21 12:05:31.311365+00	2026-02-21 12:05:31.311365+00
10	3.1.1	Ampliar conhecimento e experiâ”œآ¬ncia do efetivo em proteâ”œآ؛â”œأ؛o e defesa civil	3	4	4	AE 2.1.4 (Cultura organizacional) | AE 2.1.7 (Gestâ”œأ؛o por competâ”œآ¬ncias) | AE 3.1.2 (Avaliaâ”œآ؛â”œأ؛o de performance) | AE 6.1.4 (Extensâ”œأ؛o acadâ”œآ¬mica)	Estabelecimento de trilhas de educaâ”œآ؛â”œأ؛o continuada e intercâ”œأ³mbio de experiâ”œآ¬ncias prâ”œأ­ticas (O QUâ”œأ¨), visando elevar o nâ”œآ،vel de especializaâ”œآ؛â”œأ؛o tâ”œآ®cnica da tropa para atuar com excelâ”œآ¬ncia tanto na gestâ”œأ؛o de riscos quanto no gerenciamento de desastres complexos (PARA QUâ”œأ¨).	Estabelecimento de trilhas de educaâ”œآ؛â”œأ؛o continuada e intercâ”œأ³mbio de experiâ”œآ¬ncias prâ”œأ­ticas.	Elevar o nâ”œآ،vel de especializaâ”œآ؛â”œأ؛o tâ”œآ®cnica da tropa para atuar com excelâ”œآ¬ncia tanto na gestâ”œأ؛o de riscos quanto no gerenciamento de desastres complexos.	O desenvolvimento do efetivo â”œآ® o objetivo que conecta a governanâ”œآ؛a â”œأ، capacidade de execuâ”œآ؛â”œأ؛o. Instrumentos de gestâ”œأ؛o (processos, projetos, indicadores) sâ”œâ”‚ geram resultado quando operados por profissionais com conhecimento tâ”œآ®cnico adequado. O Plano Estratâ”œآ®gico 2024أ”أ‡أ´2035 posiciona esta aâ”œآ؛â”œأ؛o na Estratâ”œآ®gia E3.1 (Desenvolvimento e adequaâ”œآ؛â”œأ؛o do efetivo), com iniciativas que incluem trilhas de educaâ”œآ؛â”œأ؛o continuada e estâ”œآ،mulo ao autodesenvolvimento. A aâ”œآ؛â”œأ؛o tem dependâ”œآ¬ncia direta da gestâ”œأ؛o por competâ”œآ¬ncias (AE 2.1.7): os diagnâ”œâ”‚sticos de lacuna produzidos pela AE 2.1.7 orientam o que capacitar; a presente AE trata de como capacitar. Sem essa conexâ”œأ؛o, as capacitaâ”œآ؛â”œأپes tendem a ser orientadas por demandas avulsas ou por disponibilidade de oferta, e nâ”œأ؛o pelas necessidades reais da instituiâ”œآ؛â”œأ؛o. O OE 3 reforâ”œآ؛a que o fator crâ”œآ،tico de sucesso â”œآ® a lideranâ”œآ؛a patrocinando uma cultura pautada no desenvolvimento pessoal e profissional.	\N	1.0	2026-02-14	ICTDEC/DAEAD	Fase 2 أ”أ‡أ¶ Desdobramento Orientado (definiâ”œآ؛â”œأ؛o de entregas por setor)	2026-02-21 12:05:31.311365+00	2026-02-21 12:05:31.311365+00
11	4.1.1	Melhorar acomodaâ”œآ؛â”œأ؛o do pessoal, dos recursos e dos serviâ”œآ؛os necessâ”œأ­rios â”œأ، produtividade da defesa civil estadual	3	5	5	AE 4.2.1 (Recursos materiais) | AE 4.3.1 (Sistemas tecnolâ”œâ”‚gicos) | AE 4.4.1 (Serviâ”œآ؛os contratados)	Adequaâ”œآ؛â”œأ؛o e modernizaâ”œآ؛â”œأ؛o da infraestrutura fâ”œآ،sica e das instalaâ”œآ؛â”œأپes de trabalho (O QUâ”œأ¨), visando garantir condiâ”œآ؛â”œأپes ergonâ”œâ”¤micas, salubridade e um ambiente propâ”œآ،cio â”œأ، alta performance operacional e administrativa das equipes, superando precariedades que impactam a rotina (PARA QUâ”œأ¨).	Adequaâ”œآ؛â”œأ؛o e modernizaâ”œآ؛â”œأ؛o da infraestrutura fâ”œآ،sica e das instalaâ”œآ؛â”œأپes de trabalho.	Garantir condiâ”œآ؛â”œأپes ergonâ”œâ”¤micas, salubridade e um ambiente propâ”œآ،cio â”œأ، alta performance operacional e administrativa das equipes, superando precariedades que impactam a rotina.	A infraestrutura fâ”œآ،sica â”œآ® a condiâ”œآ؛â”œأ؛o material que viabiliza todas as demais aâ”œآ؛â”œأپes estratâ”œآ®gicas. Nâ”œأ؛o â”œآ® possâ”œآ،vel exigir alta performance de equipes que operam em instalaâ”œآ؛â”œأپes precâ”œأ­rias, sem condiâ”œآ؛â”œأپes ergonâ”œâ”¤micas adequadas ou sem espaâ”œآ؛o para as atividades que a estratâ”œآ®gia prevâ”œآ¬. O Plano Estratâ”œآ®gico 2024أ”أ‡أ´2035 posiciona esta aâ”œآ؛â”œأ؛o na Estratâ”œآ®gia E4.1, com duas frentes: otimizar as instalaâ”œآ؛â”œأپes existentes e prover soluâ”œآ؛â”œأپes para desenvolvimento da infraestrutura. A aâ”œآ؛â”œأ؛o â”œآ® complementar â”œأ،s demais AEs do OE 4: enquanto a AE 4.1.1 trata das instalaâ”œآ؛â”œأپes fâ”œآ،sicas, as AEs 4.2.1, 4.3.1 e 4.4.1 tratam, respectivamente, de recursos materiais, sistemas tecnolâ”œâ”‚gicos e serviâ”œآ؛os contratados. Juntas, compâ”œأپem o suporte material para a missâ”œأ؛o institucional.	\N	1.0	2026-02-14	ICTDEC/DAEAD	Fase 2 أ”أ‡أ¶ Desdobramento Orientado (definiâ”œآ؛â”œأ؛o de entregas por setor)	2026-02-21 12:05:31.311365+00	2026-02-21 12:05:31.311365+00
12	4.3.1	Melhorar sistemas tecnolâ”œâ”‚gicos necessâ”œأ­rios â”œأ، produtividade da defesa civil estadual	3	5	6	AE 4.1.1 (Infraestrutura fâ”œآ،sica) | AE 4.2.1 (Recursos materiais) | AE 4.4.1 (Serviâ”œآ؛os contratados)	Modernizaâ”œآ؛â”œأ؛o e aquisiâ”œآ؛â”œأ؛o de ativos tecnolâ”œâ”‚gicos e soluâ”œآ؛â”œأپes de software, abrangendo desde ferramentas de produtividade corporativa transversal atâ”œآ® sistemas tâ”œآ®cnicos para setores especializados (O QUâ”œأ¨), visando automatizar rotinas, eliminar gargalos operacionais e elevar a eficiâ”œآ¬ncia e a capacidade de entrega das equipes (PARA QUâ”œأ¨).	Modernizaâ”œآ؛â”œأ؛o e aquisiâ”œآ؛â”œأ؛o de ativos tecnolâ”œâ”‚gicos e soluâ”œآ؛â”œأپes de software, abrangendo desde ferramentas de produtividade corporativa transversal atâ”œآ® sistemas tâ”œآ®cnicos para setores especializados.	Automatizar rotinas, eliminar gargalos operacionais e elevar a eficiâ”œآ¬ncia e a capacidade de entrega das equipes.	Os sistemas tecnolâ”œâ”‚gicos sâ”œأ؛o a infraestrutura digital que suporta a execuâ”œآ؛â”œأ؛o das atividades da Secretaria. O Plano Estratâ”œآ®gico 2024أ”أ‡أ´2035 posiciona esta aâ”œآ؛â”œأ؛o na Estratâ”œآ®gia E4.3, com duas frentes: otimizar os sistemas de informaâ”œآ؛â”œأ؛o existentes e prover soluâ”œآ؛â”œأپes para desenvolvimento e modernizaâ”œآ؛â”œأ؛o da rede tecnolâ”œâ”‚gica. A aâ”œآ؛â”œأ؛o abrange desde ferramentas de produtividade corporativa transversal atâ”œآ® sistemas tâ”œآ®cnicos especializados. A aâ”œآ؛â”œأ؛o â”œآ® complementar â”œأ،s demais AEs do OE 4, que tratam respectivamente de infraestrutura fâ”œآ،sica (AE 4.1.1), recursos materiais (AE 4.2.1) e serviâ”œآ؛os contratados (AE 4.4.1).	\N	1.0	2026-02-14	ICTDEC/DAEAD	Fase 2 أ”أ‡أ¶ Desdobramento Orientado (definiâ”œآ؛â”œأ؛o de entregas por setor)	2026-02-21 12:05:31.311365+00	2026-02-21 12:05:31.311365+00
13	4.4.1	Aprimorar rede de serviâ”œآ؛os contratados necessâ”œأ­rios â”œأ، produtividade da defesa civil estadual	3	5	7	AE 4.1.1 (Infraestrutura fâ”œآ،sica) | AE 4.2.1 (Recursos materiais) | AE 4.3.1 (Sistemas tecnolâ”œâ”‚gicos)	Otimizaâ”œآ؛â”œأ؛o e gestâ”œأ؛o estratâ”œآ®gica do portfâ”œâ”‚lio de contratos de serviâ”œآ؛os continuados e sob demanda (O QUâ”œأ¨), visando garantir a sustentabilidade das rotinas administrativas e a prontidâ”œأ؛o operacional, assegurando que a estrutura de apoio suporte plenamente a missâ”œأ؛o institucional tanto em tempos de normalidade quanto em crises (PARA QUâ”œأ¨).	Otimizaâ”œآ؛â”œأ؛o e gestâ”œأ؛o estratâ”œآ®gica do portfâ”œâ”‚lio de contratos de serviâ”œآ؛os continuados e sob demanda.	Garantir a sustentabilidade das rotinas administrativas e a prontidâ”œأ؛o operacional, assegurando que a estrutura de apoio suporte plenamente a missâ”œأ؛o institucional tanto em tempos de normalidade quanto em crises.	Os serviâ”œآ؛os contratados sustentam a rotina administrativa e operacional da Secretaria أ”أ‡أ¶ desde serviâ”œآ؛os de apoio logâ”œآ،stico atâ”œآ® contrataâ”œآ؛â”œأپes especializadas sob demanda. O Plano Estratâ”œآ®gico 2024أ”أ‡أ´2035 posiciona esta aâ”œآ؛â”œأ؛o na Estratâ”œآ®gia E4.4, com duas frentes: aperfeiâ”œآ؛oar os contratos vigentes para melhor atender â”œأ،s necessidades da defesa civil e adequar as novas contrataâ”œآ؛â”œأپes â”œأ،s demandas atuais. O OE 4 destaca como fatores crâ”œآ،ticos de sucesso a celeridade e a qualidade tâ”œآ®cnica na instruâ”œآ؛â”œأ؛o dos processos de contrataâ”œآ؛â”œأ؛o. A aâ”œآ؛â”œأ؛o â”œآ® complementar â”œأ،s demais AEs do OE 4, que tratam respectivamente de infraestrutura fâ”œآ،sica (AE 4.1.1), recursos materiais (AE 4.2.1) e sistemas tecnolâ”œâ”‚gicos (AE 4.3.1).	\N	1.0	2026-02-14	ICTDEC/DAEAD	Fase 2 أ”أ‡أ¶ Desdobramento Orientado (definiâ”œآ؛â”œأ؛o de entregas por setor)	2026-02-21 12:05:31.311365+00	2026-02-21 12:05:31.311365+00
14	6.1.3	Implantar parcerias para implementaâ”œآ؛â”œأ؛o de projetos de pesquisa e extensâ”œأ؛o tâ”œآ®cnico-cientâ”œآ،fica (Estrutura SEDEC e COMDECs)	4	6	8	AE 6.1.1 (Ecossistema colaborativo) | AE 6.1.4 (Extensâ”œأ؛o acadâ”œآ¬mica) | AE 6.1.6 (Redes de pesquisa) | AE 1.1.3 (Fontes de recursos)	Promoâ”œآ؛â”œأ؛o da integraâ”œآ؛â”œأ؛o tâ”œآ®cnica e do alinhamento entre a SEDEC e as Defesas Civis Municipais (COMDECs) para o desenvolvimento colaborativo de iniciativas de ciâ”œآ¬ncia e extensâ”œأ؛o (O QUâ”œأ¨), visando solucionar gargalos operacionais especâ”œآ،ficos das pontas, promover o intercâ”œأ³mbio de saberes e fortalecer a coesâ”œأ؛o do Sistema Estadual atravâ”œآ®s de uma rede de conhecimento aplicado (PARA QUâ”œأ¨).	Promoâ”œآ؛â”œأ؛o da integraâ”œآ؛â”œأ؛o tâ”œآ®cnica e do alinhamento entre a SEDEC e as Defesas Civis Municipais (COMDECs) para o desenvolvimento colaborativo de iniciativas de ciâ”œآ¬ncia e extensâ”œأ؛o.	Solucionar gargalos operacionais especâ”œآ،ficos das pontas, promover o intercâ”œأ³mbio de saberes e fortalecer a coesâ”œأ؛o do Sistema Estadual atravâ”œآ®s de uma rede de conhecimento aplicado.	A produâ”œآ؛â”œأ؛o de conhecimento aplicado â”œآ® uma das missâ”œأپes centrais do ICTDEC e condiâ”œآ؛â”œأ؛o para que a Defesa Civil evolua de uma atuaâ”œآ؛â”œأ؛o baseada em empirismo para uma prâ”œأ­tica fundamentada em ciâ”œآ¬ncia. O Plano Estratâ”œآ®gico 2024أ”أ‡أ´2035 posiciona esta aâ”œآ؛â”œأ؛o na Estratâ”œآ®gia E6.1 (Estruturaâ”œآ؛â”œأ؛o da atividade de C&T), com foco especâ”œآ،fico na integraâ”œآ؛â”œأ؛o entre a SEDEC e as Defesas Civis Municipais (COMDECs) para o desenvolvimento colaborativo de pesquisa e extensâ”œأ؛o. A iniciativa indicada â”œآ® a disseminaâ”œآ؛â”œأ؛o de informaâ”œآ؛â”œأ؛o tâ”œآ®cnico-cientâ”œآ،fica para pesquisadores da estrutura SEDEC e do SIEPDEC. A aâ”œآ؛â”œأ؛o se articula com a AE 6.1.1 (ecossistema colaborativo com IES e ICTs), a AE 6.1.4 (extensâ”œأ؛o acadâ”œآ¬mica), a AE 6.1.6 (redes de pesquisa) e a AE 1.1.3 (fontes de recursos), pois parcerias de pesquisa sâ”œأ؛o tambâ”œآ®m vetor de captaâ”œآ؛â”œأ؛o de recursos via editais de fomento.	\N	1.0	2026-02-14	ICTDEC/DAEAD	Fase 2 أ”أ‡أ¶ Desdobramento Orientado (definiâ”œآ؛â”œأ؛o de entregas por setor)	2026-02-21 12:05:31.311365+00	2026-02-21 12:05:31.311365+00
15	6.1.4	Construir programa de extensâ”œأ؛o Acadâ”œآ¬mico-Cientâ”œآ،fica articulando a formaâ”œآ؛â”œأ؛o em serviâ”œآ؛o (SEDEC e IES e ICTs)	3	6	8	AE 6.1.1 (Ecossistema colaborativo) | AE 6.1.3 (Parcerias de pesquisa e extensâ”œأ؛o) | AE 6.1.6 (Redes de pesquisa) | AE 3.1.1 (Capacitaâ”œآ؛â”œأ؛o do efetivo)	Estruturaâ”œآ؛â”œأ؛o de programas de residâ”œآ¬ncia, estâ”œأ­gio tâ”œآ®cnico e intercâ”œأ³mbio acadâ”œآ¬mico integrados â”œأ، rotina operacional (O QUâ”œأ¨), visando oxigenar a instituiâ”œآ؛â”œأ؛o com novos saberes, qualificar a formaâ”œآ؛â”œأ؛o dos futuros profissionais do setor atravâ”œآ®s da prâ”œأ­tica supervisionada e aproximar a academia da realidade da gestâ”œأ؛o pâ”œâ•‘blica (PARA QUâ”œأ¨).	Estruturaâ”œآ؛â”œأ؛o de programas de residâ”œآ¬ncia, estâ”œأ­gio tâ”œآ®cnico e intercâ”œأ³mbio acadâ”œآ¬mico integrados â”œأ، rotina operacional.	Oxigenar a instituiâ”œآ؛â”œأ؛o com novos saberes, qualificar a formaâ”œآ؛â”œأ؛o dos futuros profissionais do setor atravâ”œآ®s da prâ”œأ­tica supervisionada e aproximar a academia da realidade da gestâ”œأ؛o pâ”œâ•‘blica.	A extensâ”œأ؛o acadâ”œآ¬mico-cientâ”œآ،fica â”œآ® o mecanismo que conecta a formaâ”œآ؛â”œأ؛o de novos profissionais â”œأ، realidade operacional da Defesa Civil. O Plano Estratâ”œآ®gico 2024أ”أ‡أ´2035 posiciona esta aâ”œآ؛â”œأ؛o na Estratâ”œآ®gia E6.1 (Estruturaâ”œآ؛â”œأ؛o da atividade de C&T), com foco na estruturaâ”œآ؛â”œأ؛o de programas de residâ”œآ¬ncia, estâ”œأ­gio tâ”œآ®cnico e intercâ”œأ³mbio acadâ”œآ¬mico integrados â”œأ، rotina operacional. A aâ”œآ؛â”œأ؛o gera duplo benefâ”œآ،cio: oxigena a instituiâ”œآ؛â”œأ؛o com novos saberes e qualifica a formaâ”œآ؛â”œأ؛o dos futuros profissionais do setor por meio da prâ”œأ­tica supervisionada. A aâ”œآ؛â”œأ؛o se articula diretamente com a AE 6.1.3 (parcerias de pesquisa), pois compartilha o mesmo ecossistema de parcerias com IES e ICTs, e com a AE 3.1.1 (capacitaâ”œآ؛â”œأ؛o do efetivo), pois os programas de extensâ”œأ؛o tambâ”œآ®m contribuem para a qualificaâ”œآ؛â”œأ؛o interna.	\N	1.0	2026-02-14	ICTDEC/DAEAD	Fase 2 أ”أ‡أ¶ Desdobramento Orientado (definiâ”œآ؛â”œأ؛o de entregas por setor)	2026-02-21 12:05:31.311365+00	2026-02-21 12:05:31.311365+00
16	6.1.6	Compor redes e projetos estaduais, nacionais e internacionais de pesquisa cientâ”œآ،fica e tecnolâ”œâ”‚gica voltadas para aâ”œآ؛â”œأپes de inovaâ”œآ؛â”œأ؛o tecnolâ”œâ”‚gica	4	6	8	AE 6.1.1 (Ecossistema colaborativo) | AE 6.1.3 (Parcerias de pesquisa) | AE 6.1.4 (Extensâ”œأ؛o acadâ”œآ¬mica) | AE 1.1.3 (Fontes de recursos)	Integraâ”œآ؛â”œأ؛o institucional a ecossistemas de inovaâ”œآ؛â”œأ؛o e redes de colaboraâ”œآ؛â”œأ؛o multi-institucionais (O QUâ”œأ¨), visando posicionar a Defesa Civil do Estado na vanguarda tecnolâ”œâ”‚gica, atrair parcerias qualificadas e fomentar o desenvolvimento de soluâ”œآ؛â”œأپes para a reduâ”œآ؛â”œأ؛o de desastres (PARA QUâ”œأ¨).	Integraâ”œآ؛â”œأ؛o institucional a ecossistemas de inovaâ”œآ؛â”œأ؛o e redes de colaboraâ”œآ؛â”œأ؛o multi-institucionais.	Posicionar a Defesa Civil do Estado na vanguarda tecnolâ”œâ”‚gica, atrair parcerias qualificadas e fomentar o desenvolvimento de soluâ”œآ؛â”œأپes para a reduâ”œآ؛â”œأ؛o de desastres.	A integraâ”œآ؛â”œأ؛o a redes de pesquisa e ecossistemas de inovaâ”œآ؛â”œأ؛o â”œآ® o que permite â”œأ، Defesa Civil do Estado transitar do isolamento institucional para o posicionamento como ator cientâ”œآ،fico reconhecido. O Plano Estratâ”œآ®gico 2024أ”أ‡أ´2035 posiciona esta aâ”œآ؛â”œأ؛o na Estratâ”œآ®gia E6.1, com foco especâ”œآ،fico na composiâ”œآ؛â”œأ؛o de redes e projetos multi-institucionais nas escalas estadual, nacional e internacional. A iniciativa indicada â”œآ® o mapeamento dos principais grupos de estudos e pesquisas cientâ”œآ،ficas em defesa civil, visando a inserâ”œآ؛â”œأ؛o dos â”œâ”‚rgâ”œأ؛os tecnolâ”œâ”‚gicos, de ensino e pesquisa da estrutura SEDEC. A aâ”œآ؛â”œأ؛o â”œآ® complementar â”œأ،s AEs 6.1.3 (parcerias de pesquisa) e 6.1.4 (extensâ”œأ؛o acadâ”œآ¬mica), que operam na escala bilateral; esta AE opera na escala de rede. Conecta-se tambâ”œآ®m â”œأ، AE 1.1.3 (fontes de recursos), pois a participaâ”œآ؛â”œأ؛o em redes amplia o acesso a editais de fomento nacionais e internacionais.	\N	1.0	2026-02-14	ICTDEC/DAEAD	Fase 2 أ”أ‡أ¶ Desdobramento Orientado (definiâ”œآ؛â”œأ؛o de entregas por setor)	2026-02-21 12:05:31.311365+00	2026-02-21 12:05:31.311365+00
17	6.2.1	Promover a inovaâ”œآ؛â”œأ؛o institucional, a partir dos â”œâ”‚rgâ”œأ؛os cientâ”œآ،ficos, tecnolâ”œâ”‚gicos e de ensino da SEDEC	3	6	9	AE 2.1.6 (Gestâ”œأ؛o de processos) | AE 6.1.3 (Parcerias de pesquisa) | AE 6.3.2 (Sistematizaâ”œآ؛â”œأ؛o do conhecimento) | AE 6.4.1 (Inovaâ”œآ؛â”œأپes incrementais)	Fomento interno â”œأ، Pesquisa, Desenvolvimento e Inovaâ”œآ؛â”œأ؛o (PD&I) focado na resoluâ”œآ؛â”œأ؛o de problemas organizacionais (O QUâ”œأ¨), visando transformar a anâ”œأ­lise crâ”œآ،tica dos processos em novos produtos ou serviâ”œآ؛os que aumentem a eficiâ”œآ¬ncia das iniciativas da secretaria, fundamentando a evoluâ”œآ؛â”œأ؛o institucional em ciâ”œآ¬ncia aplicada (PARA QUâ”œأ¨).	Fomento interno â”œأ، Pesquisa, Desenvolvimento e Inovaâ”œآ؛â”œأ؛o (PD&I) focado na resoluâ”œآ؛â”œأ؛o de problemas organizacionais.	Transformar a anâ”œأ­lise crâ”œآ،tica dos processos em novos produtos ou serviâ”œآ؛os que aumentem a eficiâ”œآ¬ncia das iniciativas da Secretaria, fundamentando a evoluâ”œآ؛â”œأ؛o institucional em ciâ”œآ¬ncia aplicada.	A inovaâ”œآ؛â”œأ؛o institucional â”œآ® o que transforma a anâ”œأ­lise crâ”œآ،tica dos problemas organizacionais em soluâ”œآ؛â”œأپes concretas أ”أ‡أ¶ novos produtos, serviâ”œآ؛os ou processos que elevem a eficiâ”œآ¬ncia da Secretaria. O Plano Estratâ”œآ®gico 2024أ”أ‡أ´2035 posiciona esta aâ”œآ؛â”œأ؛o na Estratâ”œآ®gia E6.2 (Promoâ”œآ؛â”œأ؛o da Inovaâ”œآ؛â”œأ؛o), com foco em Pesquisa, Desenvolvimento e Inovaâ”œآ؛â”œأ؛o (PD&I) internos. A iniciativa indicada â”œآ® o estabelecimento de uma NGA sobre inovaâ”œآ؛â”œأ؛o com parâ”œأ³metros, metas e indicadores de avaliaâ”œآ؛â”œأ؛o. O OE 6 destaca como fator crâ”œآ،tico de sucesso a receptividade da cultura organizacional â”œأ، incorporaâ”œآ؛â”œأ؛o de novas tecnologias e doutrinas. A aâ”œآ؛â”œأ؛o se articula com a AE 2.1.6 (gestâ”œأ؛o de processos), que gera os diagnâ”œâ”‚sticos de gargalos que alimentam a inovaâ”œآ؛â”œأ؛o; com a AE 6.3.2 (sistematizaâ”œآ؛â”œأ؛o do conhecimento), que captura o saber tâ”œأ­cito que pode ser transformado em inovaâ”œآ؛â”œأ؛o; e com a AE 6.4.1 (inovaâ”œآ؛â”œأپes incrementais), que aplica os resultados.	\N	1.0	2026-02-14	ICTDEC/DAEAD	Fase 2 أ”أ‡أ¶ Desdobramento Orientado (definiâ”œآ؛â”œأ؛o de entregas por setor)	2026-02-21 12:05:31.311365+00	2026-02-21 12:05:31.311365+00
18	6.3.1	Promover a sistematizaâ”œآ؛â”œأ؛o de saberes/fazeres no â”œأ³mbito dos municâ”œآ،pios de modo a dar visibilidade para as aâ”œآ؛â”œأپes tâ”œآ®cnico-cientâ”œآ،ficas desenvolvidas no â”œأ³mbito do Estado do Rio de Janeiro	4	6	10	AE 6.3.2 (Conhecimento interno SEDEC) | AE 6.3.3 (Registro histâ”œâ”‚rico) | AE 6.2.1 (PD&I institucional) | AE 6.1.3 (Parcerias de pesquisa)	Implementaâ”œآ؛â”œأ؛o de uma estratâ”œآ®gia corporativa de Gestâ”œأ؛o do Conhecimento e Inteligâ”œآ¬ncia Coletiva (O QUâ”œأ¨), capaz de capturar, validar cientificamente e sistematizar o capital intelectual gerado em todas as instâ”œأ³ncias do Sistema (O QUâ”œأ¨), visando transformar experiâ”œآ¬ncias operacionais e prâ”œأ­ticas locais dispersas em doutrina tâ”œآ®cnica consolidada, conferindo carâ”œأ­ter cientâ”œآ،fico e visibilidade institucional â”œأ،s aâ”œآ؛â”œأپes de Defesa Civil (PARA QUâ”œأ¨).	Implementaâ”œآ؛â”œأ؛o de uma estratâ”œآ®gia corporativa de Gestâ”œأ؛o do Conhecimento e Inteligâ”œآ¬ncia Coletiva, capaz de capturar, validar cientificamente e sistematizar o capital intelectual gerado em todas as instâ”œأ³ncias do Sistema.	Transformar experiâ”œآ¬ncias operacionais e prâ”œأ­ticas locais dispersas em doutrina tâ”œآ®cnica consolidada, conferindo carâ”œأ­ter cientâ”œآ،fico e visibilidade institucional â”œأ،s aâ”œآ؛â”œأپes de Defesa Civil.	O Sistema Estadual de Proteâ”œآ؛â”œأ؛o e Defesa Civil produz conhecimento diariamente أ”أ‡أ¶ nas operaâ”œآ؛â”œأپes municipais, nos relatos de campo, nas soluâ”œآ؛â”œأپes improvisadas diante de desastres. Esse capital intelectual, porâ”œآ®m, permanece disperso e nâ”œأ؛o documentado. O Plano Estratâ”œآ®gico 2024أ”أ‡أ´2035 posiciona esta aâ”œآ؛â”œأ؛o na Estratâ”œآ®gia E6.3 (Fomento da Produâ”œآ؛â”œأ؛o de Conhecimento), com foco na implementaâ”œآ؛â”œأ؛o de uma estratâ”œآ®gia corporativa de Gestâ”œأ؛o do Conhecimento e Inteligâ”œآ¬ncia Coletiva. A iniciativa indicada â”œآ® a abertura de chamadas sistemâ”œأ­ticas para receber estudos, pesquisas e relatos de experiâ”œآ¬ncias desenvolvidas no â”œأ³mbito dos municâ”œآ،pios. A aâ”œآ؛â”œأ؛o complementa a AE 6.3.2 (sistematizaâ”œآ؛â”œأ؛o do conhecimento interno da SEDEC) e alimenta a AE 6.2.1 (PD&I institucional) e a AE 6.3.3 (registro histâ”œâ”‚rico).	\N	1.0	2026-02-14	ICTDEC/DAEAD	Fase 2 أ”أ‡أ¶ Desdobramento Orientado (definiâ”œآ؛â”œأ؛o de entregas por setor)	2026-02-21 12:05:31.311365+00	2026-02-21 12:05:31.311365+00
19	6.3.2	Sistematizar o conhecimento acumulado pelo pessoal da estrutura SEDEC, passâ”œآ،vel de aplicaâ”œآ؛â”œأ؛o em projetos de pesquisa, desenvolvimento e inovaâ”œآ؛â”œأ؛o	3	6	10	AE 6.3.1 (Saberes municipais) | AE 6.3.3 (Registro histâ”œâ”‚rico) | AE 6.2.1 (PD&I institucional) | AE 2.1.4 (Cultura organizacional)	Estabelecimento de rotinas para identificar, registrar e estruturar o conhecimento tâ”œأ­cito e as experiâ”œآ¬ncias operacionais do efetivo (O QUâ”œأ¨), visando transformar vivâ”œآ¬ncias prâ”œأ­ticas em base tâ”œآ®cnica para alimentar linhas de pesquisa, subsidiar o desenvolvimento de novas tecnologias e fomentar a inovaâ”œآ؛â”œأ؛o aplicada â”œأ،s necessidades do sistema (PARA QUâ”œأ¨).	Estabelecimento de rotinas para identificar, registrar e estruturar o conhecimento tâ”œأ­cito e as experiâ”œآ¬ncias operacionais do efetivo.	Transformar vivâ”œآ¬ncias prâ”œأ­ticas em base tâ”œآ®cnica para alimentar linhas de pesquisa, subsidiar o desenvolvimento de novas tecnologias e fomentar a inovaâ”œآ؛â”œأ؛o aplicada â”œأ،s necessidades do sistema.	O efetivo da SEDEC acumula dâ”œآ®cadas de experiâ”œآ¬ncia operacional em gestâ”œأ؛o de riscos e desastres أ”أ‡أ¶ conhecimento que existe na prâ”œأ­tica, nos relatos informais e na memâ”œâ”‚ria individual, mas que nâ”œأ؛o estâ”œأ­ registrado nem estruturado. O Plano Estratâ”œآ®gico 2024أ”أ‡أ´2035 posiciona esta aâ”œآ؛â”œأ؛o na Estratâ”œآ®gia E6.3 (Fomento da Produâ”œآ؛â”œأ؛o de Conhecimento), com foco no estabelecimento de rotinas para identificar, registrar e estruturar o conhecimento tâ”œأ­cito e as experiâ”œآ¬ncias operacionais do efetivo. A iniciativa indicada â”œآ® a avaliaâ”œآ؛â”œأ؛o constante a partir de exercâ”œآ،cios simulados e painâ”œآ®is pâ”œâ”‚s-desastres. A aâ”œآ؛â”œأ؛o complementa a AE 6.3.1 (saberes dos municâ”œآ،pios), formando com ela o conjunto completo da gestâ”œأ؛o do conhecimento do Sistema. O conhecimento sistematizado alimenta diretamente a AE 6.2.1 (PD&I institucional) e a AE 6.3.3 (registro histâ”œâ”‚rico).	\N	1.0	2026-02-16	ICTDEC/DAEAD	Fase 2 أ”أ‡أ¶ Desdobramento Orientado (definiâ”œآ؛â”œأ؛o de entregas por setor)	2026-02-21 12:05:31.311365+00	2026-02-21 12:05:31.311365+00
20	6.3.3	Garantir o registro histâ”œâ”‚rico, tâ”œآ®cnico, tecnolâ”œâ”‚gico e cientâ”œآ،fico das aâ”œآ؛â”œأپes, serviâ”œآ؛os e processos de formaâ”œآ؛â”œأ؛o e capacitaâ”œآ؛â”œأ؛o cientâ”œآ،fica e tecnolâ”œâ”‚gica	3	6	10	AE 6.3.1 (Saberes municipais) | AE 6.3.2 (Conhecimento interno) | AE 6.5.1 (Ciclo da informaâ”œآ؛â”œأ؛o) | AE 6.2.1 (PD&I institucional)	Organizaâ”œآ؛â”œأ؛o, digitalizaâ”œآ؛â”œأ؛o e preservaâ”œآ؛â”œأ؛o do acervo documental e da memâ”œâ”‚ria tâ”œآ®cnica institucional (O QUâ”œأ¨), visando assegurar a rastreabilidade das evoluâ”œآ؛â”œأپes doutrinâ”œأ­rias e fornecer substrato auditâ”œأ­vel para estudos longitudinais sobre a gestâ”œأ؛o de desastres no Estado (PARA QUâ”œأ¨).	Organizaâ”œآ؛â”œأ؛o, digitalizaâ”œآ؛â”œأ؛o e preservaâ”œآ؛â”œأ؛o do acervo documental e da memâ”œâ”‚ria tâ”œآ®cnica institucional.	Assegurar a rastreabilidade das evoluâ”œآ؛â”œأپes doutrinâ”œأ­rias e fornecer substrato auditâ”œأ­vel para estudos longitudinais sobre a gestâ”œأ؛o de desastres no Estado.	As aâ”œآ؛â”œأپes 6.3.1 e 6.3.2 capturam e sistematizam conhecimento novo أ”أ‡أ¶ dos municâ”œآ،pios e do efetivo, respectivamente. Esta aâ”œآ؛â”œأ؛o complementa o ciclo ao garantir que todo esse conhecimento, junto com o acervo histâ”œâ”‚rico jâ”œأ­ existente, seja preservado, organizado e acessâ”œآ،vel. O Plano Estratâ”œآ®gico 2024أ”أ‡أ´2035 posiciona esta aâ”œآ؛â”œأ؛o na Estratâ”œآ®gia E6.3 (Fomento da Produâ”œآ؛â”œأ؛o de Conhecimento), com foco na organizaâ”œآ؛â”œأ؛o, digitalizaâ”œآ؛â”œأ؛o e preservaâ”œآ؛â”œأ؛o do acervo documental e da memâ”œâ”‚ria tâ”œآ®cnica institucional. A iniciativa indicada â”œآ® a construâ”œآ؛â”œأ؛o de uma publicaâ”œآ؛â”œأ؛o anual ou semestral que registre o histâ”œâ”‚rico dos campos teâ”œâ”‚rico, tâ”œآ®cnico, cientâ”œآ،fico, operativo e gerencial da instituiâ”œآ؛â”œأ؛o. A aâ”œآ؛â”œأ؛o articula-se tambâ”œآ®m com a AE 6.5.1 (ciclo da informaâ”œآ؛â”œأ؛o), pois a memâ”œâ”‚ria tâ”œآ®cnica â”œآ® parte essencial da governanâ”œآ؛a de dados institucional.	\N	1.0	2026-02-16	ICTDEC/DAEAD	Fase 2 أ”أ‡أ¶ Desdobramento Orientado (definiâ”œآ؛â”œأ؛o de entregas por setor)	2026-02-21 12:05:31.311365+00	2026-02-21 12:05:31.311365+00
22	6.5.1	Mapear o ciclo da informaâ”œآ؛â”œأ؛o: produâ”œآ؛â”œأ؛o, organizaâ”œآ؛â”œأ؛o/sistematizaâ”œآ؛â”œأ؛o, armazenamento, disseminaâ”œآ؛â”œأ؛o, divulgaâ”œآ؛â”œأ؛o e uso na estrutura SEDEC	3	6	12	AE 6.5.2 (Metafonte) | AE 6.3.3 (Memâ”œâ”‚ria tâ”œآ®cnica) | AE 2.1.6 (Gestâ”œأ؛o de processos) | AE 4.3.1 (Sistemas tecnolâ”œâ”‚gicos)	Estabelecimento de diretrizes de governanâ”œآ؛a de dados e protocolos de fluxo informacional (O QUâ”œأ¨), visando transformar dados dispersos em ativos de conhecimento institucional acessâ”œآ،veis, garantindo a preservaâ”œآ؛â”œأ؛o da memâ”œâ”‚ria tâ”œآ®cnica e a disponibilidade de informaâ”œآ؛â”œأپes confiâ”œأ­veis para subsidiar a tomada de decisâ”œأ؛o em todos os nâ”œآ،veis (PARA QUâ”œأ¨).	Estabelecimento de diretrizes de governanâ”œآ؛a de dados e protocolos de fluxo informacional.	Transformar dados dispersos em ativos de conhecimento institucional acessâ”œآ،veis, garantindo a preservaâ”œآ؛â”œأ؛o da memâ”œâ”‚ria tâ”œآ®cnica e a disponibilidade de informaâ”œآ؛â”œأپes confiâ”œأ­veis para subsidiar a tomada de decisâ”œأ؛o em todos os nâ”œآ،veis.	A informaâ”œآ؛â”œأ؛o â”œآ® o insumo mais crâ”œآ،tico da Defesa Civil أ”أ‡أ¶ da emissâ”œأ؛o de alertas â”œأ، tomada de decisâ”œأ؛o estratâ”œآ®gica. No entanto, nâ”œأ؛o existe um mapeamento de como a informaâ”œآ؛â”œأ؛o â”œآ® produzida, organizada, armazenada, disseminada e utilizada dentro da SEDEC. O Plano Estratâ”œآ®gico 2024أ”أ‡أ´2035 posiciona esta aâ”œآ؛â”œأ؛o na Estratâ”œآ®gia E6.5 (Aprimoramento da Gestâ”œأ؛o da Informaâ”œآ؛â”œأ؛o), com foco no estabelecimento de diretrizes de governanâ”œآ؛a de dados e protocolos de fluxo informacional. A iniciativa indicada â”œآ® identificar atores, dispositivos legais, sistemas de armazenamento e organizaâ”œآ؛â”œأ؛o, sistemas de disseminaâ”œآ؛â”œأ؛o أ”أ‡آ£entre os paresأ”أ‡أک, divulgaâ”œآ؛â”œأ؛o أ”أ‡آ£para todos os pâ”œâ•‘blicosأ”أ‡أک e modos de apropriaâ”œآ؛â”œأ؛o (uso e aplicaâ”œآ؛â”œأ؛o) da informaâ”œآ؛â”œأ؛o. A aâ”œآ؛â”œأ؛o â”œآ® prâ”œآ®-requisito para a AE 6.5.2 (Metafonte) e complementa a AE 6.3.3 (memâ”œâ”‚ria tâ”œآ®cnica).	\N	1.0	2026-02-16	ICTDEC/DAEAD	Fase 2 أ”أ‡أ¶ Desdobramento Orientado (definiâ”œآ؛â”œأ؛o de entregas por setor)	2026-02-21 12:05:31.311365+00	2026-02-21 12:05:31.311365+00
25	8.1.5	Atuar em colaboraâ”œآ؛â”œأ؛o com os municâ”œآ،pios nas aâ”œآ؛â”œأپes de prevenâ”œآ؛â”œأ؛o e mitigaâ”œآ؛â”œأ؛o	5	8	14	AE 8.1.3 (Autonomia em alerta/alarme) | AE 8.1.4 (Captaâ”œآ؛â”œأ؛o de recursos federais) | AE 8.2.7 (Colaboraâ”œآ؛â”œأ؛o em preparaâ”œآ؛â”œأ؛o e resposta) | AE 10.1.2 (Projetos comunitâ”œأ­rios)	Estabelecimento de um regime de cooperaâ”œآ؛â”œأ؛o tâ”œآ®cnica e institucional multifacetado, abrangendo desde o suporte ao ordenamento territorial e normatizaâ”œآ؛â”œأ؛o atâ”œآ® a articulaâ”œآ؛â”œأ؛o para viabilizaâ”œآ؛â”œأ؛o de medidas estruturais e nâ”œأ؛o estruturais (O QUâ”œأ¨), visando nâ”œأ؛o apenas a instrumentalizaâ”œآ؛â”œأ؛o da gestâ”œأ؛o local, mas a efetiva reduâ”œآ؛â”œأ؛o das vulnerabilidades e riscos preexistentes no territâ”œâ”‚rio fluminense (PARA QUâ”œأ¨).	Estabelecimento de um regime de cooperaâ”œآ؛â”œأ؛o tâ”œآ®cnica e institucional multifacetado, abrangendo desde o suporte ao ordenamento territorial e normatizaâ”œآ؛â”œأ؛o atâ”œآ® a articulaâ”œآ؛â”œأ؛o para viabilizaâ”œآ؛â”œأ؛o de medidas estruturais e nâ”œأ؛o estruturais.	Nâ”œأ؛o apenas a instrumentalizaâ”œآ؛â”œأ؛o da gestâ”œأ؛o local, mas a efetiva reduâ”œآ؛â”œأ؛o das vulnerabilidades e riscos preexistentes no territâ”œâ”‚rio fluminense.	A reduâ”œآ؛â”œأ؛o de vulnerabilidades e riscos no territâ”œâ”‚rio fluminense depende de aâ”œآ؛â”œأپes de prevenâ”œآ؛â”œأ؛o e mitigaâ”œآ؛â”œأ؛o executadas nos municâ”œآ،pios أ”أ‡أ¶ mas a maioria nâ”œأ؛o dispâ”œأپe de capacidade tâ”œآ®cnica, cientâ”œآ،fica e institucional para conduzi-las sozinha. O Plano Estratâ”œآ®gico 2024أ”أ‡أ´2035 posiciona esta aâ”œآ؛â”œأ؛o na Estratâ”œآ®gia E8.1, com foco no estabelecimento de um regime de cooperaâ”œآ؛â”œأ؛o tâ”œآ®cnica e institucional multifacetado: desde o suporte ao ordenamento territorial e â”œأ، normatizaâ”œآ؛â”œأ؛o atâ”œآ® a articulaâ”œآ؛â”œأ؛o para viabilizaâ”œآ؛â”œأ؛o de medidas estruturais e nâ”œأ؛o estruturais. A iniciativa indicada â”œآ® apoiar com recursos estaduais projetos de prevenâ”œآ؛â”œأ؛o e mitigaâ”œآ؛â”œأ؛o. A aâ”œآ؛â”œأ؛o mobiliza mâ”œâ•‘ltiplos â”œâ”‚rgâ”œأ؛os da Defesa Civil Estadual, cada um na sua competâ”œآ¬ncia.	\N	1.0	2026-02-17	ICTDEC/DAEAD	Fase 2 أ”أ‡أ¶ Desdobramento Orientado (definiâ”œآ؛â”œأ؛o de entregas por setor)	2026-02-21 12:05:31.311365+00	2026-02-21 12:05:31.311365+00
26	8.2.5	Desenvolver conteâ”œâ•‘do doutrinâ”œأ­rio para apoio â”œأ،s aâ”œآ؛â”œأپes de preparaâ”œآ؛â”œأ؛o e resposta	5	8	15	AE 8.2.1 (Alinhamento operacional em resposta) | AE 8.2.7 (Colaboraâ”œآ؛â”œأ؛o com municâ”œآ،pios) | AE 6.3.3 (Memâ”œâ”‚ria tâ”œآ®cnica) | AE 2.1.5 (Revisâ”œأ؛o de normas internas)	Prestaâ”œآ؛â”œأ؛o de assessoria tâ”œآ®cnica e fomento â”œأ،s estratâ”œآ®gias de planejamento de contingâ”œآ¬ncia, somada â”œأ، mobilizaâ”œآ؛â”œأ؛o de suporte operacional direto e complementar em situaâ”œآ؛â”œأپes de crise (O QUâ”œأ¨), visando instrumentalizar a prontidâ”œأ؛o local e assegurar a suficiâ”œآ¬ncia da resposta estatal quando a capacidade de atendimento municipal for excedida (PARA QUâ”œأ¨).	Produâ”œآ؛â”œأ؛o e atualizaâ”œآ؛â”œأ؛o de manuais tâ”œآ®cnicos, POPs e guias de referâ”œآ¬ncia.	A padronizaâ”œآ؛â”œأ؛o tâ”œأ­tica das equipes e a preservaâ”œآ؛â”œأ؛o do conhecimento operacional acumulado pela instituiâ”œآ؛â”œأ؛o.	A Secretaria acumula dâ”œآ®cadas de experiâ”œآ¬ncia operacional em preparaâ”œآ؛â”œأ؛o e resposta a desastres. No entanto, esse conhecimento estâ”œأ­ concentrado em pessoas, nâ”œأ؛o em documentos. Manuais tâ”œآ®cnicos sâ”œأ؛o escassos, POPs inexistem ou estâ”œأ؛o desatualizados, e os guias de referâ”œآ¬ncia nâ”œأ؛o refletem as liâ”œآ؛â”œأپes aprendidas nas operaâ”œآ؛â”œأپes mais recentes. O Plano Estratâ”œآ®gico 2024أ”أ‡أ´2035 posiciona esta aâ”œآ؛â”œأ؛o na Estratâ”œآ®gia E8.2 (Aprimoramento dos serviâ”œآ؛os de preparaâ”œآ؛â”œأ؛o e resposta), com foco na produâ”œآ؛â”œأ؛o e atualizaâ”œآ؛â”œأ؛o de conteâ”œâ•‘do doutrinâ”œأ­rio. As iniciativas indicadas incluem a criaâ”œآ؛â”œأ؛o do manual de funcionamento dos Gabinetes Integrados de Gestâ”œأ؛o de Desastres (GIGD) e a produâ”œآ؛â”œأ؛o de conteâ”œâ•‘do de apoio aos municâ”œآ،pios sobre estruturas de suporte a desastres.	\N	1.0	2026-02-17	ICTDEC/DAEAD	Fase 2 أ”أ‡أ¶ Desdobramento Orientado (definiâ”œآ؛â”œأ؛o de entregas por setor)	2026-02-21 12:05:31.311365+00	2026-02-21 12:05:31.311365+00
27	8.2.7	Atuar em colaboraâ”œآ؛â”œأ؛o com os municâ”œآ،pios nas aâ”œآ؛â”œأپes de preparaâ”œآ؛â”œأ؛o e resposta	5	8	15	AE 8.1.5 (Colaboraâ”œآ؛â”œأ؛o em prevenâ”œآ؛â”œأ؛o/mitigaâ”œآ؛â”œأ؛o) | AE 8.2.1 (Alinhamento operacional) | AE 8.2.5 (Conteâ”œâ•‘do doutrinâ”œأ­rio) | AE 8.1.3 (Autonomia em alerta/alarme)	Prestaâ”œآ؛â”œأ؛o de assessoria tâ”œآ®cnica e fomento â”œأ،s estratâ”œآ®gias de planejamento de contingâ”œآ¬ncia, somada â”œأ، mobilizaâ”œآ؛â”œأ؛o de suporte operacional direto e complementar em situaâ”œآ؛â”œأپes de crise (O QUâ”œأ¨), visando instrumentalizar a prontidâ”œأ؛o local e assegurar a suficiâ”œآ¬ncia da resposta estatal quando a capacidade de atendimento municipal for excedida (PARA QUâ”œأ¨).	Prestaâ”œآ؛â”œأ؛o de assessoria tâ”œآ®cnica e fomento â”œأ،s estratâ”œآ®gias de planejamento de contingâ”œآ¬ncia, somada â”œأ، mobilizaâ”œآ؛â”œأ؛o de suporte operacional direto e complementar em situaâ”œآ؛â”œأپes de crise.	Instrumentalizar a prontidâ”œأ؛o local e assegurar a suficiâ”œآ¬ncia da resposta estatal quando a capacidade de atendimento municipal for excedida.	A capacidade de resposta a desastres no Estado depende da preparaâ”œآ؛â”œأ؛o dos municâ”œآ،pios. Quando a capacidade municipal â”œآ® excedida, o Estado â”œآ® chamado a complementar أ”أ‡أ¶ mas a qualidade dessa complementaâ”œآ؛â”œأ؛o depende de articulaâ”œآ؛â”œأ؛o prâ”œآ®via, nâ”œأ؛o de improvisaâ”œآ؛â”œأ؛o durante a crise. O Plano Estratâ”œآ®gico 2024أ”أ‡أ´2035 posiciona esta aâ”œآ؛â”œأ؛o na Estratâ”œآ®gia E8.2, com duas dimensâ”œأپes complementares: a prestaâ”œآ؛â”œأ؛o de assessoria tâ”œآ®cnica para o planejamento de contingâ”œآ¬ncia municipal (preparaâ”œآ؛â”œأ؛o) e a mobilizaâ”œآ؛â”œأ؛o de suporte operacional direto quando a capacidade local for excedida (resposta). A iniciativa indicada â”œآ® apoiar com recursos estaduais projetos de preparaâ”œآ؛â”œأ؛o e resposta.	\N	1.0	2026-02-17	ICTDEC/DAEAD	Fase 2 أ”أ‡أ¶ Desdobramento Orientado (definiâ”œآ؛â”œأ؛o de entregas por setor)	2026-02-21 12:05:31.311365+00	2026-02-21 12:05:31.311365+00
28	8.3.1	Articular aparato estatal para apoiar projetos de recuperaâ”œآ؛â”œأ؛o quando solicitado pelos municâ”œآ،pios	4	8	16	AE 8.3.2 (Conscientizaâ”œآ؛â”œأ؛o para melhor reconstruir) | AE 8.3.3 (Captaâ”œآ؛â”œأ؛o de recursos federais para recuperaâ”œآ؛â”œأ؛o) | AE 8.3.4 (Colaboraâ”œآ؛â”œأ؛o com municâ”œآ،pios na recuperaâ”œآ؛â”œأ؛o) | AE 8.2.7 (Colaboraâ”œآ؛â”œأ؛o em preparaâ”œآ؛â”œأ؛o/resposta)	Estabelecimento de fluxos transversais de comunicaâ”œآ؛â”œأ؛o intersetorial e definiâ”œآ؛â”œأ؛o de critâ”œآ®rios tâ”œآ®cnicos de priorizaâ”œآ؛â”œأ؛o (O QUâ”œأ¨), visando assegurar uma atuaâ”œآ؛â”œأ؛o integrada do Estado, direcionada â”œأ،s infraestruturas crâ”œآ،ticas e fundamentada em avaliaâ”œآ؛â”œأپes de danos auditâ”œأ­veis (PARA QUâ”œأ¨).	Estabelecimento de fluxos transversais de comunicaâ”œآ؛â”œأ؛o intersetorial e definiâ”œآ؛â”œأ؛o de critâ”œآ®rios tâ”œآ®cnicos de priorizaâ”œآ؛â”œأ؛o.	Assegurar uma atuaâ”œآ؛â”œأ؛o integrada do Estado, direcionada â”œأ،s infraestruturas crâ”œآ،ticas e fundamentada em avaliaâ”œآ؛â”œأپes de danos auditâ”œأ­veis.	A recuperaâ”œآ؛â”œأ؛o pâ”œâ”‚s-desastre exige capacidades que estâ”œأ؛o fora da Defesa Civil: obras de infraestrutura, habitaâ”œآ؛â”œأ؛o, saneamento, energia, rodovias, equipamentos pâ”œâ•‘blicos. A SEDEC nâ”œأ؛o executa recuperaâ”œآ؛â”œأ؛o أ”أ‡أ¶ articula o aparato estatal para que os â”œâ”‚rgâ”œأ؛os competentes o faâ”œآ؛am, de forma integrada e priorizada. O Plano Estratâ”œآ®gico 2024أ”أ‡أ´2035 posiciona esta aâ”œآ؛â”œأ؛o na Estratâ”œآ®gia E8.3, com foco no estabelecimento de fluxos transversais de comunicaâ”œآ؛â”œأ؛o intersetorial e na definiâ”œآ؛â”œأ؛o de critâ”œآ®rios tâ”œآ®cnicos de priorizaâ”œآ؛â”œأ؛o, direcionados â”œأ،s infraestruturas crâ”œآ،ticas e fundamentados em avaliaâ”œآ؛â”œأپes de danos auditâ”œأ­veis. A iniciativa indicada â”œآ® normatizar o procedimento para recebimento dessa demanda.	\N	1.0	2026-02-17	ICTDEC/DAEAD	Fase 2 أ”أ‡أ¶ Desdobramento Orientado (definiâ”œآ؛â”œأ؛o de entregas por setor)	2026-02-21 12:05:31.311365+00	2026-02-21 12:05:31.311365+00
29	8.3.2	Promover conscientizaâ”œآ؛â”œأ؛o dos â”œâ”‚rgâ”œأ؛os estaduais relacionados â”œأ،s aâ”œآ؛â”œأپes de recuperaâ”œآ؛â”œأ؛o quanto aos princâ”œآ،pios para melhor reconstruir apâ”œâ”‚s desastres	4	8	16	AE 8.3.1 (Articulaâ”œآ؛â”œأ؛o do aparato estatal) | AE 8.3.4 (Colaboraâ”œآ؛â”œأ؛o com municâ”œآ،pios na recuperaâ”œآ؛â”œأ؛o) | AE 9.2.1 (Polâ”œآ،ticas transversais de RRD)	Construâ”œآ؛â”œأ؛o e difusâ”œأ؛o de diretrizes de reduâ”œآ؛â”œأ؛o de riscos junto aos â”œâ”‚rgâ”œأ؛os executores de obras e infraestrutura (O QUâ”œأ¨), visando evitar a reconstruâ”œآ؛â”œأ؛o de cenâ”œأ­rios de vulnerabilidade e promover a resiliâ”œآ¬ncia em investimentos de recuperaâ”œآ؛â”œأ؛o (PARA QUâ”œأ¨).	Construâ”œآ؛â”œأ؛o e difusâ”œأ؛o de diretrizes de reduâ”œآ؛â”œأ؛o de riscos junto aos â”œâ”‚rgâ”œأ؛os executores de obras e infraestrutura.	Evitar a reconstruâ”œآ؛â”œأ؛o de cenâ”œأ­rios de vulnerabilidade e promover a resiliâ”œآ¬ncia em investimentos de recuperaâ”œآ؛â”œأ؛o.	A recuperaâ”œآ؛â”œأ؛o pâ”œâ”‚s-desastre â”œآ® uma oportunidade para reduzir vulnerabilidades. O princâ”œآ،pio de أ”أ‡آ£reconstruir melhorأ”أ‡أک (build back better), previsto no Marco de Sendai e incorporado pelo PN-PDC 2025أ”أ‡أ´2035, orienta que as aâ”œآ؛â”œأپes de recuperaâ”œآ؛â”œأ؛o nâ”œأ؛o reproduzam os cenâ”œأ­rios de risco que existiam antes do desastre. No entanto, os â”œâ”‚rgâ”œأ؛os estaduais que executam obras e intervenâ”œآ؛â”œأپes de infraestrutura nâ”œأ؛o necessariamente incorporam esses princâ”œآ،pios em seus projetos. O Plano Estratâ”œآ®gico 2024أ”أ‡أ´2035 posiciona esta aâ”œآ؛â”œأ؛o na Estratâ”œآ®gia E8.3, com foco na construâ”œآ؛â”œأ؛o e difusâ”œأ؛o de diretrizes de reduâ”œآ؛â”œأ؛o de riscos junto aos â”œâ”‚rgâ”œأ؛os executores. As iniciativas indicadas sâ”œأ؛o o desenvolvimento de atividades de nivelamento e a produâ”œآ؛â”œأ؛o de mâ”œآ،dias para difusâ”œأ؛o.	\N	1.0	2026-02-17	ICTDEC/DAEAD	Fase 2 أ”أ‡أ¶ Desdobramento Orientado (definiâ”œآ؛â”œأ؛o de entregas por setor)	2026-02-21 12:05:31.311365+00	2026-02-21 12:05:31.311365+00
30	9.2.1	Implementar mecanismos que viabilizem discussâ”œأپes relacionadas ao desenvolvimento de polâ”œآ،ticas de RRD transversais e integradas	4	9	17	AE 8.3.2 (Conscientizaâ”œآ؛â”œأ؛o para melhor reconstruir) | AE 9.1.1 (Ferramentas de compreensâ”œأ؛o de riscos) | AE 9.1.2 (Planos de RRD) | AE 5.1.1 (Integraâ”œآ؛â”œأ؛o do SIEPDEC)	Estabelecimento de instâ”œأ³ncias de articulaâ”œآ؛â”œأ؛o intersetorial ampliada, envolvendo atores externos e parceiros estratâ”œآ®gicos (O QUâ”œأ¨), visando qualificar o debate tâ”œآ®cnico e assegurar a transversalidade da reduâ”œآ؛â”œأ؛o de riscos nas mâ”œâ•‘ltiplas agendas de governo e sua plena integraâ”œآ؛â”œأ؛o ao planejamento global de desenvolvimento do Estado (PARA QUâ”œأ¨).	Estabelecimento de instâ”œأ³ncias de articulaâ”œآ؛â”œأ؛o intersetorial ampliada, envolvendo atores externos e parceiros estratâ”œآ®gicos.	Qualificar o debate tâ”œآ®cnico e assegurar a transversalidade da reduâ”œآ؛â”œأ؛o de riscos nas mâ”œâ•‘ltiplas agendas de governo e sua plena integraâ”œآ؛â”œأ؛o ao planejamento global de desenvolvimento do Estado.	A reduâ”œآ؛â”œأ؛o de riscos de desastres nâ”œأ؛o se resolve dentro da Defesa Civil. Ela depende de polâ”œآ،ticas pâ”œâ•‘blicas de ordenamento territorial, saâ”œâ•‘de, educaâ”œآ؛â”œأ؛o, meio ambiente, infraestrutura, habitaâ”œآ؛â”œأ؛o e outras â”œأ­reas que nâ”œأ؛o estâ”œأ؛o sob gestâ”œأ؛o da SEDEC. O Plano Estratâ”œآ®gico 2024أ”أ‡أ´2035 posiciona esta aâ”œآ؛â”œأ؛o na Estratâ”œآ®gia E9.2, com foco no estabelecimento de instâ”œأ³ncias de articulaâ”œآ؛â”œأ؛o intersetorial ampliada que envolvam atores externos e parceiros estratâ”œآ®gicos, qualificando o debate tâ”œآ®cnico e assegurando a transversalidade da RRD nas mâ”œâ•‘ltiplas agendas de governo. As iniciativas indicadas incluem capacitaâ”œآ؛â”œأ؛o voltada para produâ”œآ؛â”œأ؛o de polâ”œآ،tica pâ”œâ•‘blica transversal e integrada de RRD e a realizaâ”œآ؛â”œأ؛o de reuniâ”œأپes ou eventos periâ”œâ”‚dicos. A PEPDEC (Parâ”œأ­grafo â”œأœnico do Art. 2â”¬â•‘) jâ”œأ­ determina a integraâ”œآ؛â”œأ؛o com polâ”œآ،ticas de ordenamento territorial, desenvolvimento urbano, saâ”œâ•‘de, meio ambiente, mudanâ”œآ؛as climâ”œأ­ticas e demais polâ”œآ،ticas setoriais.	Lacuna estrutural identificada\nA execuâ”œآ؛â”œأ؛o desta aâ”œآ؛â”œأ؛o exige capacidades de planejamento, articulaâ”œآ؛â”œأ؛o intersetorial, coordenaâ”œآ؛â”œأ؛o e monitoramento contâ”œآ،nuo junto a â”œâ”‚rgâ”œأ؛os externos ao SIEPDEC-RJ. Atualmente, nâ”œأ؛o hâ”œأ­ na estrutura da SUBSEGOP um â”œâ”‚rgâ”œأ؛o de assessoramento dedicado a essas funâ”œآ؛â”œأپes.\nNa ausâ”œآ¬ncia desse â”œâ”‚rgâ”œأ؛o, o enquadramento atribui provisoriamente as funâ”œآ؛â”œأپes de produâ”œآ؛â”œأ؛o de conteâ”œâ•‘do tâ”œآ®cnico e estruturaâ”œآ؛â”œأ؛o metodolâ”œâ”‚gica ao ICTDEC (com CEPEDEC), de capacitaâ”œآ؛â”œأ؛o â”œأ، ESDEC e de articulaâ”œآ؛â”œأ؛o polâ”œآ،tica â”œأ، prâ”œâ”‚pria SUBSEGOP. Contudo, a sustentabilidade da aâ”œآ؛â”œأ؛o no mâ”œآ®dio prazo depende da estruturaâ”œآ؛â”œأ؛o de capacidade dedicada de assessoramento â”œأ، SUBSEGOP para planejamento, articulaâ”œآ؛â”œأ؛o, coordenaâ”œآ؛â”œأ؛o e monitoramento da agenda intersetorial de RRD.\nEsta nota registra a lacuna para consideraâ”œآ؛â”œأ؛o na evoluâ”œآ؛â”œأ؛o do organograma da Secretaria.	1.0	2026-02-18	ICTDEC/DAEAD	Fase 2 أ”أ‡أ¶ Desdobramento Orientado (definiâ”œآ؛â”œأ؛o de entregas por setor)	2026-02-21 12:05:31.311365+00	2026-02-21 12:05:31.311365+00
23	7.1.2	Desenvolver atuaâ”œآ؛â”œأ؛o parlamentar para os interesses da proteâ”œآ؛â”œأ؛o e defesa civil	2	7	13	AE 7.1.1 (Monitoramento do arcabouâ”œآ؛o normativo) | AE 2.1.5 (Revisâ”œأ؛o de normas internas) | AE 2.1.3 (Comunicaâ”œآ؛â”œأ؛o institucional)	Fortalecimento da estrutura de assessoria parlamentar e capacitaâ”œآ؛â”œأ؛o tâ”œآ®cnica dos representantes institucionais (O QUâ”œأ¨), visando elevar a autoridade da pasta nas discussâ”œأپes legislativas e assegurar a centralidade e a especificidade da agenda de Gestâ”œأ؛o de Riscos e Desastres (GRD) nos debates e alocaâ”œآ؛â”œأپes orâ”œآ؛amentâ”œأ­rias (PARA QUâ”œأ¨).	Fortalecimento da estrutura de assessoria parlamentar e capacitaâ”œآ؛â”œأ؛o tâ”œآ®cnica dos representantes institucionais.	Elevar a autoridade da pasta nas discussâ”œأپes legislativas e assegurar a centralidade e a especificidade da agenda de Gestâ”œأ؛o de Riscos e Desastres (GRD) nos debates e alocaâ”œآ؛â”œأپes orâ”œآ؛amentâ”œأ­rias.	A Defesa Civil depende de marcos legais adequados para operar com efetividade أ”أ‡أ¶ desde a alocaâ”œآ؛â”œأ؛o orâ”œآ؛amentâ”œأ­ria atâ”œآ® os instrumentos jurâ”œآ،dicos de atuaâ”œآ؛â”œأ؛o em emergâ”œآ¬ncia. No entanto, a agenda de Gestâ”œأ؛o de Riscos e Desastres (GRD) raramente â”œآ® protagonista nas discussâ”œأپes legislativas. O Plano Estratâ”œآ®gico 2024أ”أ‡أ´2035 posiciona esta aâ”œآ؛â”œأ؛o na Estratâ”œآ®gia E7.1 (Aprimoramento de normas legais e infralegais), com foco no fortalecimento da estrutura de assessoria parlamentar e na capacitaâ”œآ؛â”œأ؛o tâ”œآ®cnica dos representantes institucionais. A iniciativa indicada â”œآ® a criaâ”œآ؛â”œأ؛o de um nâ”œâ•‘cleo de defesa civil para atividades parlamentares junto ao â”œâ”‚rgâ”œأ؛o responsâ”œأ­vel pela articulaâ”œآ؛â”œأ؛o com o Legislativo. A aâ”œآ؛â”œأ؛o complementa a AE 7.1.1 (monitoramento do arcabouâ”œآ؛o normativo): enquanto lâ”œأ­ se identifica o que precisa mudar, aqui se articula politicamente para que a mudanâ”œآ؛a aconteâ”œآ؛a.	Ponto de atenâ”œآ؛â”œأ؛o: Esta aâ”œآ؛â”œأ؛o estratâ”œآ®gica pressupâ”œأپe a existâ”œآ¬ncia de um â”œâ”‚rgâ”œأ؛o com mandato claro para a articulaâ”œآ؛â”œأ؛o parlamentar estratâ”œآ®gica da Defesa Civil, posicionado em nâ”œآ،vel hierâ”œأ­rquico compatâ”œآ،vel com a natureza polâ”œآ،tico-institucional dessa funâ”œآ؛â”œأ؛o (assessoria da Subsecretaria Operacional ou da prâ”œâ”‚pria Secretaria).\nNa estrutura atual, esse arranjo nâ”œأ؛o estâ”œأ­ definido com a clareza e o posicionamento necessâ”œأ­rios. A funâ”œآ؛â”œأ؛o de monitorar o cenâ”œأ­rio legislativo, antecipar-se a ameaâ”œآ؛as normativas e aproveitar oportunidades legislativas exige autonomia de articulaâ”œآ؛â”œأ؛o e acesso direto â”œأ، Alta Gestâ”œأ؛o أ”أ‡أ¶ caracterâ”œآ،sticas que demandam posicionamento adequado na hierarquia institucional.\nA definiâ”œآ؛â”œأ؛o desse arranjo institucional â”œآ® prâ”œآ®-condiâ”œآ؛â”œأ؛o para a execuâ”œآ؛â”œأ؛o plena desta aâ”œآ؛â”œأ؛o e deve ser tratada em foro prâ”œâ”‚prio (reorganizaâ”œآ؛â”œأ؛o estrutural), extrapolando o escopo deste enquadramento setorial.\nEste documento enquadra exclusivamente o papel do ICTDEC (provedor de insumos tâ”œآ®cnicos), que â”œآ® o que cabe no â”œأ³mbito dos planos setoriais. O enquadramento do â”œâ”‚rgâ”œأ؛o responsâ”œأ­vel pela articulaâ”œآ؛â”œأ؛o parlamentar deverâ”œأ­ ser construâ”œآ،do apâ”œâ”‚s a definiâ”œآ؛â”œأ؛o do arranjo institucional.	1.0	2026-02-16	ICTDEC/DAEAD	Fase 2 أ”أ‡أ¶ Desdobramento Orientado (definiâ”œآ؛â”œأ؛o de entregas por setor)	2026-02-21 12:05:31.311365+00	2026-02-21 12:05:31.311365+00
24	8.1.3	Fomentar a autonomia da rede de municâ”œآ،pios fluminenses na implantaâ”œآ؛â”œأ؛o e custeamento de sistemas e mâ”œآ®todos de alerta e alarme	5	8	14	AE 8.1.5 (Colaboraâ”œآ؛â”œأ؛o em prevenâ”œآ؛â”œأ؛o) | AE 8.2.7 (Colaboraâ”œآ؛â”œأ؛o em preparaâ”œآ؛â”œأ؛o e resposta) | AE 10.1.2 (Projetos comunitâ”œأ­rios)	Implementaâ”œآ؛â”œأ؛o de modelo de fomento que combine a expansâ”œأ؛o da infraestrutura (com atuaâ”œآ؛â”œأ؛o do estado em carâ”œأ­ter excepcional e subsidiâ”œأ­rio) com a capacitaâ”œآ؛â”œأ؛o tâ”œآ®cnica municipal para a gestâ”œأ؛o e custeio da manutenâ”œآ؛â”œأ؛o (O QUâ”œأ¨), visando o progressivo cumprimento da competâ”œآ¬ncia legal prevista no art. 9â”¬â•‘, XII da Lei 12.608/2012 e a sustentabilidade orâ”œآ؛amentâ”œأ­ria de longo prazo dos sistemas de proteâ”œآ؛â”œأ؛o (PARA QUâ”œأ¨).	Implementaâ”œآ؛â”œأ؛o de modelo de fomento que combine a expansâ”œأ؛o da infraestrutura (com atuaâ”œآ؛â”œأ؛o do Estado em carâ”œأ­ter excepcional e subsidiâ”œأ­rio) com a capacitaâ”œآ؛â”œأ؛o tâ”œآ®cnica municipal para a gestâ”œأ؛o e custeio da manutenâ”œآ؛â”œأ؛o.	O progressivo cumprimento da competâ”œآ¬ncia legal prevista no art. 8â”¬â•‘, V-B da Lei 12.608/2012 e a sustentabilidade orâ”œآ؛amentâ”œأ­ria de longo prazo dos sistemas de proteâ”œآ؛â”œأ؛o.	A implantaâ”œآ؛â”œأ؛o e manutenâ”œآ؛â”œأ؛o de sistemas de alerta e alarme â”œآ® competâ”œآ¬ncia municipal (Art. 8â”¬â•‘, V-B da Lei 12.608/2012). O Estado, ao assumir a manutenâ”œآ؛â”œأ؛o dos sistemas de alarme por sirenes nos municâ”œآ،pios, absorveu uma responsabilidade que nâ”œأ؛o â”œآ® sua e que compromete progressivamente sua capacidade orâ”œآ؛amentâ”œأ­ria para investir no que lhe compete: monitoramento, alerta e cobertura tecnolâ”œâ”‚gica. O Plano Estratâ”œآ®gico 2024أ”أ‡أ´2035 posiciona esta aâ”œآ؛â”œأ؛o na Estratâ”œآ®gia E8.1, com foco na construâ”œآ؛â”œأ؛o de um modelo que capacite os municâ”œآ،pios a assumir essa responsabilidade de forma autâ”œâ”¤noma. Nâ”œأ؛o se trata de abandonar os municâ”œآ،pios, mas de devolver-lhes a competâ”œآ¬ncia legal com o suporte necessâ”œأ­rio para exercâ”œآ¬-la.	Atenâ”œآ؛â”œأ؛o: A situaâ”œآ؛â”œأ؛o atual أ”أ‡أ¶ em que o Estado mantâ”œآ®m, com recursos prâ”œâ”‚prios, sistemas de alarme que sâ”œأ؛o competâ”œآ¬ncia municipal أ”أ‡أ¶ nâ”œأ؛o â”œآ® sustentâ”œأ­vel e gera risco crescente. Cada ano sem decisâ”œأ؛o aprofunda o comprometimento orâ”œآ؛amentâ”œأ­rio, reduz a capacidade de investimento nas competâ”œآ¬ncias estaduais e amplia a exposiâ”œآ؛â”œأ؛o a questionamentos dos â”œâ”‚rgâ”œأ؛os de controle.\nA transferâ”œآ¬ncia de responsabilidade aos municâ”œآ،pios, se conduzida com capacitaâ”œآ؛â”œأ؛o adequada (orâ”œآ؛amentâ”œأ­ria, tâ”œآ®cnica e operacional), sensibilizaâ”œآ؛â”œأ؛o dos â”œâ”‚rgâ”œأ؛os de controle e documentaâ”œآ؛â”œأ؛o auditâ”œأ­vel, fortalece a posiâ”œآ؛â”œأ؛o da SEDEC. Se conduzida de forma abrupta ou sem suporte, gera percepâ”œآ؛â”œأ؛o de abandono e atritos polâ”œآ،ticos.\nA nâ”œأ؛o-decisâ”œأ؛o, porâ”œآ®m, â”œآ® a pior opâ”œآ؛â”œأ؛o. Manter o modelo atual equivale a: (a) continuar gastando em competâ”œآ¬ncia alheia; (b) deixar de investir no que â”œآ® competâ”œآ¬ncia estadual; (c) perpetuar a dependâ”œآ¬ncia municipal; e (d) acumular exposiâ”œآ؛â”œأ؛o a â”œâ”‚rgâ”œأ؛os de controle que, ao serem provocados, questionarâ”œأ؛o tanto a execuâ”œآ؛â”œأ؛o fora de competâ”œآ¬ncia quanto a omissâ”œأ؛o nas competâ”œآ¬ncias prâ”œâ”‚prias.\nEsta aâ”œآ؛â”œأ؛o requer lideranâ”œآ؛a da Alta Gestâ”œأ؛o (SUBSEGOP) para assumir o posicionamento, conduzir o diâ”œأ­logo institucional e proteger os â”œâ”‚rgâ”œأ؛os operacionais durante a transiâ”œآ؛â”œأ؛o.	1.0	2026-02-17	ICTDEC/DAEAD	Fase 2 أ”أ‡أ¶ Desdobramento Orientado (definiâ”œآ؛â”œأ؛o de entregas por setor)	2026-02-21 12:05:31.311365+00	2026-02-21 12:05:31.311365+00
\.


--
-- Data for Name: setores; Type: TABLE DATA; Schema: public; Owner: postgres
--

COPY public.setores (id, codigo, nome_completo, created_at, visivel_cadastro) FROM stdin;
1	ASSEJUR	Assessoria Jurâ”œآ،dica	2026-02-21 12:04:07.059601+00	t
2	CEAMA	Coordenadoria Estadual de Aâ”œآ؛â”œأپes de Meio Ambiente	2026-02-21 12:04:07.059601+00	t
3	CEMADEN_RJ	Centro Estadual de Monitoramento e Alerta de Desastres Naturais	2026-02-21 12:04:07.059601+00	t
4	CEPEDEC	Centro de Estudos e Pesquisas em Defesa Civil	2026-02-21 12:04:07.059601+00	t
5	CESTAD	Centro Estadual de Apoio a Desastres	2026-02-21 12:04:07.059601+00	t
8	COORD_ENGENHARIA	Coordenadoria de Engenharia em Defesa Civil	2026-02-21 12:04:07.059601+00	t
10	DGAC	Diretoria-Geral de Aâ”œآ؛â”œأپes Comunitâ”œأ­rias	2026-02-21 12:04:07.059601+00	t
11	DGDEC	Diretoria-Geral de Defesa Civil	2026-02-21 12:04:07.059601+00	t
12	DREDEC	Diretoria de Regionais de Defesa Civil	2026-02-21 12:04:07.059601+00	t
13	ESDEC	Escola de Defesa Civil	2026-02-21 12:04:07.059601+00	t
15	GAB_GESTAO_PROJETOS	Gabinete de Gestâ”œأ؛o de Projetos	2026-02-21 12:04:07.059601+00	t
16	GRAC	Grupo Integrado de Aâ”œآ؛â”œأپes Coordenadas	2026-02-21 12:04:07.059601+00	t
17	ICTDEC	Instituto Cientâ”œآ،fico e Tecnolâ”œâ”‚gico de Defesa Civil	2026-02-21 12:04:07.059601+00	t
20	REDECS	Regionais de Defesa Civil	2026-02-21 12:04:07.059601+00	t
22	SUBSEGAD	Subsecretaria Administrativa	2026-02-21 12:04:07.059601+00	t
23	SUBSEGOP	Subsecretaria Operacional	2026-02-21 12:04:07.059601+00	t
24	SUOP	Superintendâ”œآ¬ncia Operacional	2026-02-21 12:04:07.059601+00	t
26	REDE SALVAR	Rede Salvar	2026-02-26 19:34:05.69024+00	t
27	CPRODEC	CPRODEC	2026-02-26 19:34:44.949082+00	t
28	CESTGEN	Centro Estadual para Gerenciamento de Emergâ”œآ¬ncia Nuclear	2026-03-06 02:47:34.223764+00	t
29	CCCEN	Centro de Coordenaâ”œآ؛â”œأ؛o e Controle de Emergâ”œآ¬ncia Nuclear	2026-03-06 02:48:54.909673+00	t
30	CAML	Coordenadoria de Apoio â”œأ، Medicina Legal	2026-03-06 17:57:37.86797+00	t
18	ORGAOS_FINALISTICOS	â”œأ´rgâ”œأ؛os Finalâ”œآ،sticos da SEDEC	2026-02-21 12:04:07.059601+00	f
19	â”œأ´RGâ”œأ¢OS SUBORDINADOS	â”œأ´rgâ”œأ؛os Subordinados (Direâ”œآ؛â”œأپes, Coordenaâ”œآ؛â”œأپes, REDECs e demais setores)	2026-02-21 12:04:07.059601+00	f
21	SECRETARIO	Secretâ”œأ­rio de Estado de Defesa Civil	2026-02-21 12:04:07.059601+00	f
6	CONEPDEC	Conselho Estadual de Proteâ”œآ؛â”œأ؛o e Defesa Civil	2026-02-21 12:04:07.059601+00	f
\.


--
-- Data for Name: profiles; Type: TABLE DATA; Schema: public; Owner: postgres
--

COPY public.profiles (id, email, nome, setor_id, role, ativo, created_at, updated_at, senha_zerada, reset_token) FROM stdin;
d517f36c-2a4a-41c4-85e1-3db59c7ca101	marciofmar@gmail.com	Marcio Maradei	17	admin	t	2026-02-21 13:18:02.800655+00	2026-02-21 13:28:03.902183+00	f	\N
0177f995-2c8a-42cb-8cf6-46577fff1fde	maradei.ictdec@gmail.com	Marcio Neves	11	gestor	t	2026-02-21 14:16:37.801855+00	2026-02-21 14:17:12.28667+00	f	\N
07e45e40-f83d-4896-bf79-b2ff3c84554c	matheuscouto88@gmail.com	Matheus Couto da Costa	3	gestor	t	2026-02-24 18:40:01.378889+00	2026-02-26 19:35:44.043267+00	f	\N
38b8e489-e928-4877-88e0-1bef403918b8	dribianchi@gmail.com	Adriana Aparecida Bianchi 	24	gestor	t	2026-02-24 20:11:23.093382+00	2026-02-26 19:35:03.993883+00	f	\N
b5f47fa0-4bc8-49fa-bbd2-50f99d29d6fb	alexandresf17@gmail.com	Alexandre Santos Ferreira	10	gestor	t	2026-02-26 14:34:15.751052+00	2026-02-26 19:35:05.775763+00	f	\N
113e7c05-7496-4c7e-b090-a599abc8c568	alinepossa83@gamil.com	Aline Possa Silva Anjos	26	gestor	t	2026-02-24 14:04:09.611942+00	2026-02-26 19:35:07.226098+00	f	\N
956aef59-7d87-4f30-827a-acee87bffee6	majanamartinez@gmail.com	Ana claudia lago martinez gerhard	15	gestor	t	2026-02-24 14:08:13.524852+00	2026-02-26 19:35:08.845743+00	f	\N
a9391f44-b141-4646-8042-fd59d5b034a3	andressamarques.cbmerj@gmail.com	Andressa Marques da Silva	3	gestor	t	2026-02-24 18:39:51.764373+00	2026-02-26 19:35:10.187769+00	f	\N
f63029cb-dd03-4e3b-b466-913b0a15e8bf	bryango@outlook.com	Bryan de Oliveira Gusmâ”œأ؛o	11	gestor	t	2026-02-25 14:30:11.195301+00	2026-02-26 19:35:11.589442+00	f	\N
afb3add1-c29a-4007-b0c2-9ee90c579b9b	carla.sprado@gmail.com	carla da silva prado cecchi de azevedo	20	gestor	t	2026-02-25 19:23:05.734338+00	2026-02-26 19:35:13.834939+00	f	\N
601fdb5b-f5ca-425c-a242-faa1c4ede53f	ceaacre.sedec@gmail.com	CEAMA	2	gestor	t	2026-02-24 14:03:24.171763+00	2026-02-26 19:35:15.431102+00	f	\N
89840d8b-8841-4059-8e69-582d165fc76c	clauciscotto@defesacivil.gov.br	Claudinei Fontes Ciscotto	10	gestor	t	2026-02-24 20:57:48.731141+00	2026-02-26 19:35:16.841292+00	f	\N
279f4e07-1fb4-467d-bccd-3f5bd55835c4	moreirasilva43@gmail.com	Claudio Moreira da Silva 	11	gestor	t	2026-02-25 14:30:24.045195+00	2026-02-26 19:35:19.29773+00	f	\N
a2deaf01-248e-479a-9302-5ef54cf14906	servicosocialdgac@gmail.com	Cristiane da Costa Lopes Roma	10	gestor	t	2026-02-25 12:11:36.285838+00	2026-02-26 19:35:21.372014+00	f	\N
b5375011-d5d6-4368-ae70-d320b7786443	edmilsonbombeiro.rj@gmail.com	Edmilson Menezes Nascimento 	24	gestor	t	2026-02-24 14:03:35.825841+00	2026-02-26 19:35:22.877005+00	f	\N
a492bdb6-c927-4363-b20f-ab30967a308d	venturafabiana1981@gmail.com	Fabiana da silva ventura	24	gestor	t	2026-02-24 14:02:25.750825+00	2026-02-26 19:35:24.451579+00	f	\N
7bc36f9c-68fd-404f-8fa9-54d1ff00355d	fguedes04@gmail.com	fabio guedes de jesus	10	gestor	t	2026-02-26 14:24:20.617925+00	2026-02-26 19:35:26.728483+00	f	\N
38bbfcef-f951-49a9-9ba3-48f007f4606e	felipeoliveira.0954@gmail.com	Felipe Oliveira	24	gestor	t	2026-02-24 17:03:37.812+00	2026-02-26 19:35:28.376657+00	f	\N
679e2b0f-5949-4ac4-8e53-21538c1fa799	flaviamsmedeiros@gmail.com	Flavia Maria Silva de Medeiros	10	gestor	t	2026-02-25 15:27:31.794692+00	2026-02-26 19:35:29.816243+00	f	\N
9109768f-dfed-4b95-9fe8-32308b049436	gabriel.heraldo@hotmail.com	Gabriel Heraldo Rodrigues Do Nascimento	11	gestor	t	2026-02-25 17:53:32.358175+00	2026-02-26 19:35:31.161587+00	f	\N
2f7a9820-7347-4076-bd48-054a48c89b68	g.diasbm@gmail.com	GILVANE DOS SANTOS DIAS 	24	gestor	t	2026-02-24 14:01:58.966154+00	2026-02-26 19:35:32.449158+00	f	\N
9cd6d711-15ee-4045-b362-8b97028d1492	eng.ivodejesus@gmail.com	IVo	10	gestor	t	2026-02-24 18:40:24.480214+00	2026-02-26 19:35:34.941571+00	f	\N
61939222-c77c-4a49-b94a-83f1611c575f	jbduartevig92@gmail.com	Jâ”œâ”¤natas Teixeira Braga Duarte 	11	gestor	t	2026-02-25 14:30:20.481438+00	2026-02-26 19:35:36.618774+00	f	\N
b0b5050c-6c87-4ee5-b7d9-215defb80465	danielbmelomaradei@gmail.com	Karl	24	gestor	t	2026-02-21 14:25:47.125786+00	2026-02-26 19:35:37.981328+00	f	\N
d52e2804-2387-4e16-8d62-fef509b99be0	adribmelo@gmail.com	Manoel Dias	23	gestor	t	2026-02-21 14:24:52.6131+00	2026-02-26 19:35:41.040508+00	f	\N
ec94f6cd-12de-4067-b5a5-535a5735d5b5	mirelacsreis@gmail.com	Mirela Carneiro dos Santos Reis	20	gestor	t	2026-02-25 19:22:38.167236+00	2026-02-26 19:35:45.281467+00	f	\N
847b8b02-38ec-42fe-b412-a6787ad12e19	mhvmn71@gmail.com	Monica Helena Vieira Marques Nascimento 	10	gestor	t	2026-02-26 17:18:10.400104+00	2026-02-26 19:35:46.557346+00	f	\N
337a3418-1893-4cf8-8835-4c8a2acff5b7	rodrigokarlsilva@gmail.com	Rodrigo Karl Silva	24	gestor	t	2026-02-24 14:02:08.872948+00	2026-02-26 19:35:47.829282+00	f	\N
f7257308-2edb-464d-b717-e6f4d21cfc60	tunay_kitazawa@hotmail.com	Tunay Ramon Araujo Kitazawa 	20	gestor	t	2026-02-25 19:03:47.430229+00	2026-02-26 19:35:49.177628+00	f	\N
26bf03a0-c3ad-4652-85af-d11c3b385b7d	cprodecrj@gmail.com	Leonardo Viana Trancoso 	27	gestor	t	2026-02-24 14:03:44.095217+00	2026-02-26 19:35:58.796339+00	f	\N
38880d1d-e19c-45c2-9a2a-888fd45608ab	albertomendoncamartins@gmail.com	Alberto Martins	5	usuario	t	2026-03-04 13:18:09.335299+00	2026-03-04 13:18:09.335299+00	f	\N
2c73efef-8678-493d-b155-0d428f827190	crisrickkelmer@gmail.com	Cristiane Kelmer Ribeiro 	30	gestor	t	2026-03-04 17:25:33.590268+00	2026-03-06 17:57:59.473832+00	f	\N
dfee39fc-f3af-451d-aaca-c163c06ac3d4	cestgen@gmail.com	Giovanni Mouta Giglio	28	gestor	t	2026-03-04 16:28:31.769794+00	2026-03-06 17:58:12.056401+00	f	\N
4f44c4c7-3985-409b-9907-b029fdcacd82	sulredec2@gmail.com	Lilian Ferreira Batista de Araujo	20	gestor	t	2026-03-03 18:32:00.385078+00	2026-03-06 17:58:24.514227+00	f	\N
afeed092-a24e-4300-95fb-d02b78c88cad	moreirambm@hotmail.com	FRANCISCO ALBERTO MOREIRA DA SILVA	12	gestor	t	2026-03-02 10:51:04.338607+00	2026-03-06 17:59:23.658+00	f	\N
af9735ec-c165-482f-bb57-dc1a1880258f	marceloabreu.ma@gmail.com	Marcelo Abreu	5	gestor	t	2026-03-02 12:03:31.810388+00	2026-03-06 17:59:30.441948+00	f	\N
3d906d79-dbb0-401d-95e3-f5f075638f3b	velosostalita@gmail.com	Talita de Souza Veloso Santos	10	gestor	t	2026-02-27 12:36:23.266334+00	2026-03-06 17:59:34.203626+00	f	\N
b0294a59-984f-43ca-ad6e-e1720e138bd7	teste@gmail.com	Cap Teste	30	gestor	t	2026-03-20 10:39:44.19565+00	2026-03-20 10:39:44.19565+00	t	d9b1f214-5e45-43a4-bf20-ddc37cd1f089
3cb612a9-9a6f-4a3e-91c4-5e2249b4476d	fulano@gmail.com	maj fulano	6	gestor	t	2026-03-20 10:53:28.345647+00	2026-03-20 11:10:32.295144+00	f	\N
5f8c8df0-c481-4ab6-a36f-17b3d5d506eb	marciofmar@yahoo.com.br	Wellington Silva3	29	master	t	2026-02-21 14:13:16.154104+00	2026-03-20 10:59:50.881373+00	f	\N
9f582cd7-76bd-44b9-9413-b4fc790c2840	beltrano@gmail.com	cel beltrano	11	gestor	t	2026-03-20 10:54:03.665421+00	2026-03-20 11:11:10.877674+00	f	\N
9cd2431a-b178-49ba-8af0-12fa5b5463d7	ciclano@gmail.com	Sd ciclano	2	gestor	t	2026-03-20 12:20:51.14847+00	2026-03-20 12:20:51.14847+00	t	ad575e78-ae86-48a3-bafb-fab662620f45
7f3beced-ae42-4413-a8d7-a667b9b93cbf	maradei@cbmerj.rj.gov.br	Zأ© das nabiأ§as	15	gestor	t	2026-03-13 10:28:22.474952+00	2026-03-20 13:41:43.539584+00	f	\N
\.


--
-- Data for Name: projetos; Type: TABLE DATA; Schema: public; Owner: postgres
--

COPY public.projetos (id, nome, descricao, problema_resolve, setor_lider_id, criado_por, created_at, updated_at, indicador_sucesso, tipo_acao, dependencias_projetos, data_inicio, responsavel_id) FROM stdin;
2	Projeto X	Descriأ§أ£o	Problema\nProblema 2	29	d517f36c-2a4a-41c4-85e1-3db59c7ca101	2026-03-13 13:34:51.771266+00	2026-03-13 16:56:40.063464+00	Indicador	{Prevenأ§أ£o,Mitigaأ§أ£o,Inovaأ§أ£o,Integraأ§أ£o,Gestأ£o/Governanأ§a}	\N	\N	\N
3	Projeto 2	dsda	trtrt	17	d517f36c-2a4a-41c4-85e1-3db59c7ca101	2026-03-18 10:38:20.546303+00	2026-03-18 10:38:20.546303+00	gfgf	{Gestأ£o/Governanأ§a}	qwqw	\N	\N
4	Projeto Tezste	Descriأ§أ£o	Problema	12	d517f36c-2a4a-41c4-85e1-3db59c7ca101	2026-03-20 10:02:20.297448+00	2026-03-20 13:43:12.337352+00	Indicador	{Prevenأ§أ£o,Mitigaأ§أ£o}	dependencia	2026-03-15	b0294a59-984f-43ca-ad6e-e1720e138bd7
5	Projeto Y	wqwqw	qwqw	17	d517f36c-2a4a-41c4-85e1-3db59c7ca101	2026-03-20 13:49:02.248368+00	2026-03-20 13:49:28.446822+00	\N	\N	\N	\N	38b8e489-e928-4877-88e0-1bef403918b8
\.


--
-- Data for Name: entregas; Type: TABLE DATA; Schema: public; Owner: postgres
--

COPY public.entregas (id, projeto_id, nome, descricao, dependencias_criticas, data_final_prevista, status, motivo_status, created_at, updated_at, criterios_aceite, orgao_responsavel_setor_id, responsavel_entrega_id, data_inicio) FROM stdin;
4	2	Nova entrega	Descreva esta entrega	Dependأھncia 1\nDependأھncia 2	2026-07-15	cancelada	\N	2026-03-13 15:48:57.347683+00	2026-03-15 23:14:35.910046+00	Critأ©rio 1\nCritأ©rio 2	\N	\N	\N
5	2	entrega 2	des	klklk	2026-06-30	cancelada	kjkj	2026-03-15 23:14:47.345029+00	2026-03-15 23:15:43.278286+00	kjk	\N	\N	\N
7	4	Entrega teste 10		\N	2026-09-15	aberta	\N	2026-03-20 10:09:31.482206+00	2026-03-20 13:47:09.812849+00	\N	13	3cb612a9-9a6f-4a3e-91c4-5e2249b4476d	\N
11	3	Entrega 4	decr	\N	2027-11-15	aberta	\N	2026-03-20 13:48:02.680636+00	2026-03-20 13:48:02.680636+00	\N	\N	\N	2026-03-23
12	5	hahah		\N	\N	aberta	\N	2026-03-20 13:50:18.032725+00	2026-03-20 13:51:02.215478+00	\N	\N	\N	2026-03-21
\.


--
-- Data for Name: atividades; Type: TABLE DATA; Schema: public; Owner: postgres
--

COPY public.atividades (id, entrega_id, nome, descricao, created_at, updated_at, data_prevista, status, motivo_status, responsavel_atividade_id) FROM stdin;
7	4	Atividade 2	Descriأ§أ£o da entrega 2	2026-03-13 16:20:02.582405+00	2026-03-15 23:12:52.784931+00	2026-07-01	resolvida	\N	\N
8	4	ativ 3	descr	2026-03-15 23:13:20.764614+00	2026-03-15 23:14:12.006283+00	2026-03-24	cancelada	\N	\N
9	7	Atividade da entrega 10	Descriأ§أ£o atividade 10	2026-03-20 10:13:34.720812+00	2026-03-20 10:54:17.322838+00	\N	aberta	\N	9f582cd7-76bd-44b9-9413-b4fc790c2840
6	4	Atividade 1	Descriأ§أ£o da Atividade 1	2026-03-13 15:51:27.610017+00	2026-03-20 12:19:21.676824+00	2026-03-22	resolvida	Motivo qualquer	\N
10	7	Atividade de calendأ،rio	Descriأ§أ£o da atividade de calendأ،rio	2026-03-20 12:22:10.681088+00	2026-03-20 13:45:26.909244+00	2026-03-23	em_andamento	Em reuniأµes	7f3beced-ae42-4413-a8d7-a667b9b93cbf
\.


--
-- Data for Name: atividade_participantes; Type: TABLE DATA; Schema: public; Owner: postgres
--

COPY public.atividade_participantes (id, atividade_id, setor_id, tipo_participante, papel, created_at) FROM stdin;
16	10	13	setor	papel da esdec	2026-03-20 13:45:26.940358+00
17	10	11	setor	papel do dgdec	2026-03-20 13:45:26.940358+00
\.


--
-- Data for Name: audit_log; Type: TABLE DATA; Schema: public; Owner: postgres
--

COPY public.audit_log (id, usuario_id, usuario_nome, tipo_acao, entidade, entidade_id, conteudo_anterior, conteudo_novo, created_at) FROM stdin;
1	d517f36c-2a4a-41c4-85e1-3db59c7ca101	Marcio Maradei	create	projeto	1	\N	{"nome": "Projeto teste 1", "descricao": "â”œأ« meu primeiro projeto teste do ICTDEC", "setor_lider_id": 17}	2026-02-21 13:29:42.662395+00
2	d517f36c-2a4a-41c4-85e1-3db59c7ca101	Marcio Maradei	create	entrega	1	\N	{"nome": "Nova entrega", "projeto_id": 1}	2026-02-21 13:30:05.591372+00
3	d517f36c-2a4a-41c4-85e1-3db59c7ca101	Marcio Maradei	update	entrega	1	\N	{"nome": "Entrega 1", "status": "aberta"}	2026-02-21 13:32:25.418917+00
4	d517f36c-2a4a-41c4-85e1-3db59c7ca101	Marcio Maradei	create	entrega	2	\N	{"nome": "Nova entrega", "projeto_id": 1}	2026-02-21 13:32:42.574082+00
5	d517f36c-2a4a-41c4-85e1-3db59c7ca101	Marcio Maradei	update	entrega	2	\N	{"nome": "Entrega 2", "status": "aberta"}	2026-02-21 13:34:04.133398+00
6	d517f36c-2a4a-41c4-85e1-3db59c7ca101	Marcio Maradei	create	atividade	1	\N	{"nome": "Nova atividade"}	2026-02-21 13:34:42.448027+00
7	d517f36c-2a4a-41c4-85e1-3db59c7ca101	Marcio Maradei	update	atividade	1	\N	{"nome": "Atividade 1 da entrega 1"}	2026-02-21 13:36:52.459365+00
8	d517f36c-2a4a-41c4-85e1-3db59c7ca101	Marcio Maradei	delete	entrega	1	{"nome": "Entrega 1"}	\N	2026-02-21 13:44:15.545094+00
9	5f8c8df0-c481-4ab6-a36f-17b3d5d506eb	Wellington Silva	create	atividade	2	\N	{"nome": "Nova atividade"}	2026-02-21 14:32:29.250427+00
10	5f8c8df0-c481-4ab6-a36f-17b3d5d506eb	Wellington Silva	delete	atividade	2	{"nome": "Nova atividade"}	\N	2026-02-21 14:32:57.237663+00
11	d517f36c-2a4a-41c4-85e1-3db59c7ca101	Marcio Maradei	create	entrega	3	\N	{"nome": "Nova entrega", "projeto_id": 1}	2026-02-21 18:38:02.026404+00
12	d517f36c-2a4a-41c4-85e1-3db59c7ca101	Marcio Maradei	create	atividade	3	\N	{"nome": "Nova atividade"}	2026-02-21 18:39:48.788948+00
13	d517f36c-2a4a-41c4-85e1-3db59c7ca101	Marcio Maradei	update	entrega	2	\N	{"nome": "Entrega 2", "status": "aberta"}	2026-02-21 19:38:41.566403+00
14	d517f36c-2a4a-41c4-85e1-3db59c7ca101	Marcio Maradei	update	entrega	2	\N	{"nome": "Entrega 2", "status": "aberta"}	2026-02-21 19:39:18.701684+00
15	d517f36c-2a4a-41c4-85e1-3db59c7ca101	Marcio Maradei	update	atividade	3	\N	{"nome": "Nova atividade"}	2026-02-21 19:39:40.859126+00
16	d517f36c-2a4a-41c4-85e1-3db59c7ca101	Marcio Maradei	create	atividade	4	\N	{"nome": "Nova atividade"}	2026-02-21 19:48:52.542853+00
17	d517f36c-2a4a-41c4-85e1-3db59c7ca101	Marcio Maradei	update	atividade	4	\N	{"nome": "Nova atividade"}	2026-02-21 19:49:47.91326+00
18	d517f36c-2a4a-41c4-85e1-3db59c7ca101	Marcio Maradei	update	entrega	2	\N	{"nome": "Entrega 2", "status": "aberta"}	2026-02-21 19:51:12.754558+00
19	d517f36c-2a4a-41c4-85e1-3db59c7ca101	Marcio Maradei	update	atividade	4	\N	{"nome": "Nova atividade"}	2026-02-21 19:51:56.635843+00
20	d517f36c-2a4a-41c4-85e1-3db59c7ca101	Marcio Maradei	update	atividade	4	\N	{"nome": "Nova atividade"}	2026-02-21 20:03:24.318389+00
21	d517f36c-2a4a-41c4-85e1-3db59c7ca101	Marcio Maradei	update	atividade	3	\N	{"nome": "Nova atividade"}	2026-02-21 20:04:32.770568+00
22	d517f36c-2a4a-41c4-85e1-3db59c7ca101	Marcio Maradei	create	atividade	5	\N	{"nome": "Nova atividade"}	2026-02-21 21:25:30.616178+00
23	d517f36c-2a4a-41c4-85e1-3db59c7ca101	Marcio Maradei	update	atividade	3	\N	{"nome": "Nova atividade"}	2026-02-23 12:38:35.742731+00
24	d517f36c-2a4a-41c4-85e1-3db59c7ca101	Marcio Maradei	delete	projeto	1	{"nome": "Projeto teste 1"}	\N	2026-03-06 23:56:56.786417+00
25	d517f36c-2a4a-41c4-85e1-3db59c7ca101	Marcio Maradei	create	projeto	2	\N	{"nome": "Projeto X", "descricao": "Descriأ§أ£o", "setor_lider_id": 29}	2026-03-13 13:34:51.801684+00
26	d517f36c-2a4a-41c4-85e1-3db59c7ca101	Marcio Maradei	update	projeto	2	{"nome": "Projeto X", "descricao": "Descriأ§أ£o", "tipo_acao": ["Prevenأ§أ£o", "Mitigaأ§أ£o"], "responsavel": "Chefe da Seأ§أ£o X - Maj BM Fulano", "setor_lider_id": 29, "problema_resolve": "Problema", "indicador_sucesso": "Indicador"}	{"nome": "Projeto X", "descricao": "Descriأ§أ£o", "tipo_acao": ["Prevenأ§أ£o", "Mitigaأ§أ£o"], "responsavel": "Chefe da Seأ§أ£o X - Maj BM Fulano", "setor_lider_id": 29, "problema_resolve": "Problema\\nProblema 2", "indicador_sucesso": "Indicador"}	2026-03-13 14:52:48.049437+00
27	d517f36c-2a4a-41c4-85e1-3db59c7ca101	Marcio Maradei	create	entrega	4	\N	{"nome": "Nova entrega", "projeto_id": 2}	2026-03-13 15:48:57.360998+00
28	d517f36c-2a4a-41c4-85e1-3db59c7ca101	Marcio Maradei	update	entrega	4	{"nome": "Nova entrega", "status": "aberta", "descricao": "Descreva esta entrega", "motivo_status": null, "criterios_aceite": null, "data_final_prevista": null, "dependencias_criticas": null}	{"nome": "Nova entrega", "status": "aberta", "descricao": "Descreva esta entrega", "motivo_status": null, "criterios_aceite": "Dependأھncia 1Dependأھncia 2", "data_final_prevista": null, "dependencias_criticas": "Dependأھncia 1\\nDependأھncia 2"}	2026-03-13 15:50:35.29704+00
29	d517f36c-2a4a-41c4-85e1-3db59c7ca101	Marcio Maradei	create	atividade	6	\N	{"nome": "Atividade 1", "status": "aberta", "descricao": "Descriأ§أ£o da Atividade 1", "data_prevista": "2026-03-20", "motivo_status": "Motivo qualquer"}	2026-03-13 15:51:27.623205+00
30	d517f36c-2a4a-41c4-85e1-3db59c7ca101	Marcio Maradei	create	atividade	7	\N	{"nome": "Atividade 2", "status": "aberta", "descricao": "Descriأ§أ£o da entrega 2", "data_prevista": "2026-03-19", "motivo_status": null}	2026-03-13 16:20:02.601367+00
31	d517f36c-2a4a-41c4-85e1-3db59c7ca101	Marcio Maradei	update	entrega	4	{"nome": "Nova entrega", "status": "aberta", "descricao": "Descreva esta entrega", "motivo_status": null, "criterios_aceite": "Dependأھncia 1Dependأھncia 2", "data_final_prevista": null, "dependencias_criticas": "Dependأھncia 1\\nDependأھncia 2"}	{"nome": "Nova entrega", "status": "aberta", "descricao": "Descreva esta entrega", "motivo_status": null, "criterios_aceite": "Dependأھncia 1\\nDependأھncia 2", "data_final_prevista": null, "dependencias_criticas": "Dependأھncia 1\\nDependأھncia 2"}	2026-03-13 16:20:26.481427+00
32	d517f36c-2a4a-41c4-85e1-3db59c7ca101	Marcio Maradei	update	entrega	4	{"nome": "Nova entrega", "status": "aberta", "descricao": "Descreva esta entrega", "motivo_status": null, "criterios_aceite": "Dependأھncia 1\\nDependأھncia 2", "data_final_prevista": null, "dependencias_criticas": "Dependأھncia 1\\nDependأھncia 2"}	{"nome": "Nova entrega", "status": "aberta", "descricao": "Descreva esta entrega", "motivo_status": null, "criterios_aceite": "Critأ©rio 1\\nCritأ©rio 2", "data_final_prevista": null, "dependencias_criticas": "Dependأھncia 1\\nDependأھncia 2"}	2026-03-13 16:21:10.264685+00
33	d517f36c-2a4a-41c4-85e1-3db59c7ca101	Marcio Maradei	update	projeto	2	{"nome": "Projeto X", "descricao": "Descriأ§أ£o", "tipo_acao": ["Prevenأ§أ£o", "Mitigaأ§أ£o"], "responsavel": "Chefe da Seأ§أ£o X - Maj BM Fulano", "setor_lider_id": 29, "problema_resolve": "Problema\\nProblema 2", "indicador_sucesso": "Indicador"}	{"nome": "Projeto X", "descricao": "Descriأ§أ£o", "tipo_acao": ["Prevenأ§أ£o", "Mitigaأ§أ£o", "Inovaأ§أ£o", "Integraأ§أ£o", "Gestأ£o/Governanأ§a"], "responsavel": "Chefe da Seأ§أ£o X - Maj BM Fulano", "setor_lider_id": 29, "problema_resolve": "Problema\\nProblema 2", "indicador_sucesso": "Indicador"}	2026-03-13 16:56:40.08748+00
34	d517f36c-2a4a-41c4-85e1-3db59c7ca101	Marcio Maradei	update	entrega	4	{"nome": "Nova entrega", "status": "aberta", "descricao": "Descreva esta entrega", "motivo_status": null, "criterios_aceite": "Critأ©rio 1\\nCritأ©rio 2", "data_final_prevista": null, "dependencias_criticas": "Dependأھncia 1\\nDependأھncia 2"}	{"nome": "Nova entrega", "status": "aberta", "descricao": "Descreva esta entrega", "motivo_status": null, "criterios_aceite": "Critأ©rio 1\\nCritأ©rio 2", "data_final_prevista": "2026-07-31", "dependencias_criticas": "Dependأھncia 1\\nDependأھncia 2"}	2026-03-15 13:07:08.747743+00
35	d517f36c-2a4a-41c4-85e1-3db59c7ca101	Marcio Maradei	update	atividade	7	{"data_prevista": "2026-03-19"}	{"data_prevista": "2026-07-31"}	2026-03-15 15:53:50.050213+00
36	d517f36c-2a4a-41c4-85e1-3db59c7ca101	Marcio Maradei	update	atividade	7	{"data_prevista": "2026-07-31"}	{"data_prevista": "2026-07-01"}	2026-03-15 16:07:17.312505+00
37	d517f36c-2a4a-41c4-85e1-3db59c7ca101	Marcio Maradei	update	entrega	4	{"data_final_prevista": "2026-07-31"}	{"data_final_prevista": "2026-07-15"}	2026-03-15 16:07:24.19197+00
38	5f8c8df0-c481-4ab6-a36f-17b3d5d506eb	Wellington Silva3	update	atividade	6	{"data_prevista": "2026-03-20"}	{"data_prevista": "2026-03-21"}	2026-03-15 19:05:25.772262+00
39	d517f36c-2a4a-41c4-85e1-3db59c7ca101	Marcio Maradei	update	atividade	6	{"nome": "Atividade 1", "status": "aberta", "descricao": "Descriأ§أ£o da Atividade 1", "data_prevista": "2026-03-21", "motivo_status": "Motivo qualquer"}	{"nome": "Atividade 1", "status": "resolvida", "descricao": "Descriأ§أ£o da Atividade 1", "data_prevista": "2026-03-21", "motivo_status": "Motivo qualquer"}	2026-03-15 23:11:04.115192+00
40	d517f36c-2a4a-41c4-85e1-3db59c7ca101	Marcio Maradei	update	atividade	7	{"nome": "Atividade 2", "status": "aberta", "descricao": "Descriأ§أ£o da entrega 2", "data_prevista": "2026-07-01", "motivo_status": null}	{"nome": "Atividade 2", "status": "resolvida", "descricao": "Descriأ§أ£o da entrega 2", "data_prevista": "2026-07-01", "motivo_status": null}	2026-03-15 23:11:27.860642+00
41	d517f36c-2a4a-41c4-85e1-3db59c7ca101	Marcio Maradei	update	entrega	4	{"nome": "Nova entrega", "status": "aberta", "descricao": "Descreva esta entrega", "motivo_status": null, "criterios_aceite": "Critأ©rio 1\\nCritأ©rio 2", "data_final_prevista": "2026-07-15", "dependencias_criticas": "Dependأھncia 1\\nDependأھncia 2"}	{"nome": "Nova entrega", "status": "resolvida", "descricao": "Descreva esta entrega", "motivo_status": null, "criterios_aceite": "Critأ©rio 1\\nCritأ©rio 2", "data_final_prevista": "2026-07-15", "dependencias_criticas": "Dependأھncia 1\\nDependأھncia 2"}	2026-03-15 23:11:54.69507+00
42	d517f36c-2a4a-41c4-85e1-3db59c7ca101	Marcio Maradei	update	atividade	7	{"nome": "Atividade 2", "status": "resolvida", "descricao": "Descriأ§أ£o da entrega 2", "data_prevista": "2026-07-01", "motivo_status": null}	{"nome": "Atividade 2", "status": "em_andamento", "descricao": "Descriأ§أ£o da entrega 2", "data_prevista": "2026-07-01", "motivo_status": null}	2026-03-15 23:12:05.610156+00
43	d517f36c-2a4a-41c4-85e1-3db59c7ca101	Marcio Maradei	update	entrega	4	{"status": "resolvida"}	{"status": "em_andamento"}	2026-03-15 23:12:05.637326+00
44	d517f36c-2a4a-41c4-85e1-3db59c7ca101	Marcio Maradei	update	atividade	7	{"nome": "Atividade 2", "status": "em_andamento", "descricao": "Descriأ§أ£o da entrega 2", "data_prevista": "2026-07-01", "motivo_status": null}	{"nome": "Atividade 2", "status": "resolvida", "descricao": "Descriأ§أ£o da entrega 2", "data_prevista": "2026-07-01", "motivo_status": null}	2026-03-15 23:12:20.429121+00
45	d517f36c-2a4a-41c4-85e1-3db59c7ca101	Marcio Maradei	update	entrega	4	{"status": "em_andamento"}	{"status": "resolvida"}	2026-03-15 23:12:21.745293+00
46	d517f36c-2a4a-41c4-85e1-3db59c7ca101	Marcio Maradei	update	atividade	7	{"nome": "Atividade 2", "status": "resolvida", "descricao": "Descriأ§أ£o da entrega 2", "data_prevista": "2026-07-01", "motivo_status": null}	{"nome": "Atividade 2", "status": "cancelada", "descricao": "Descriأ§أ£o da entrega 2", "data_prevista": "2026-07-01", "motivo_status": null}	2026-03-15 23:12:34.040375+00
47	d517f36c-2a4a-41c4-85e1-3db59c7ca101	Marcio Maradei	update	atividade	7	{"nome": "Atividade 2", "status": "cancelada", "descricao": "Descriأ§أ£o da entrega 2", "data_prevista": "2026-07-01", "motivo_status": null}	{"nome": "Atividade 2", "status": "aberta", "descricao": "Descriأ§أ£o da entrega 2", "data_prevista": "2026-07-01", "motivo_status": null}	2026-03-15 23:12:42.608287+00
48	d517f36c-2a4a-41c4-85e1-3db59c7ca101	Marcio Maradei	update	entrega	4	{"status": "resolvida"}	{"status": "em_andamento"}	2026-03-15 23:12:42.625241+00
49	d517f36c-2a4a-41c4-85e1-3db59c7ca101	Marcio Maradei	update	atividade	7	{"nome": "Atividade 2", "status": "aberta", "descricao": "Descriأ§أ£o da entrega 2", "data_prevista": "2026-07-01", "motivo_status": null}	{"nome": "Atividade 2", "status": "resolvida", "descricao": "Descriأ§أ£o da entrega 2", "data_prevista": "2026-07-01", "motivo_status": null}	2026-03-15 23:12:52.794175+00
50	d517f36c-2a4a-41c4-85e1-3db59c7ca101	Marcio Maradei	update	entrega	4	{"status": "em_andamento"}	{"status": "resolvida"}	2026-03-15 23:12:56.937758+00
51	d517f36c-2a4a-41c4-85e1-3db59c7ca101	Marcio Maradei	create	atividade	8	\N	{"nome": "ativ 3", "status": "aberta", "descricao": "descr", "data_prevista": "2026-03-24", "motivo_status": null}	2026-03-15 23:13:20.775977+00
52	d517f36c-2a4a-41c4-85e1-3db59c7ca101	Marcio Maradei	update	entrega	4	{"status": "resolvida"}	{"status": "em_andamento"}	2026-03-15 23:13:20.789762+00
53	d517f36c-2a4a-41c4-85e1-3db59c7ca101	Marcio Maradei	update	atividade	8	{"nome": "ativ 3", "status": "aberta", "descricao": "descr", "data_prevista": "2026-03-24", "motivo_status": null}	{"nome": "ativ 3", "status": "resolvida", "descricao": "descr", "data_prevista": "2026-03-24", "motivo_status": null}	2026-03-15 23:13:39.037554+00
54	d517f36c-2a4a-41c4-85e1-3db59c7ca101	Marcio Maradei	update	entrega	4	{"status": "em_andamento"}	{"status": "resolvida"}	2026-03-15 23:13:45.818725+00
55	d517f36c-2a4a-41c4-85e1-3db59c7ca101	Marcio Maradei	update	atividade	8	{"nome": "ativ 3", "status": "resolvida", "descricao": "descr", "data_prevista": "2026-03-24", "motivo_status": null}	{"nome": "ativ 3", "status": "aberta", "descricao": "descr", "data_prevista": "2026-03-24", "motivo_status": null}	2026-03-15 23:13:55.754181+00
56	d517f36c-2a4a-41c4-85e1-3db59c7ca101	Marcio Maradei	update	entrega	4	{"status": "resolvida"}	{"status": "em_andamento"}	2026-03-15 23:13:55.776063+00
57	d517f36c-2a4a-41c4-85e1-3db59c7ca101	Marcio Maradei	update	atividade	8	{"nome": "ativ 3", "status": "aberta", "descricao": "descr", "data_prevista": "2026-03-24", "motivo_status": null}	{"nome": "ativ 3", "status": "cancelada", "descricao": "descr", "data_prevista": "2026-03-24", "motivo_status": null}	2026-03-15 23:14:12.01664+00
58	d517f36c-2a4a-41c4-85e1-3db59c7ca101	Marcio Maradei	update	entrega	4	{"nome": "Nova entrega", "status": "em_andamento", "descricao": "Descreva esta entrega", "motivo_status": null, "criterios_aceite": "Critأ©rio 1\\nCritأ©rio 2", "data_final_prevista": "2026-07-15", "dependencias_criticas": "Dependأھncia 1\\nDependأھncia 2"}	{"nome": "Nova entrega", "status": "cancelada", "descricao": "Descreva esta entrega", "motivo_status": null, "criterios_aceite": "Critأ©rio 1\\nCritأ©rio 2", "data_final_prevista": "2026-07-15", "dependencias_criticas": "Dependأھncia 1\\nDependأھncia 2"}	2026-03-15 23:14:35.925745+00
59	d517f36c-2a4a-41c4-85e1-3db59c7ca101	Marcio Maradei	create	entrega	5	\N	{"nome": "", "projeto_id": 2}	2026-03-15 23:14:47.35991+00
60	d517f36c-2a4a-41c4-85e1-3db59c7ca101	Marcio Maradei	update	entrega	5	{"nome": "", "status": "aberta", "descricao": "", "motivo_status": null, "criterios_aceite": null, "data_final_prevista": null, "dependencias_criticas": null}	{"nome": "entrega 2", "status": "aberta", "descricao": "des", "motivo_status": "kjkj", "criterios_aceite": "kjk", "data_final_prevista": "2026-06-30", "dependencias_criticas": "klklk"}	2026-03-15 23:15:08.204062+00
61	d517f36c-2a4a-41c4-85e1-3db59c7ca101	Marcio Maradei	update	entrega	5	{"nome": "entrega 2", "status": "aberta", "descricao": "des", "motivo_status": "kjkj", "criterios_aceite": "kjk", "data_final_prevista": "2026-06-30", "dependencias_criticas": "klklk"}	{"nome": "entrega 2", "status": "resolvida", "descricao": "des", "motivo_status": "kjkj", "criterios_aceite": "kjk", "data_final_prevista": "2026-06-30", "dependencias_criticas": "klklk"}	2026-03-15 23:15:34.048602+00
62	d517f36c-2a4a-41c4-85e1-3db59c7ca101	Marcio Maradei	update	entrega	5	{"nome": "entrega 2", "status": "resolvida", "descricao": "des", "motivo_status": "kjkj", "criterios_aceite": "kjk", "data_final_prevista": "2026-06-30", "dependencias_criticas": "klklk"}	{"nome": "entrega 2", "status": "cancelada", "descricao": "des", "motivo_status": "kjkj", "criterios_aceite": "kjk", "data_final_prevista": "2026-06-30", "dependencias_criticas": "klklk"}	2026-03-15 23:15:43.292108+00
63	d517f36c-2a4a-41c4-85e1-3db59c7ca101	Marcio Maradei	create	projeto	3	\N	{"nome": "Projeto 2", "descricao": "dsda", "setor_lider_id": 17}	2026-03-18 10:38:20.57343+00
64	d517f36c-2a4a-41c4-85e1-3db59c7ca101	Marcio Maradei	create	projeto	4	\N	{"nome": "Projeto Tezste", "descricao": "Descriأ§أ£o", "setor_lider_id": 12}	2026-03-20 10:02:20.325528+00
65	d517f36c-2a4a-41c4-85e1-3db59c7ca101	Marcio Maradei	update	projeto	4	{"nome": "Projeto Tezste", "descricao": "Descriأ§أ£o", "tipo_acao": ["Prevenأ§أ£o", "Mitigaأ§أ£o"], "data_inicio": null, "responsavel_id": "d517f36c-2a4a-41c4-85e1-3db59c7ca101", "setor_lider_id": 12, "problema_resolve": "Problema", "indicador_sucesso": null, "dependencias_projetos": null}	{"nome": "Projeto Tezste", "descricao": "Descriأ§أ£o", "tipo_acao": ["Prevenأ§أ£o", "Mitigaأ§أ£o"], "data_inicio": null, "responsavel_id": "d517f36c-2a4a-41c4-85e1-3db59c7ca101", "setor_lider_id": 12, "problema_resolve": "Problema", "indicador_sucesso": "Indicador", "dependencias_projetos": "dependencia"}	2026-03-20 10:03:44.814093+00
66	d517f36c-2a4a-41c4-85e1-3db59c7ca101	Marcio Maradei	update	projeto	4	{"nome": "Projeto Tezste", "descricao": "Descriأ§أ£o", "tipo_acao": ["Prevenأ§أ£o", "Mitigaأ§أ£o"], "data_inicio": null, "responsavel_id": "d517f36c-2a4a-41c4-85e1-3db59c7ca101", "setor_lider_id": 12, "problema_resolve": "Problema", "indicador_sucesso": "Indicador", "dependencias_projetos": "dependencia"}	{"nome": "Projeto Tezste", "descricao": "Descriأ§أ£o", "tipo_acao": ["Prevenأ§أ£o", "Mitigaأ§أ£o"], "data_inicio": "2026-04-15", "responsavel_id": "d517f36c-2a4a-41c4-85e1-3db59c7ca101", "setor_lider_id": 12, "problema_resolve": "Problema", "indicador_sucesso": "Indicador", "dependencias_projetos": "dependencia"}	2026-03-20 10:04:04.311138+00
67	d517f36c-2a4a-41c4-85e1-3db59c7ca101	Marcio Maradei	create	entrega	6	\N	{"nome": "Entrega 1 teste", "projeto_id": 4}	2026-03-20 10:04:29.307622+00
68	d517f36c-2a4a-41c4-85e1-3db59c7ca101	Marcio Maradei	update	entrega	6	{"nome": "Entrega 1 teste", "status": "aberta", "descricao": "", "motivo_status": null, "criterios_aceite": null, "data_final_prevista": null, "dependencias_criticas": null, "responsavel_entrega_id": null, "orgao_responsavel_setor_id": null}	{"nome": "Entrega 1 teste", "status": "aberta", "descricao": "", "motivo_status": null, "criterios_aceite": null, "data_final_prevista": "2026-09-15", "dependencias_criticas": null, "responsavel_entrega_id": null, "orgao_responsavel_setor_id": null}	2026-03-20 10:04:53.821258+00
69	d517f36c-2a4a-41c4-85e1-3db59c7ca101	Marcio Maradei	delete	entrega	6	{"nome": "Entrega 1 teste"}	\N	2026-03-20 10:06:14.897782+00
70	d517f36c-2a4a-41c4-85e1-3db59c7ca101	Marcio Maradei	update	projeto	4	{"nome": "Projeto Tezste", "descricao": "Descriأ§أ£o", "tipo_acao": ["Prevenأ§أ£o", "Mitigaأ§أ£o"], "data_inicio": "2026-04-15", "responsavel_id": "d517f36c-2a4a-41c4-85e1-3db59c7ca101", "setor_lider_id": 12, "problema_resolve": "Problema", "indicador_sucesso": "Indicador", "dependencias_projetos": "dependencia"}	{"nome": "Projeto Tezste", "descricao": "Descriأ§أ£o", "tipo_acao": ["Prevenأ§أ£o", "Mitigaأ§أ£o"], "data_inicio": "2026-07-15", "responsavel_id": "d517f36c-2a4a-41c4-85e1-3db59c7ca101", "setor_lider_id": 12, "problema_resolve": "Problema", "indicador_sucesso": "Indicador", "dependencias_projetos": "dependencia"}	2026-03-20 10:09:13.192036+00
71	d517f36c-2a4a-41c4-85e1-3db59c7ca101	Marcio Maradei	create	entrega	7	\N	{"nome": "Entrega teste 10", "projeto_id": 4}	2026-03-20 10:09:31.493144+00
72	d517f36c-2a4a-41c4-85e1-3db59c7ca101	Marcio Maradei	update	entrega	7	{"nome": "Entrega teste 10", "status": "aberta", "descricao": "", "motivo_status": null, "criterios_aceite": null, "data_final_prevista": null, "dependencias_criticas": null, "responsavel_entrega_id": null, "orgao_responsavel_setor_id": null}	{"nome": "Entrega teste 10", "status": "aberta", "descricao": "", "motivo_status": null, "criterios_aceite": null, "data_final_prevista": "2026-07-15", "dependencias_criticas": null, "responsavel_entrega_id": null, "orgao_responsavel_setor_id": null}	2026-03-20 10:10:04.37127+00
73	d517f36c-2a4a-41c4-85e1-3db59c7ca101	Marcio Maradei	create	atividade	9	\N	{"nome": "Atividade da entrega 10", "status": "aberta", "descricao": "Descriأ§أ£o atividade 10", "data_prevista": null, "motivo_status": null, "responsavel_atividade_id": "d517f36c-2a4a-41c4-85e1-3db59c7ca101"}	2026-03-20 10:13:34.740871+00
74	d517f36c-2a4a-41c4-85e1-3db59c7ca101	Marcio Maradei	update	entrega	7	{"nome": "Entrega teste 10", "status": "aberta", "descricao": "", "motivo_status": null, "criterios_aceite": null, "data_final_prevista": "2026-07-15", "dependencias_criticas": null, "responsavel_entrega_id": null, "orgao_responsavel_setor_id": null}	{"nome": "Entrega teste 10", "status": "aberta", "descricao": "", "motivo_status": null, "criterios_aceite": null, "data_final_prevista": "2026-09-15", "dependencias_criticas": null, "responsavel_entrega_id": null, "orgao_responsavel_setor_id": null}	2026-03-20 10:13:50.121232+00
75	d517f36c-2a4a-41c4-85e1-3db59c7ca101	Marcio Maradei	update	atividade	9	{"nome": "Atividade da entrega 10", "status": "aberta", "descricao": "Descriأ§أ£o atividade 10", "data_prevista": null, "motivo_status": null}	{"nome": "Atividade da entrega 10", "status": "aberta", "descricao": "Descriأ§أ£o atividade 10", "data_prevista": "2026-07-20", "motivo_status": null, "responsavel_atividade_id": "d517f36c-2a4a-41c4-85e1-3db59c7ca101"}	2026-03-20 10:14:09.291577+00
76	d517f36c-2a4a-41c4-85e1-3db59c7ca101	Marcio Maradei	update	atividade	9	{"nome": "Atividade da entrega 10", "status": "aberta", "descricao": "Descriأ§أ£o atividade 10", "data_prevista": "2026-07-20", "motivo_status": null}	{"nome": "Atividade da entrega 10", "status": "aberta", "descricao": "Descriأ§أ£o atividade 10", "data_prevista": "2026-08-18", "motivo_status": null, "responsavel_atividade_id": "d517f36c-2a4a-41c4-85e1-3db59c7ca101"}	2026-03-20 10:14:27.732362+00
77	d517f36c-2a4a-41c4-85e1-3db59c7ca101	Marcio Maradei	update	entrega	7	{"nome": "Entrega teste 10", "status": "aberta", "descricao": "", "motivo_status": null, "criterios_aceite": null, "data_final_prevista": "2026-09-15", "dependencias_criticas": null, "responsavel_entrega_id": null, "orgao_responsavel_setor_id": null}	{"nome": "Entrega teste 10", "status": "aberta", "descricao": "", "motivo_status": null, "criterios_aceite": null, "data_final_prevista": "2026-09-15", "dependencias_criticas": null, "responsavel_entrega_id": "956aef59-7d87-4f30-827a-acee87bffee6", "orgao_responsavel_setor_id": null}	2026-03-20 10:23:06.280709+00
78	d517f36c-2a4a-41c4-85e1-3db59c7ca101	Marcio Maradei	update	entrega	7	{"nome": "Entrega teste 10", "status": "aberta", "descricao": "", "motivo_status": null, "criterios_aceite": null, "data_final_prevista": "2026-09-15", "dependencias_criticas": null, "responsavel_entrega_id": "956aef59-7d87-4f30-827a-acee87bffee6", "orgao_responsavel_setor_id": null}	{"nome": "Entrega teste 10", "status": "aberta", "descricao": "", "motivo_status": null, "criterios_aceite": null, "data_final_prevista": "2026-09-15", "dependencias_criticas": null, "responsavel_entrega_id": "956aef59-7d87-4f30-827a-acee87bffee6", "orgao_responsavel_setor_id": 13}	2026-03-20 10:23:42.379391+00
79	d517f36c-2a4a-41c4-85e1-3db59c7ca101	Marcio Maradei	update	projeto	4	{"nome": "Projeto Tezste", "descricao": "Descriأ§أ£o", "tipo_acao": ["Prevenأ§أ£o", "Mitigaأ§أ£o"], "data_inicio": "2026-07-15", "responsavel_id": "d517f36c-2a4a-41c4-85e1-3db59c7ca101", "setor_lider_id": 12, "problema_resolve": "Problema", "indicador_sucesso": "Indicador", "dependencias_projetos": "dependencia"}	{"nome": "Projeto Tezste", "descricao": "Descriأ§أ£o", "tipo_acao": ["Prevenأ§أ£o", "Mitigaأ§أ£o"], "data_inicio": "2026-07-15", "responsavel_id": "b0294a59-984f-43ca-ad6e-e1720e138bd7", "setor_lider_id": 12, "problema_resolve": "Problema", "indicador_sucesso": "Indicador", "dependencias_projetos": "dependencia"}	2026-03-20 10:39:54.706585+00
80	d517f36c-2a4a-41c4-85e1-3db59c7ca101	Marcio Maradei	update	atividade	9	{"nome": "Atividade da entrega 10", "status": "aberta", "descricao": "Descriأ§أ£o atividade 10", "data_prevista": "2026-08-18", "motivo_status": null}	{"nome": "Atividade da entrega 10", "status": "aberta", "descricao": "Descriأ§أ£o atividade 10", "data_prevista": "2026-08-18", "motivo_status": null, "responsavel_atividade_id": "4f44c4c7-3985-409b-9907-b029fdcacd82"}	2026-03-20 10:40:52.213674+00
81	d517f36c-2a4a-41c4-85e1-3db59c7ca101	Marcio Maradei	create	entrega	8	\N	{"nome": "Entrega 2", "projeto_id": 4}	2026-03-20 10:42:36.610936+00
82	d517f36c-2a4a-41c4-85e1-3db59c7ca101	Marcio Maradei	delete	entrega	8	{"nome": "Entrega 2"}	\N	2026-03-20 10:42:55.047221+00
83	d517f36c-2a4a-41c4-85e1-3db59c7ca101	Marcio Maradei	create	entrega	9	\N	{"nome": "entrega 2", "projeto_id": 4}	2026-03-20 10:43:18.730406+00
84	d517f36c-2a4a-41c4-85e1-3db59c7ca101	Marcio Maradei	delete	entrega	9	{"nome": "entrega 2"}	\N	2026-03-20 10:43:36.985594+00
85	d517f36c-2a4a-41c4-85e1-3db59c7ca101	Marcio Maradei	update	atividade	9	{"nome": "Atividade da entrega 10", "status": "aberta", "descricao": "Descriأ§أ£o atividade 10", "data_prevista": "2026-08-18", "motivo_status": null}	{"nome": "Atividade da entrega 10", "status": "aberta", "descricao": "Descriأ§أ£o atividade 10", "data_prevista": null, "motivo_status": null, "responsavel_atividade_id": "4f44c4c7-3985-409b-9907-b029fdcacd82"}	2026-03-20 10:44:27.361713+00
86	d517f36c-2a4a-41c4-85e1-3db59c7ca101	Marcio Maradei	create	entrega	10	\N	{"nome": "entrega 2", "projeto_id": 4}	2026-03-20 10:50:30.710424+00
87	d517f36c-2a4a-41c4-85e1-3db59c7ca101	Marcio Maradei	delete	entrega	10	{"nome": "entrega 2"}	\N	2026-03-20 10:50:45.630456+00
88	d517f36c-2a4a-41c4-85e1-3db59c7ca101	Marcio Maradei	update	entrega	7	{"nome": "Entrega teste 10", "status": "aberta", "descricao": "", "motivo_status": null, "criterios_aceite": null, "data_final_prevista": "2026-09-15", "dependencias_criticas": null, "responsavel_entrega_id": "956aef59-7d87-4f30-827a-acee87bffee6", "orgao_responsavel_setor_id": 13}	{"nome": "Entrega teste 10", "status": "aberta", "descricao": "", "motivo_status": null, "criterios_aceite": null, "data_final_prevista": "2026-09-15", "dependencias_criticas": null, "responsavel_entrega_id": "3cb612a9-9a6f-4a3e-91c4-5e2249b4476d", "orgao_responsavel_setor_id": 13}	2026-03-20 10:53:42.048245+00
89	d517f36c-2a4a-41c4-85e1-3db59c7ca101	Marcio Maradei	update	atividade	9	{"nome": "Atividade da entrega 10", "status": "aberta", "descricao": "Descriأ§أ£o atividade 10", "data_prevista": null, "motivo_status": null}	{"nome": "Atividade da entrega 10", "status": "aberta", "descricao": "Descriأ§أ£o atividade 10", "data_prevista": null, "motivo_status": null, "responsavel_atividade_id": "9f582cd7-76bd-44b9-9413-b4fc790c2840"}	2026-03-20 10:54:17.340987+00
90	d517f36c-2a4a-41c4-85e1-3db59c7ca101	Marcio Maradei	update	atividade	6	{"data_prevista": "2026-03-21"}	{"data_prevista": "2026-03-22"}	2026-03-20 12:19:21.690128+00
91	d517f36c-2a4a-41c4-85e1-3db59c7ca101	Marcio Maradei	create	atividade	10	\N	{"nome": "Atividade de calendأ،rio", "status": "em_andamento", "descricao": "Descriأ§أ£o da atividade de calendأ،rio", "entrega_id": 7, "data_prevista": "2026-07-16", "motivo_status": "Em reuniأµes", "responsavel_atividade_id": "9cd2431a-b178-49ba-8af0-12fa5b5463d7"}	2026-03-20 12:22:10.706297+00
92	d517f36c-2a4a-41c4-85e1-3db59c7ca101	Marcio Maradei	update	projeto	4	{"nome": "Projeto Tezste", "descricao": "Descriأ§أ£o", "tipo_acao": ["Prevenأ§أ£o", "Mitigaأ§أ£o"], "data_inicio": "2026-07-15", "responsavel_id": "b0294a59-984f-43ca-ad6e-e1720e138bd7", "setor_lider_id": 12, "problema_resolve": "Problema", "indicador_sucesso": "Indicador", "dependencias_projetos": "dependencia"}	{"nome": "Projeto Tezste", "descricao": "Descriأ§أ£o", "tipo_acao": ["Prevenأ§أ£o", "Mitigaأ§أ£o"], "data_inicio": "2026-03-15", "responsavel_id": "b0294a59-984f-43ca-ad6e-e1720e138bd7", "setor_lider_id": 12, "problema_resolve": "Problema", "indicador_sucesso": "Indicador", "dependencias_projetos": "dependencia"}	2026-03-20 13:43:12.375966+00
93	d517f36c-2a4a-41c4-85e1-3db59c7ca101	Marcio Maradei	update	atividade	10	{"nome": "Atividade de calendأ،rio", "status": "em_andamento", "descricao": "Descriأ§أ£o da atividade de calendأ،rio", "data_prevista": "2026-07-16", "motivo_status": "Em reuniأµes"}	{"nome": "Atividade de calendأ،rio", "status": "em_andamento", "descricao": "Descriأ§أ£o da atividade de calendأ،rio", "data_prevista": "2026-03-19", "motivo_status": "Em reuniأµes", "responsavel_atividade_id": "9cd2431a-b178-49ba-8af0-12fa5b5463d7"}	2026-03-20 13:43:29.433378+00
94	d517f36c-2a4a-41c4-85e1-3db59c7ca101	Marcio Maradei	update	atividade	10	{"nome": "Atividade de calendأ،rio", "status": "em_andamento", "descricao": "Descriأ§أ£o da atividade de calendأ،rio", "data_prevista": "2026-03-19", "motivo_status": "Em reuniأµes"}	{"nome": "Atividade de calendأ،rio", "status": "em_andamento", "descricao": "Descriأ§أ£o da atividade de calendأ،rio", "data_prevista": "2026-03-19", "motivo_status": "Em reuniأµes", "responsavel_atividade_id": "7f3beced-ae42-4413-a8d7-a667b9b93cbf"}	2026-03-20 13:43:50.673722+00
95	d517f36c-2a4a-41c4-85e1-3db59c7ca101	Marcio Maradei	update	atividade	10	{"nome": "Atividade de calendأ،rio", "status": "em_andamento", "descricao": "Descriأ§أ£o da atividade de calendأ،rio", "data_prevista": "2026-03-19", "motivo_status": "Em reuniأµes"}	{"nome": "Atividade de calendأ،rio", "status": "em_andamento", "descricao": "Descriأ§أ£o da atividade de calendأ،rio", "data_prevista": "2026-03-23", "motivo_status": "Em reuniأµes", "responsavel_atividade_id": "7f3beced-ae42-4413-a8d7-a667b9b93cbf"}	2026-03-20 13:45:26.923268+00
96	d517f36c-2a4a-41c4-85e1-3db59c7ca101	Marcio Maradei	update	entrega	7	{"nome": "Entrega teste 10", "status": "aberta", "descricao": "", "data_inicio": null, "motivo_status": null, "criterios_aceite": null, "data_final_prevista": "2026-09-15", "dependencias_criticas": null, "responsavel_entrega_id": "3cb612a9-9a6f-4a3e-91c4-5e2249b4476d", "orgao_responsavel_setor_id": 13}	{"nome": "Entrega teste 10", "status": "aberta", "descricao": "", "data_inicio": null, "motivo_status": null, "criterios_aceite": null, "data_final_prevista": "2026-09-15", "dependencias_criticas": null, "responsavel_entrega_id": "3cb612a9-9a6f-4a3e-91c4-5e2249b4476d", "orgao_responsavel_setor_id": 13}	2026-03-20 13:47:09.869745+00
97	d517f36c-2a4a-41c4-85e1-3db59c7ca101	Marcio Maradei	create	entrega	11	\N	{"nome": "Entrega 4", "projeto_id": 3}	2026-03-20 13:48:02.698098+00
98	d517f36c-2a4a-41c4-85e1-3db59c7ca101	Marcio Maradei	create	projeto	5	\N	{"nome": "Projeto Y", "descricao": "wqwqw", "setor_lider_id": 15}	2026-03-20 13:49:02.282422+00
99	d517f36c-2a4a-41c4-85e1-3db59c7ca101	Marcio Maradei	update	projeto	5	{"nome": "Projeto Y", "descricao": "wqwqw", "tipo_acao": null, "data_inicio": null, "responsavel_id": "38b8e489-e928-4877-88e0-1bef403918b8", "setor_lider_id": 15, "problema_resolve": "qwqw", "indicador_sucesso": null, "dependencias_projetos": null}	{"nome": "Projeto Y", "descricao": "wqwqw", "tipo_acao": null, "data_inicio": null, "responsavel_id": "38b8e489-e928-4877-88e0-1bef403918b8", "setor_lider_id": 17, "problema_resolve": "qwqw", "indicador_sucesso": null, "dependencias_projetos": null}	2026-03-20 13:49:28.469424+00
100	d517f36c-2a4a-41c4-85e1-3db59c7ca101	Marcio Maradei	create	entrega	12	\N	{"nome": "hahah", "projeto_id": 5}	2026-03-20 13:50:18.044876+00
101	d517f36c-2a4a-41c4-85e1-3db59c7ca101	Marcio Maradei	update	entrega	12	{"nome": "hahah", "status": "aberta", "descricao": "", "data_inicio": "2026-05-21", "motivo_status": null, "criterios_aceite": null, "data_final_prevista": null, "dependencias_criticas": null, "responsavel_entrega_id": null, "orgao_responsavel_setor_id": null}	{"nome": "hahah", "status": "aberta", "descricao": "", "data_inicio": "2026-03-21", "motivo_status": null, "criterios_aceite": null, "data_final_prevista": null, "dependencias_criticas": null, "responsavel_entrega_id": null, "orgao_responsavel_setor_id": null}	2026-03-20 13:51:02.228111+00
\.


--
-- Data for Name: configuracoes; Type: TABLE DATA; Schema: public; Owner: postgres
--

COPY public.configuracoes (chave, valor, descricao, atualizado_por, updated_at) FROM stdin;
obs_exibir_para_usuarios	true	Exibe observaâ”œآ؛â”œأپes na tela de visualizaâ”œآ؛â”œأ؛o das aâ”œآ؛â”œأپes	\N	2026-02-21 12:04:07.059601+00
obs_permitir_criacao	false	Permite que usuâ”œأ­rios criem novas observaâ”œآ؛â”œأپes	d517f36c-2a4a-41c4-85e1-3db59c7ca101	2026-03-06 02:59:03.586342+00
proj_permitir_cadastro	false	Permite gestores cadastrarem projetos e entregas	d517f36c-2a4a-41c4-85e1-3db59c7ca101	2026-03-08 12:09:14.984679+00
email_funcoes_ativas	false	Ativa confirmaأ§أ£o de email no cadastro e recuperaأ§أ£o de senha por email	d517f36c-2a4a-41c4-85e1-3db59c7ca101	2026-03-15 18:52:24.763635+00
proj_permitir_edicao	false	Permite gestores editarem/excluâ”œآ،rem projetos e entregas	d517f36c-2a4a-41c4-85e1-3db59c7ca101	2026-03-15 19:04:57.858948+00
proj_permitir_edicao_datas_atividades	true	Permite gestores editarem datas das atividades	d517f36c-2a4a-41c4-85e1-3db59c7ca101	2026-03-15 19:05:01.093599+00
proj_permitir_edicao_datas	false	Permite gestores editarem quinzenas das entregas	d517f36c-2a4a-41c4-85e1-3db59c7ca101	2026-03-15 19:05:02.579798+00
proj_permitir_edicao_atividades	false	Permite gestores editarem/excluأ­rem atividades	d517f36c-2a4a-41c4-85e1-3db59c7ca101	2026-03-15 19:05:08.122346+00
proj_permitir_cadastro_atividades	false	Permite gestores cadastrarem atividades	d517f36c-2a4a-41c4-85e1-3db59c7ca101	2026-03-15 19:05:08.721395+00
\.


--
-- Data for Name: destaques_estrategicos; Type: TABLE DATA; Schema: public; Owner: postgres
--

COPY public.destaques_estrategicos (id, acao_estrategica_id, titulo, header_contexto, created_at) FROM stdin;
1	1	Projetos-Prateleira para Adesâ”œأ؛o Municipal	CONTEXTO أ”أ‡أ¶ Do Modelo ao Territâ”œâ”‚rio	2026-02-21 12:05:31.311365+00
2	2	O Fundo Estadual de Proteâ”œآ؛â”œأ؛o e Defesa Civil	CONTEXTO CRâ”œأ¬TICO أ”أ‡أ¶ Fundo Estadual de Proteâ”œآ؛â”œأ؛o e Defesa Civil	2026-02-21 12:05:31.311365+00
3	3	Relevâ”œأ³ncia Transversal desta Aâ”œآ؛â”œأ؛o	CONTEXTO أ”أ‡أ¶ Gestâ”œأ؛o Estratâ”œآ®gica como Infraestrutura de Governanâ”œآ؛a	2026-02-21 12:05:31.311365+00
4	4	O Gabinete de Gestâ”œأ؛o de Projetos	CONTEXTO أ”أ‡أ¶ Condiâ”œآ؛â”œأ؛o Estrutural para a Institucionalizaâ”œآ؛â”œأ؛o	2026-02-21 12:05:31.311365+00
5	6	A Dimensâ”œأ؛o Cultural da Governanâ”œآ؛a	CONTEXTO أ”أ‡أ¶ Por que Cultura â”œآ® Infraestrutura	2026-02-21 12:05:31.311365+00
6	8	O Modelo de Sustentaâ”œآ؛â”œأ؛o	CONTEXTO أ”أ‡أ¶ Da Implantaâ”œآ؛â”œأ؛o â”œأ، Manutenâ”œآ؛â”œأ؛o	2026-02-21 12:05:31.311365+00
7	9	A Cadeia Lâ”œâ”‚gica Funâ”œآ؛â”œأ؛o أ”أ¥أ† Processo أ”أ¥أ† Competâ”œآ¬ncia	CONTEXTO أ”أ‡أ¶ Prâ”œآ®-requisitos e Sequâ”œآ¬ncia	2026-02-21 12:05:31.311365+00
8	10	Capacitaâ”œآ؛â”œأ؛o Orientada por Diagnâ”œâ”‚stico	CONTEXTO أ”أ‡أ¶ Trilhas Dirigidas + Autodesenvolvimento	2026-02-21 12:05:31.311365+00
9	12	Automaâ”œآ؛â”œأ؛o Orientada por Processo	CONTEXTO أ”أ‡أ¶ Tecnologia a Serviâ”œآ؛o do Processo, Nâ”œأ؛o o Contrâ”œأ­rio	2026-02-21 12:05:31.311365+00
10	14	Pesquisa Orientada por Problema Operacional	CONTEXTO أ”أ‡أ¶ Ciâ”œآ¬ncia a Serviâ”œآ؛o da Operaâ”œآ؛â”œأ؛o	2026-02-21 12:05:31.311365+00
11	15	Extensâ”œأ؛o como Via de Mâ”œأ؛o Dupla	CONTEXTO أ”أ‡أ¶ A Instituiâ”œآ؛â”œأ؛o Ensina e Aprende	2026-02-21 12:05:31.311365+00
12	16	Posicionamento Institucional em Rede	CONTEXTO أ”أ‡أ¶ De Consumidor a Produtor de Conhecimento	2026-02-21 12:05:31.311365+00
13	17	Inovaâ”œآ؛â”œأ؛o Nascida do Problema	CONTEXTO أ”أ‡أ¶ O Ciclo PD&I Institucional	2026-02-21 12:05:31.311365+00
14	18	De Saber Tâ”œأ­cito a Doutrina Tâ”œآ®cnica	CONTEXTO أ”أ‡أ¶ O Conhecimento que se Perde na Ponta	2026-02-21 12:05:31.311365+00
15	19	Combate ao Personalâ”œآ،smo pelo Registro	CONTEXTO أ”أ‡أ¶ O Conhecimento que Mora nas Pessoas	2026-02-21 12:05:31.311365+00
16	20	A Instituiâ”œآ؛â”œأ؛o que Registra Sobrevive	CONTEXTO أ”أ‡أ¶ Memâ”œâ”‚ria como Ativo Institucional	2026-02-21 12:05:31.311365+00
17	21	Melhorar o que Jâ”œأ­ Existe		2026-02-21 12:05:31.311365+00
18	22	Quem Nâ”œأ؛o Conhece seu Fluxo Nâ”œأ؛o Governa sua Informaâ”œآ؛â”œأ؛o	CONTEXTO أ”أ‡أ¶ O Ciclo Invisâ”œآ،vel	2026-02-21 12:05:31.311365+00
19	23	Argumento Tâ”œآ®cnico como Arma Polâ”œآ،tica	CONTEXTO أ”أ‡أ¶ Articulando com Fundamento	2026-02-21 12:05:31.311365+00
20	24	O Custo da Nâ”œأ؛o-Decisâ”œأ؛o	CONTEXTO أ”أ‡أ¶ Uma Responsabilidade que Nâ”œأ؛o â”œآ® Nossa	2026-02-21 12:05:31.311365+00
21	25	Cooperaâ”œآ؛â”œأ؛o Multifacetada, Nâ”œأ؛o Assistâ”œآ¬ncia Avulsa	CONTEXTO أ”أ‡أ¶ Aâ”œآ؛â”œأ؛o Integrada no Territâ”œâ”‚rio	2026-02-21 12:05:31.311365+00
22	26	Transformar Experiâ”œآ¬ncia em Doutrina	CONTEXTO أ”أ‡أ¶ Conhecimento Operacional Nâ”œأ؛o Documentado	2026-02-21 12:05:31.311365+00
23	27	Preparar Antes, Complementar Durante	CONTEXTO أ”أ‡أ¶ Duas Dimensâ”œأپes da Colaboraâ”œآ؛â”œأ؛o	2026-02-21 12:05:31.311365+00
24	28	Articular, Nâ”œأ؛o Executar	CONTEXTO أ”أ‡أ¶ Recuperaâ”œآ؛â”œأ؛o como Aâ”œآ؛â”œأ؛o Transversal do Estado	2026-02-21 12:05:31.311365+00
25	29	Influenciar Quem Reconstrâ”œâ”‚i	CONTEXTO أ”أ‡أ¶ Recuperaâ”œآ؛â”œأ؛o como Oportunidade de Reduâ”œآ؛â”œأ؛o de Risco	2026-02-21 12:05:31.311365+00
26	30	RRD como Agenda de Governo, Nâ”œأ؛o de Secretaria	CONTEXTO أ”أ‡أ¶ Transversalidade da Reduâ”œآ؛â”œأ؛o de Riscos	2026-02-21 12:05:31.311365+00
27	5	Produtos Institucionais Previstos	Produtos de Comunicaâ”œآ؛â”œأ؛o Estratâ”œآ®gica	2026-02-21 12:05:31.311365+00
\.


--
-- Data for Name: destaque_linhas; Type: TABLE DATA; Schema: public; Owner: postgres
--

COPY public.destaque_linhas (id, destaque_id, ordem, tipo, label, conteudo, created_at) FROM stdin;
1	1	1	label_conteudo	Princâ”œآ،pio	Municâ”œآ،pios que desejam implementar projetos de proteâ”œآ؛â”œأ؛o comunitâ”œأ­ria frequentemente nâ”œأ؛o sabem por onde comeâ”œآ؛ar. Nâ”œأ؛o tâ”œآ¬m metodologias, modelos de projeto nem materiais de referâ”œآ¬ncia. O resultado â”œآ® que iniciativas locais dependem da capacidade individual de cada gestâ”œأ؛o municipal, gerando disparidade na qualidade e na continuidade das aâ”œآ؛â”œأپes. Esta aâ”œآ؛â”œأ؛o resolve esse problema criando um portfâ”œâ”‚lio de projetos-prateleira: modelos prontos, testados e replicâ”œأ­veis, que o municâ”œآ،pio adere e adapta â”œأ، sua realidade. O portfâ”œâ”‚lio reduz a barreira de entrada e padroniza a qualidade das iniciativas comunitâ”œأ­rias em todo o Estado.	2026-02-21 12:05:31.311365+00
2	1	2	label_conteudo	O ciclo de produâ”œآ؛â”œأ؛o	Coleta de prâ”œأ­ticas: as REDECs (via DREDEC) colhem junto aos municâ”œآ،pios as melhores prâ”œأ­ticas de projetos comunitâ”œأ­rios em PDC jâ”œأ­ existentes.\nAnâ”œأ­lise, sistematizaâ”œآ؛â”œأ؛o e modelagem: a DGAC analisa as prâ”œأ­ticas coletadas, identifica elementos replicâ”œأ­veis, sistematiza o conhecimento e modela os projetos-prateleira أ”أ‡أ¶ com escopo, materiais de apoio, roteiros de implementaâ”œآ؛â”œأ؛o e critâ”œآ®rios de adaptaâ”œآ؛â”œأ؛o local. Quando a anâ”œأ­lise exigir rigor cientâ”œآ،fico especâ”œآ،fico, solicita suporte ao ICTDEC (com CEPEDEC).\nCapacitaâ”œآ؛â”œأ؛o: a ESDEC capacita agentes municipais para a implementaâ”œآ؛â”œأ؛o dos projetos do portfâ”œâ”‚lio.\nDifusâ”œأ؛o e adesâ”œأ؛o: as REDECs disponibilizam o portfâ”œâ”‚lio aos municâ”œآ،pios e articulam a adesâ”œأ؛o.	2026-02-21 12:05:31.311365+00
3	1	3	label_conteudo	Risco a evitar	Portfâ”œâ”‚lio genâ”œآ®rico sem base empâ”œآ،rica. Projetos modelados sem coleta prâ”œآ®via de prâ”œأ­ticas reais tendem a ser teâ”œâ”‚ricos e desconectados das realidades locais. A etapa de coleta junto aos municâ”œآ،pios â”œآ® condiâ”œآ؛â”œأ؛o de qualidade para o portfâ”œâ”‚lio.	2026-02-21 12:05:31.311365+00
4	2	1	label_conteudo	Situaâ”œآ؛â”œأ؛o atual	O Fundo Estadual de Proteâ”œآ؛â”œأ؛o e Defesa Civil foi criado por Emenda Constitucional Estadual, porâ”œآ®m encontra-se inoperante devido a veto do Governador. Hâ”œأ­ previsâ”œأ؛o de que seja operacionalizado, mas sem data definida.	2026-02-21 12:05:31.311365+00
5	2	2	label_conteudo	Por que â”œآ® central	Quando operacionalizado, o Fundo se tornarâ”œأ­ a principal fonte de recursos para as aâ”œآ؛â”œأپes de proteâ”œآ؛â”œأ؛o e defesa civil do Estado. Diferente de editais pontuais, ele representarâ”œأ­ um fluxo permanente e previsâ”œآ،vel de financiamento, alterando fundamentalmente a escala de operaâ”œآ؛â”œأ؛o da Secretaria.	2026-02-21 12:05:31.311365+00
6	2	3	label_conteudo	Impacto operacional	أ”أ‡أ³ Gestâ”œأ؛o do Fundo: Exigirâ”œأ­ estrutura capacitada para administrar receitas, elaborar planos de aplicaâ”œآ؛â”œأ؛o, prestar contas e garantir conformidade legal e contâ”œأ­bil permanente.\nأ”أ‡أ³ Portfâ”œâ”‚lio de Projetos: Serâ”œأ­ necessâ”œأ­rio manter um banco estruturado de projetos prontos para receber financiamento, com diagnâ”œâ”‚stico, indicadores e viabilidade tâ”œآ®cnica jâ”œأ­ validados.\nأ”أ‡أ³ Repasses fundo a fundo: O Fundo poderâ”œأ­ alimentar projetos municipais via transferâ”œآ¬ncias fundo a fundo, o que multiplicarâ”œأ­ exponencialmente as responsabilidades de controle, monitoramento e acompanhamento da execuâ”œآ؛â”œأ؛o em dezenas de municâ”œآ،pios.\nأ”أ‡أ³ Gabinete de Gestâ”œأ؛o de Projetos: A operacionalizaâ”œآ؛â”œأ؛o do Fundo tornarâ”œأ­ indispensâ”œأ­vel um Gabinete de Gestâ”œأ؛o de Projetos forte e funcional, capaz de gerir o ciclo completo: da elaboraâ”œآ؛â”œأ؛o ao monitoramento da execuâ”œآ؛â”œأ؛o fâ”œآ،sico-financeira.\nأ”أ‡أ³ Assessoria Jurâ”œآ،dica: A ASSEJUR precisarâ”œأ­ estar integrada ao fluxo desde a concepâ”œآ؛â”œأ؛o dos instrumentos de repasse, garantindo seguranâ”œآ؛a jurâ”œآ،dica em cada transferâ”œآ¬ncia.	2026-02-21 12:05:31.311365+00
7	2	4	label_conteudo	Implicaâ”œآ؛â”œأ؛o para o presente	Tudo que estâ”œأ­ sendo estruturado agora â”œآ® prâ”œآ®-condiâ”œآ؛â”œأ؛o para o Fundo. A metodologia de monitoramento de oportunidades, a capacitaâ”œآ؛â”œأ؛o em elaboraâ”œآ؛â”œأ؛o de projetos, o fortalecimento do Gabinete de Gestâ”œأ؛o de Projetos e a governanâ”œآ؛a financeira nâ”œأ؛o sâ”œأ؛o apenas aâ”œآ؛â”œأپes do presente أ”أ‡أ¶ sâ”œأ؛o o alicerce sem o qual a Secretaria nâ”œأ؛o terâ”œأ­ capacidade de absorver e gerir o Fundo quando ele for ativado. Chegar a esse momento sem preparaâ”œآ؛â”œأ؛o significaria desperdiâ”œآ؛ar a maior oportunidade de financiamento da histâ”œâ”‚ria da Defesa Civil Estadual.	2026-02-21 12:05:31.311365+00
8	3	1	label_conteudo	O problema	A publicaâ”œآ؛â”œأ؛o do Plano Estratâ”œآ®gico e a definiâ”œآ؛â”œأ؛o das Aâ”œآ؛â”œأپes Prioritâ”œأ­rias representam avanâ”œآ؛os significativos. No entanto, a experiâ”œآ¬ncia da administraâ”œآ؛â”œأ؛o pâ”œâ•‘blica demonstra que a maior parte dos planejamentos estratâ”œآ®gicos perde efetividade nâ”œأ؛o por falhas de concepâ”œآ؛â”œأ؛o, mas pela ausâ”œآ¬ncia de rotinas sistemâ”œأ­ticas de acompanhamento que convertam diretrizes em aâ”œآ؛â”œأپes rastreadas e mensurâ”œأ­veis.	2026-02-21 12:05:31.311365+00
9	3	2	label_conteudo	A funâ”œآ؛â”œأ؛o desta aâ”œآ؛â”œأ؛o	Esta aâ”œآ؛â”œأ؛o nâ”œأ؛o â”œآ® uma prioridade isolada entre as demais. Ela â”œآ® a infraestrutura de gestâ”œأ؛o que viabiliza a mediâ”œآ؛â”œأ؛o do progresso de todas as outras aâ”œآ؛â”œأپes estratâ”œآ®gicas. Sem ela, nâ”œأ؛o hâ”œأ­ como aferir de forma objetiva se a captaâ”œآ؛â”œأ؛o de recursos (AE 1.1.3), a gestâ”œأ؛o de processos (AE 2.1.6) ou qualquer outra prioridade vigente estâ”œأ­ avanâ”œآ؛ando, estagnada ou desviada de sua finalidade.	2026-02-21 12:05:31.311365+00
10	3	3	label_conteudo	Riscos da nâ”œأ؛o execuâ”œآ؛â”œأ؛o	أ”أ‡أ³ O Plano Estratâ”œآ®gico perde credibilidade interna por falta de visibilidade do acompanhamento\nأ”أ‡أ³ Decisâ”œأپes permanecem orientadas predominantemente por urgâ”œآ¬ncias pontuais, sem suporte de dados de desempenho\nأ”أ‡أ³ Os investimentos nas demais aâ”œآ؛â”œأپes de governanâ”œآ؛a (AEs 2.1.2 a 2.1.8) perdem o elo de acompanhamento, dificultando a demonstraâ”œآ؛â”œأ؛o de resultados\nأ”أ‡أ³ A Alta Gestâ”œأ؛o nâ”œأ؛o dispâ”œأپe de instrumentos padronizados para avaliar entregas de forma objetiva	2026-02-21 12:05:31.311365+00
11	3	4	label_conteudo	Resultado esperado	Com a gestâ”œأ؛o estratâ”œآ®gica institucionalizada, a Secretaria passa a operar com ciclos de revisâ”œأ؛o periâ”œâ”‚dicos, indicadores vinculados â”œأ، tomada de decisâ”œأ؛o e transparâ”œآ¬ncia no acompanhamento do progresso, assegurando que o planejamento se traduza efetivamente em execuâ”œآ؛â”œأ؛o monitorada.	2026-02-21 12:05:31.311365+00
12	4	1	label_conteudo	Situaâ”œآ؛â”œأ؛o atual	O Gabinete de Gestâ”œأ؛o de Projetos integra a estrutura organizacional como â”œâ”‚rgâ”œأ؛o assessor da SUBSEGOP, porâ”œآ®m encontra-se atualmente sem operaâ”œآ؛â”œأ؛o regular. Este enquadramento o posiciona como lâ”œآ،der desta aâ”œآ؛â”œأ؛o estratâ”œآ®gica, reconhecendo que sua ativaâ”œآ؛â”œأ؛o e fortalecimento constituem condiâ”œآ؛â”œأ؛o estrutural para o sucesso nâ”œأ؛o apenas desta aâ”œآ؛â”œأ؛o, mas de diversas outras prioridades que dependem de capacidade de gestâ”œأ؛o de portfâ”œâ”‚lio.	2026-02-21 12:05:31.311365+00
26	8	2	label_conteudo	Autodesenvolvimento	Estâ”œآ،mulo ao autodesenvolvimento por meio de orientaâ”œآ؛â”œأ؛o sobre percursos formativos disponâ”œآ،veis e reconhecimento institucional do esforâ”œآ؛o individual de qualificaâ”œآ؛â”œأ؛o. A instituiâ”œآ؛â”œأ؛o deve sinalizar com clareza quais competâ”œآ¬ncias valoriza e oferecer condiâ”œآ؛â”œأپes para que o servidor busque seu prâ”œâ”‚prio desenvolvimento.	2026-02-21 12:05:31.311365+00
13	4	2	label_conteudo	Por que â”œآ® central	أ”أ‡أ³ A Secretaria opera mâ”œâ•‘ltiplos projetos simultâ”œأ³neos (captaâ”œآ؛â”œأ؛o de recursos, convâ”œآ¬nios, obras, capacitaâ”œآ؛â”œأپes, parcerias) sem uma estrutura dedicada a gerir esse portfâ”œâ”‚lio de forma integrada\nأ”أ‡أ³ Sem gestâ”œأ؛o de projetos institucionalizada, cada setor adota mâ”œآ®todos prâ”œâ”‚prios, o que dificulta o monitoramento, a prestaâ”œآ؛â”œأ؛o de contas e a identificaâ”œآ؛â”œأ؛o tempestiva de desvios\nأ”أ‡أ³ A futura operacionalizaâ”œآ؛â”œأ؛o do Fundo Estadual de Proteâ”œآ؛â”œأ؛o e Defesa Civil multiplicarâ”œأ­ o volume de projetos sob gestâ”œأ؛o, incluindo repasses fundo a fundo para municâ”œآ،pios, exigindo capacidade institucional que sâ”œâ”‚ serâ”œأ­ alcanâ”œآ؛ada se a estruturaâ”œآ؛â”œأ؛o comeâ”œآ؛ar agora	2026-02-21 12:05:31.311365+00
31	9	3	label_conteudo	Contexto atual	A Secretaria opera com carâ”œآ¬ncia de recursos e baixa maturidade tecnolâ”œâ”‚gica institucional. A estratâ”œآ®gia atual prioriza soluâ”œآ؛â”œأپes gratuitas adaptadas ao estâ”œأ­gio de maturidade corrente, com evoluâ”œآ؛â”œأ؛o gradual conforme a capacidade orâ”œآ؛amentâ”œأ­ria e a consolidaâ”œآ؛â”œأ؛o dos processos.	2026-02-21 12:05:31.311365+00
14	4	3	label_conteudo	Nota sobre vinculaâ”œآ؛â”œأ؛o institucional	Atualmente, o Gabinete estâ”œأ­ vinculado â”œأ، SUBSEGOP como â”œâ”‚rgâ”œأ؛o assessor. Recomenda-se avaliar, em momento oportuno, a vinculaâ”œآ؛â”œأ؛o funcional â”œأ، SUOP. A razâ”œأ؛o tâ”œآ®cnica â”œآ® que a SUOP â”œآ® o â”œâ”‚rgâ”œأ؛o de integraâ”œآ؛â”œأ؛o operacional da Secretaria أ”أ‡أ¶ â”œآ® por meio dela que os â”œâ”‚rgâ”œأ؛os subordinados se articulam para a execuâ”œآ؛â”œأ؛o. Um gabinete de projetos vinculado â”œأ، instâ”œأ³ncia integradora teria acesso direto ao fluxo de informaâ”œآ؛â”œأپes operacionais, maior proximidade com os executores e condiâ”œآ؛â”œأپes mais adequadas para exercer o monitoramento em tempo real. Essa anâ”œأ­lise deve considerar os arranjos normativos vigentes e ser conduzida pela Alta Gestâ”œأ؛o.	2026-02-21 12:05:31.311365+00
15	4	4	label_conteudo	Implicaâ”œآ؛â”œأ؛o para o presente	A ativaâ”œآ؛â”œأ؛o do Gabinete â”œآ® prâ”œآ®-condiâ”œآ؛â”œأ؛o operacional. Enquanto nâ”œأ؛o estiver funcional, as etapas iniciais (definiâ”œآ؛â”œأ؛o de metodologia, capacitaâ”œآ؛â”œأ؛o, seleâ”œآ؛â”œأ؛o de ferramentas) serâ”œأ؛o conduzidas pelo ICTDEC em articulaâ”œآ؛â”œأ؛o com a SUOP, com transferâ”œآ¬ncia progressiva ao Gabinete â”œأ، medida que este se torne operacional.	2026-02-21 12:05:31.311365+00
16	5	1	label_conteudo	A relaâ”œآ؛â”œأ؛o com as demais AEs	A Estratâ”œآ®gia E2.1 prevâ”œآ¬ a implantaâ”œآ؛â”œأ؛o simultâ”œأ³nea de diversos instrumentos de governanâ”œآ؛a: gestâ”œأ؛o estratâ”œآ®gica (AE 2.1.1), gestâ”œأ؛o de projetos (AE 2.1.2), gestâ”œأ؛o de processos (AE 2.1.6) e gestâ”œأ؛o por competâ”œآ¬ncias (AE 2.1.7). Cada um desses instrumentos exige, para sua efetividade, que as equipes compreendam o propâ”œâ”‚sito da mudanâ”œآ؛a e adiram a novas rotinas. A AE 2.1.4 â”œآ® o componente de adesâ”œأ؛o que sustenta todos os demais: sem evoluâ”œآ؛â”œأ؛o cultural, a implantaâ”œآ؛â”œأ؛o de novos instrumentos tende a encontrar resistâ”œآ¬ncia passiva e perder efetividade ao longo do tempo.	2026-02-21 12:05:31.311365+00
17	5	2	label_conteudo	O papel do SEDEC 360	O Programa SEDEC 360 â”œآ® a iniciativa que operacionaliza esta aâ”œآ؛â”œأ؛o, integrando as dimensâ”œأپes de gestâ”œأ؛o, governanâ”œآ؛a e cultura num processo estruturado de fortalecimento institucional. As aâ”œآ؛â”œأپes previstas nesta AE sâ”œأ؛o conduzidas no â”œأ³mbito do SEDEC 360, que fornece o enquadramento metodolâ”œâ”‚gico e o calendâ”œأ­rio de execuâ”œآ؛â”œأ؛o.	2026-02-21 12:05:31.311365+00
18	5	3	label_conteudo	Condiâ”œآ؛â”œأ؛o de sucesso	Aâ”œآ؛â”œأپes de cultura organizacional sâ”œâ”‚ produzem resultado quando conduzidas com patrocâ”œآ،nio visâ”œآ،vel da Alta Gestâ”œأ؛o. Se percebidas como iniciativa tâ”œآ®cnica isolada, tendem a ser tratadas como atividade acessâ”œâ”‚ria. Por isso, a lideranâ”œآ؛a institucional desta aâ”œآ؛â”œأ؛o cabe â”œأ، Alta Gestâ”œأ؛o, com execuâ”œآ؛â”œأ؛o tâ”œآ®cnica pelo ICTDEC.	2026-02-21 12:05:31.311365+00
19	6	1	label_conteudo	Fase de implantaâ”œآ؛â”œأ؛o	O ICTDEC define a metodologia organizacional de gestâ”œأ؛o de processos, conduz as oficinas de mapeamento junto aos â”œâ”‚rgâ”œأ؛os e produz os primeiros mapeamentos (processos finalâ”œآ،sticos prioritâ”œأ­rios). A SUOP coordena a participaâ”œآ؛â”œأ؛o dos â”œâ”‚rgâ”œأ؛os e valida a priorizaâ”œآ؛â”œأ؛o dos processos a serem mapeados.	2026-02-21 12:05:31.311365+00
20	6	2	label_conteudo	Fase de manutenâ”œآ؛â”œأ؛o	Apâ”œâ”‚s a implantaâ”œآ؛â”œأ؛o inicial, a SUOP mantâ”œآ®m o repositâ”œâ”‚rio institucional de processos. Cada â”œâ”‚rgâ”œأ؛o â”œآ® responsâ”œأ­vel por identificar necessidades de atualizaâ”œآ؛â”œأ؛o em seus processos e encaminhâ”œأ­-las â”œأ، SUOP, que valida e incorpora as alteraâ”œآ؛â”œأپes ao repositâ”œâ”‚rio. Os â”œâ”‚rgâ”œأ؛os tâ”œآ¬m acesso de leitura e download das fichas de processos. O ICTDEC atua como consultor metodolâ”œâ”‚gico para eventuais atualizaâ”œآ؛â”œأپes da metodologia ou mapeamentos de maior complexidade.	2026-02-21 12:05:31.311365+00
21	6	3	label_conteudo	Razâ”œأ؛o da descentralizaâ”œآ؛â”œأ؛o	Centralizar todo o mapeamento e manutenâ”œآ؛â”œأ؛o no ICTDEC criaria um gargalo insustentâ”œأ­vel. Os processos pertencem aos setores que os executam أ”أ‡أ¶ sâ”œأ؛o eles que percebem mudanâ”œآ؛as e ajustes necessâ”œأ­rios. O repositâ”œâ”‚rio centralizado na SUOP assegura governanâ”œآ؛a (versâ”œأ؛o â”œâ•‘nica, validaâ”œآ؛â”œأ؛o antes da publicaâ”œآ؛â”œأ؛o), enquanto a identificaâ”œآ؛â”œأ؛o das necessidades de atualizaâ”œآ؛â”œأ؛o permanece com quem opera o processo.	2026-02-21 12:05:31.311365+00
22	7	1	label_conteudo	Prâ”œآ®-requisito	A gestâ”œأ؛o por competâ”œآ¬ncias sâ”œâ”‚ produz resultado quando apoiada em dados concretos sobre o que cada funâ”œآ؛â”œأ؛o efetivamente faz. Sem o mapeamento de processos (AE 2.1.6), a definiâ”œآ؛â”œأ؛o de competâ”œآ¬ncias tende a ser genâ”œآ®rica, baseada em descriâ”œآ؛â”œأپes formais de cargo que nem sempre correspondem â”œأ، realidade operacional. A AE 2.1.6 â”œآ®, portanto, insumo direto desta aâ”œآ؛â”œأ؛o.	2026-02-21 12:05:31.311365+00
23	7	2	label_conteudo	Sequâ”œآ¬ncia lâ”œâ”‚gica	1. Mapear funâ”œآ؛â”œأپes da estrutura da SEDEC (o que existe) أ”أ¥أ† 2. Mapear competâ”œآ¬ncias necessâ”œأ­rias e desejâ”œأ­veis para cada funâ”œآ؛â”œأ؛o (o que se precisa) أ”أ¥أ† 3. Mapear competâ”œآ¬ncias da forâ”œآ؛a de trabalho (o que se tem) أ”أ¥أ† 4. Identificar lacunas e orientar desenvolvimento (o que falta).	2026-02-21 12:05:31.311365+00
24	7	3	label_conteudo	Saâ”œآ،da esperada	A lacuna entre competâ”œآ¬ncias requeridas e existentes alimenta diretamente a grade de capacitaâ”œآ؛â”œأپes da ESDEC (AE 3.1.1), as trilhas de aprendizagem e a polâ”œآ،tica de alocaâ”œآ؛â”œأ؛o de pessoal. O modelo tambâ”œآ®m subsidia decisâ”œأپes de movimentaâ”œآ؛â”œأ؛o, seleâ”œآ؛â”œأ؛o e reconhecimento.	2026-02-21 12:05:31.311365+00
25	8	1	label_conteudo	Capacitaâ”œآ؛â”œأ؛o dirigida	Trilhas de educaâ”œآ؛â”œأ؛o continuada estruturadas a partir dos diagnâ”œâ”‚sticos de lacuna (AE 2.1.7), ofertadas pela ESDEC com apoio de parceiros externos formalizados pelo ICTDEC. Inclui cursos, oficinas e programas de desenvolvimento orientados pelas competâ”œآ¬ncias requeridas para cada funâ”œآ؛â”œأ؛o. O Curso GIRD-RJ (Gestâ”œأ؛o Integrada de Riscos e Desastres) â”œآ® o produto estruturante desta dimensâ”œأ؛o, voltado â”œأ، qualificaâ”œآ؛â”œأ؛o tâ”œآ®cnica dos agentes da SEDEC-RJ.	2026-02-21 12:05:31.311365+00
67	21	3	label_conteudo	Risco a evitar	Cooperaâ”œآ؛â”œأ؛o fragmentada. Se cada â”œâ”‚rgâ”œأ؛o atua isoladamente, sem coordenaâ”œآ؛â”œأ؛o da SUOP, o municâ”œآ،pio recebe demandas descoordenadas e a aâ”œآ؛â”œأ؛o integrada se desfaz em iniciativas avulsas sem impacto sistâ”œآ¬mico.	2026-02-21 12:05:31.311365+00
27	8	3	label_conteudo	Contrataâ”œآ؛â”œأ؛o de capacitaâ”œآ؛â”œأپes externas	Quando o diagnâ”œâ”‚stico de competâ”œآ¬ncias indicar necessidades que nâ”œأ؛o possam ou nâ”œأ؛o sejam convenientes de serem supridas diretamente pela ESDEC, a SUOP, com apoio da SUBSEGOP, pode patrocinar a contrataâ”œآ؛â”œأ؛o de cursos especializados junto a fornecedores externos, assegurando que o investimento esteja alinhado â”œأ،s prioridades estratâ”œآ®gicas.	2026-02-21 12:05:31.311365+00
28	8	4	label_conteudo	Condiâ”œآ؛â”œأ؛o de sustentabilidade	Para que a capacitaâ”œآ؛â”œأ؛o gere impacto duradouro, â”œآ® necessâ”œأ­rio que o efetivo tenha tempo protegido para participaâ”œآ؛â”œأ؛o e que as chefias setoriais compreendam o desenvolvimento como investimento institucional, nâ”œأ؛o como concorrâ”œآ¬ncia â”œأ، operaâ”œآ؛â”œأ؛o. A articulaâ”œآ؛â”œأ؛o da SUOP â”œآ® determinante para garantir essa condiâ”œآ؛â”œأ؛o.	2026-02-21 12:05:31.311365+00
29	9	1	label_conteudo	Princâ”œآ،pio	A automaâ”œآ؛â”œأ؛o sâ”œâ”‚ deve ocorrer apâ”œâ”‚s o processo estar compreendido e estâ”œأ­vel. Automatizar um processo confuso ou mal definido apenas faz o erro acontecer mais râ”œأ­pido. Por isso, quando aplicâ”œأ­vel, os mapeamentos de processos (AE 2.1.6) orientam o desenho das soluâ”œآ؛â”œأپes tecnolâ”œâ”‚gicas أ”أ‡أ¶ mas a lideranâ”œآ؛a de cada projeto de automaâ”œآ؛â”œأ؛o â”œآ® do setor dono do processo, nâ”œأ؛o do ICTDEC.	2026-02-21 12:05:31.311365+00
30	9	2	label_conteudo	Duas frentes	Ferramentas transversais: soluâ”œآ؛â”œأپes de produtividade corporativa que atendem a mâ”œâ•‘ltiplos â”œâ”‚rgâ”œأ؛os (comunicaâ”œآ؛â”œأ؛o, gestâ”œأ؛o de tarefas, colaboraâ”œآ؛â”œأ؛o). A SUOP coordena a priorizaâ”œآ؛â”œأ؛o e padronizaâ”œآ؛â”œأ؛o.\nSistemas especializados: soluâ”œآ؛â”œأپes tâ”œآ®cnicas voltadas a setores especâ”œآ،ficos (monitoramento, anâ”œأ­lise de dados, alerta). A demanda parte do setor que opera o sistema, com coordenaâ”œآ؛â”œأ؛o da SUOP.	2026-02-21 12:05:31.311365+00
32	10	1	label_conteudo	Princâ”œآ،pio	As parcerias de pesquisa e extensâ”œأ؛o desta aâ”œآ؛â”œأ؛o devem ser orientadas pelos gargalos operacionais reais da Secretaria e dos municâ”œآ،pios أ”أ‡أ¶ nâ”œأ؛o por interesses acadâ”œآ¬micos desconectados da prâ”œأ­tica. O ICTDEC articula as parcerias e o CEPEDEC executa os projetos de pesquisa, assegurando que os produtos gerados tenham aplicabilidade direta nas atividades de proteâ”œآ؛â”œأ؛o e defesa civil.	2026-02-21 12:05:31.311365+00
33	10	2	label_conteudo	Ciclo de valor	1. Identificar o problema: gargalos operacionais percebidos pela SUOP, pelos â”œâ”‚rgâ”œأ؛os subordinados ou pelas COMDECs. As REDECs, como â”œâ”‚rgâ”œأ؛os vocacionados para a interface com os municâ”œآ،pios, sâ”œأ؛o o canal natural de coleta dessas demandas.\n2. Formalizar a parceria: o ICTDEC articula com IES, ICTs e parceiros externos a formalizaâ”œآ؛â”œأ؛o de acordos de cooperaâ”œآ؛â”œأ؛o tâ”œآ®cnica, com aprovaâ”œآ؛â”œأ؛o da SUBSEGAD e parecer da ASSEJUR.\n3. Executar a pesquisa: o CEPEDEC conduz os projetos de pesquisa, em articulaâ”œآ؛â”œأ؛o com os parceiros formalizados.\n4. Transferir o conhecimento: os produtos da pesquisa sâ”œأ؛o disseminados para a estrutura SEDEC e para o SIEPDEC, transformando-se em insumo para melhoria de prâ”œأ­ticas, protocolos e polâ”œآ،ticas.	2026-02-21 12:05:31.311365+00
34	10	3	label_conteudo	Risco a evitar	Parcerias acadâ”œآ¬micas que geram produâ”œآ؛â”œأ؛o cientâ”œآ،fica desconectada da operaâ”œآ؛â”œأ؛o. Se a pesquisa nâ”œأ؛o resolver problema real ou nâ”œأ؛o gerar produto aplicâ”œأ­vel, o investimento institucional em parceria nâ”œأ؛o se justifica. A orientaâ”œآ؛â”œأ؛o por problema operacional â”œآ® o filtro de priorizaâ”œآ؛â”œأ؛o.	2026-02-21 12:05:31.311365+00
35	11	1	label_conteudo	Princâ”œآ،pio	O programa de extensâ”œأ؛o nâ”œأ؛o â”œآ® apenas uma concessâ”œأ؛o da instituiâ”œآ؛â”œأ؛o â”œأ، academia أ”أ‡أ¶ â”œآ® uma via de mâ”œأ؛o dupla. A Secretaria oferece campo de prâ”œأ­tica real para estudantes e pesquisadores; em troca, recebe olhar externo, novos mâ”œآ®todos, questâ”œأپes que desafiam o status quo e, potencialmente, soluâ”œآ؛â”œأپes para problemas operacionais concretos.	2026-02-21 12:05:31.311365+00
36	11	2	label_conteudo	Orientaâ”œآ؛â”œأ؛o por demanda real	Os temas dos estâ”œأ­gios, residâ”œآ¬ncias e intercâ”œأ³mbios devem ser orientados pelos gargalos e demandas reais dos â”œâ”‚rgâ”œأ؛os da Secretaria. Os â”œâ”‚rgâ”œأ؛os subordinados أ”أ‡أ¶ incluindo as REDECs, como canal de interface com os municâ”œآ،pios أ”أ‡أ¶ sâ”œأ؛o a fonte primâ”œأ­ria de identificaâ”œآ؛â”œأ؛o dessas demandas. Os estudantes desenvolvem suas atividades a partir de problemas reais, o que garante relevâ”œأ³ncia tanto para a formaâ”œآ؛â”œأ؛o acadâ”œآ¬mica quanto para a instituiâ”œآ؛â”œأ؛o.	2026-02-21 12:05:31.311365+00
37	11	3	label_conteudo	Modalidades possâ”œآ،veis	Estâ”œأ­gio tâ”œآ®cnico: estudantes de graduaâ”œآ؛â”œأ؛o integrados â”œأ، rotina dos â”œâ”‚rgâ”œأ؛os, com supervisâ”œأ؛o do CEPEDEC e da IES.\nResidâ”œآ¬ncia: programas de pâ”œâ”‚s-graduaâ”œآ؛â”œأ؛o com imersâ”œأ؛o na prâ”œأ­tica operacional, voltados a â”œأ­reas como gestâ”œأ؛o de riscos, planejamento urbano e defesa civil.\nIntercâ”œأ³mbio acadâ”œآ¬mico: pesquisadores de IES e ICTs integrados temporariamente â”œأ، rotina da Secretaria para desenvolvimento de projetos especâ”œآ،ficos.	2026-02-21 12:05:31.311365+00
38	12	1	label_conteudo	Princâ”œآ،pio	A participaâ”œآ؛â”œأ؛o em redes de pesquisa nâ”œأ؛o â”œآ® apenas uma aâ”œآ؛â”œأ؛o de visibilidade أ”أ‡أ¶ â”œآ® condiâ”œآ؛â”œأ؛o para que a Secretaria passe de consumidora passiva de conhecimento produzido externamente a coprodutora ativa de soluâ”œآ؛â”œأپes para a reduâ”œآ؛â”œأ؛o de desastres. Redes permitem acesso a metodologias, dados comparativos, financiamento compartilhado e legitimidade cientâ”œآ،fica que nâ”œأ؛o se obtâ”œآ®m atuando isoladamente.	2026-02-21 12:05:31.311365+00
39	12	2	label_conteudo	Trâ”œآ¬s escalas de atuaâ”œآ؛â”œأ؛o	Estadual: integraâ”œآ؛â”œأ؛o com grupos de pesquisa das universidades e ICTs do Rio de Janeiro, consolidaâ”œآ؛â”œأ؛o da presenâ”œآ؛a do CEPEDEC no ecossistema acadâ”œآ¬mico local.\nNacional: participaâ”œآ؛â”œأ؛o em redes nacionais de pesquisa em defesa civil e gestâ”œأ؛o de riscos, articulaâ”œآ؛â”œأ؛o com agâ”œآ¬ncias de fomento (CNPq, CAPES, FINEP), inserâ”œآ؛â”œأ؛o em grupos de trabalho do SINPDEC.\nInternacional: conexâ”œأ؛o com redes internacionais de reduâ”œآ؛â”œأ؛o de riscos de desastres, participaâ”œآ؛â”œأ؛o em projetos multilaterais, acesso a boas prâ”œأ­ticas e financiamento de cooperaâ”œآ؛â”œأ؛o internacional.	2026-02-21 12:05:31.311365+00
40	12	3	label_conteudo	Risco a evitar	Participaâ”œآ؛â”œأ؛o nominal em redes sem contribuiâ”œآ؛â”œأ؛o efetiva. A adesâ”œأ؛o a redes que nâ”œأ؛o gera projetos concretos, publicaâ”œآ؛â”œأپes, transferâ”œآ¬ncia de conhecimento ou captaâ”œآ؛â”œأ؛o de recursos â”œآ® investimento de tempo sem retorno institucional. A participaâ”œآ؛â”œأ؛o deve ser seletiva e orientada por resultados.	2026-02-21 12:05:31.311365+00
41	13	1	label_conteudo	Princâ”œآ،pio	A inovaâ”œآ؛â”œأ؛o institucional nâ”œأ؛o nasce de laboratâ”œâ”‚rio أ”أ‡أ¶ nasce do problema operacional. O ciclo PD&I desta aâ”œآ؛â”œأ؛o parte dos diagnâ”œâ”‚sticos produzidos pelas aâ”œآ؛â”œأپes de governanâ”œآ؛a e gestâ”œأ؛o (mapeamento de processos, diagnâ”œâ”‚sticos de competâ”œآ¬ncias, avaliaâ”œآ؛â”œأپes de desempenho) e os transforma em projetos de desenvolvimento de novos produtos, serviâ”œآ؛os ou processos. O CEPEDEC lidera o PD&I; o ICTDEC alimenta o ciclo com os insumos de gestâ”œأ؛o que gera nas aâ”œآ؛â”œأپes do OE 2.	2026-02-21 12:05:31.311365+00
83	27	1	label_conteudo	Contexto	O Plano Estratâ”œآ®gico e as Aâ”œآ؛â”œأپes Prioritâ”œأ­rias vigentes indicam, de forma exemplificativa, os seguintes produtos:	2026-02-21 12:05:31.311365+00
42	13	2	label_conteudo	Cadeia de valor	1. Problema identificado: gargalos operacionais e oportunidades de melhoria sinalizados pelos â”œâ”‚rgâ”œأ؛os subordinados, pelo ICTDEC (a partir das aâ”œآ؛â”œأپes de governanâ”œآ؛a) ou pela SUOP.\n2. Pesquisa aplicada: o CEPEDEC investiga soluâ”œآ؛â”œأپes possâ”œآ،veis, consultando referâ”œآ¬ncias externas, parceiros acadâ”œآ¬micos e conhecimento interno sistematizado.\n3. Desenvolvimento: prototipagem e teste de novos produtos, serviâ”œآ؛os ou processos em ambiente controlado.\n4. Incorporaâ”œآ؛â”œأ؛o: a inovaâ”œآ؛â”œأ؛o validada â”œآ® incorporada â”œأ، rotina institucional, com apoio da SUOP para disseminaâ”œآ؛â”œأ؛o e adoâ”œآ؛â”œأ؛o pelos â”œâ”‚rgâ”œأ؛os.	2026-02-21 12:05:31.311365+00
43	13	3	label_conteudo	Risco a evitar	Inovar por inovar. Soluâ”œآ؛â”œأپes que nâ”œأ؛o resolvem problemas reais ou que a cultura organizacional rejeita geram desperdâ”œآ،cio e alimentam o cinismo institucional. A inovaâ”œآ؛â”œأ؛o deve ser orientada por problema, validada no campo e adotada com suporte â”œأ، mudanâ”œآ؛a.	2026-02-21 12:05:31.311365+00
44	14	1	label_conteudo	Princâ”œآ،pio	Os municâ”œآ،pios fluminenses produzem conhecimento operacional valioso todos os dias: soluâ”œآ؛â”œأپes criativas para problemas locais, adaptaâ”œآ؛â”œأپes de protocolos, liâ”œآ؛â”œأپes aprendidas em desastres. Esse saber â”œآ® tâ”œأ­cito أ”أ‡أ¶ existe na cabeâ”œآ؛a das pessoas, nos relatos informais, nas prâ”œأ­ticas repetidas sem registro. Quando o agente sai, o saber se perde. Esta aâ”œآ؛â”œأ؛o cria o mecanismo para capturar, validar e transformar esse saber tâ”œأ­cito em doutrina tâ”œآ®cnica acessâ”œآ،vel a todo o Sistema.	2026-02-21 12:05:31.311365+00
45	14	2	label_conteudo	Dois fluxos de captura	Fluxo 1 أ”أ‡أ¶ Chamada aberta (receptivo): o CEPEDEC organiza chamadas sistemâ”œأ­ticas e as REDECs divulgam junto â”œأ،s COMDECs, que enviam estudos, relatos e experiâ”œآ¬ncias. Sentido COMDEC أ”أ¥أ† SEDEC.\nFluxo 2 أ”أ‡أ¶ Prospecâ”œآ؛â”œأ؛o dirigida (ativo): a SEDEC, por meio das REDECs ou do prâ”œâ”‚prio CEPEDEC, identifica uma expertise ou experiâ”œآ¬ncia especâ”œآ،fica em alguma COMDEC e provoca diretamente um projeto de sistematizaâ”œآ؛â”œأ؛o daquele saber/fazer. Sentido SEDEC أ”أ¥أ† COMDEC. Este fluxo tende a ser mais cirâ”œâ•‘rgico e produtivo, pois vai atrâ”œأ­s do conhecimento que se sabe que existe.	2026-02-21 12:05:31.311365+00
46	14	3	label_conteudo	Ciclo comum	Independentemente do fluxo de origem, o material passa pelo mesmo ciclo: captura أ”أ¥أ† validaâ”œآ؛â”œأ؛o cientâ”œآ،fica (CEPEDEC) أ”أ¥أ† sistematizaâ”œآ؛â”œأ؛o أ”أ¥أ† devoluâ”œآ؛â”œأ؛o ao Sistema em formato de doutrina tâ”œآ®cnica.	2026-02-21 12:05:31.311365+00
61	19	4	label_conteudo	Risco a evitar	Atuaâ”œآ؛â”œأ؛o parlamentar desconectada da estratâ”œآ®gia institucional. Demandas legislativas avulsas, sem alinhamento ao Plano Estratâ”œآ®gico e â”œأ،s prioridades da SEDEC, dispersam esforâ”œآ؛o e podem gerar compromissos institucionais indesejados.	2026-02-21 12:05:31.311365+00
47	14	4	label_conteudo	Risco a evitar	Chamadas sem devolutiva. Se os municâ”œآ،pios contribuem com relatos e experiâ”œآ¬ncias mas nunca recebem retorno أ”أ‡أ¶ nem sobre o uso do material, nem sobre o conhecimento consolidado أ”أ‡أ¶, a adesâ”œأ؛o se esvazia rapidamente. O ciclo sâ”œâ”‚ se sustenta se houver devoluâ”œآ؛â”œأ؛o visâ”œآ،vel de valor.	2026-02-21 12:05:31.311365+00
48	15	1	label_conteudo	Princâ”œآ،pio	O diagnâ”œâ”‚stico cultural da Secretaria identifica o personalismo como uma das patologias institucionais centrais: a execuâ”œآ؛â”œأ؛o depende de أ”أ‡آ£quem fazأ”أ‡أک e nâ”œأ؛o أ”أ‡آ£do que deve ser feitoأ”أ‡أک. Quando o agente sai, o processo perde qualidade أ”أ‡أ¶ e o conhecimento se vai junto. Esta aâ”œآ؛â”œأ؛o ataca esse problema na raiz: ao sistematizar o saber tâ”œأ­cito, transforma conhecimento pessoal em patrimâ”œâ”¤nio institucional. O que estâ”œأ­ registrado sobrevive â”œأ، transferâ”œآ¬ncia, â”œأ، aposentadoria e â”œأ، rotatividade.	2026-02-21 12:05:31.311365+00
49	15	2	label_conteudo	Ciclo de trâ”œآ¬s fases	Fase 1 أ”أ‡أ¶ Criaâ”œآ؛â”œأ؛o da metodologia (ICTDEC + CEPEDEC): definiâ”œآ؛â”œأ؛o conjunta dos instrumentos de captura, formatos de registro, critâ”œآ®rios de anâ”œأ­lise e padrâ”œأپes de saâ”œآ،da. O ICTDEC contribui com a visâ”œأ؛o de desenvolvimento organizacional; o CEPEDEC, com o rigor cientâ”œآ،fico.\nFase 2 أ”أ‡أ¶ Execuâ”œآ؛â”œأ؛o da metodologia: dois modos de operaâ”œآ؛â”œأ؛o conforme a natureza da atividade:\n2.1 أ”أ‡أ¶ Dinâ”œأ³micas multiâ”œâ”‚rgâ”œأ؛os (ICTDEC): quando a captura envolve mâ”œâ•‘ltiplos â”œâ”‚rgâ”œأ؛os como participantes أ”أ‡أ¶ ex: painâ”œآ®is pâ”œâ”‚s-desastre, entrevistas de transferâ”œآ¬ncia, dinâ”œأ³micas de liâ”œآ؛â”œأپes aprendidas transversais. O ICTDEC conduz por sua capacidade de articulaâ”œآ؛â”œأ؛o transversal.\n2.2 أ”أ‡أ¶ Aplicaâ”œآ؛â”œأ؛o setorial (prâ”œâ”‚prio â”œâ”‚rgâ”œأ؛o): quando a captura â”œآ® interna ao setor أ”أ‡أ¶ ex: avaliaâ”œآ؛â”œأپes pâ”œâ”‚s-simulado, registros de prâ”œأ­ticas setoriais. O â”œâ”‚rgâ”œأ؛o aplica a metodologia padronizada de forma autâ”œâ”¤noma, seguindo os critâ”œآ®rios e formatos definidos na Fase 1.\nFase 3 أ”أ‡أ¶ Anâ”œأ­lise e sistematizaâ”œآ؛â”œأ؛o (CEPEDEC): o material coletado (tanto pelo ICTDEC nas dinâ”œأ³micas transversais quanto pelos â”œâ”‚rgâ”œأ؛os nas aplicaâ”œآ؛â”œأپes setoriais) â”œآ® analisado, validado e sistematizado pelo CEPEDEC, que o transforma em base tâ”œآ®cnica aplicâ”œأ­vel a PD&I, capacitaâ”œآ؛â”œأپes e protocolos.	2026-02-21 12:05:31.311365+00
50	15	3	label_conteudo	Risco a evitar	Burocratizar o registro a ponto de inibir a contribuiâ”œآ؛â”œأ؛o. Os formatos devem ser acessâ”œآ،veis, â”œأ­geis e adaptados â”œأ، realidade operacional. A metodologia criada na Fase 1 deve ser autoexplicâ”œأ­vel, com padrâ”œأ؛o de saâ”œآ،da definido, para que os â”œâ”‚rgâ”œأ؛os consigam aplicâ”œأ­-la sem dependâ”œآ¬ncia permanente do ICTDEC ou do CEPEDEC.	2026-02-21 12:05:31.311365+00
51	16	1	label_conteudo	Princâ”œآ،pio	Uma instituiâ”œآ؛â”œأ؛o sem memâ”œâ”‚ria tâ”œآ®cnica organizada nâ”œأ؛o consegue demonstrar o que fez, justificar suas escolhas nem aprender com o prâ”œâ”‚prio passado. A memâ”œâ”‚ria tâ”œآ®cnica â”œآ® o que transforma uma sequâ”œآ¬ncia de aâ”œآ؛â”œأپes dispersas em histâ”œâ”‚ria institucional auditâ”œأ­vel. Esta aâ”œآ؛â”œأ؛o nâ”œأ؛o produz conhecimento novo أ”أ‡أ¶ ela preserva, organiza e torna acessâ”œآ،vel o conhecimento que a Secretaria jâ”œأ­ produziu e continua produzindo. Sem esse registro, os produtos das AEs 6.3.1 e 6.3.2, bem como toda a produâ”œآ؛â”œأ؛o cientâ”œآ،fica do CEPEDEC, correm o risco de se perder.	2026-02-21 12:05:31.311365+00
52	16	2	label_conteudo	O que se registra	Acervo histâ”œâ”‚rico: documentos, normas, planos, relatâ”œâ”‚rios e registros produzidos ao longo da existâ”œآ¬ncia da Defesa Civil Estadual.\nProduâ”œآ؛â”œأ؛o tâ”œآ®cnico-cientâ”œآ،fica: pesquisas, publicaâ”œآ؛â”œأپes, cadernos tâ”œآ®cnicos, produtos de PD&I e material sistematizado pelo CEPEDEC.\nRegistros de formaâ”œآ؛â”œأ؛o e capacitaâ”œآ؛â”œأ؛o: cursos, turmas, conteâ”œâ•‘dos, avaliaâ”œآ؛â”œأپes e evoluâ”œآ؛â”œأ؛o doutrinâ”œأ­ria dos programas de ensino.\nRegistros operacionais: relatâ”œâ”‚rios de operaâ”œآ؛â”œأپes, liâ”œآ؛â”œأپes aprendidas, painâ”œآ®is pâ”œâ”‚s-desastre e avaliaâ”œآ؛â”œأپes de simulados produzidos pelos â”œâ”‚rgâ”œأ؛os.	2026-02-21 12:05:31.311365+00
53	16	3	label_conteudo	Produto estruturante	Publicaâ”œآ؛â”œأ؛o anual ou semestral que consolide o registro pâ”œâ•‘blico do histâ”œâ”‚rico institucional, abrangendo os campos teâ”œâ”‚rico, tâ”œآ®cnico, cientâ”œآ،fico, operativo e gerencial. Este produto â”œآ® a face visâ”œآ،vel da memâ”œâ”‚ria tâ”œآ®cnica e funciona como blindagem institucional: documenta o que foi feito, por quem e com qual fundamentaâ”œآ؛â”œأ؛o.	2026-02-21 12:05:31.311365+00
54	16	4	label_conteudo	Risco a evitar	Acumular material sem organizaâ”œآ؛â”œأ؛o. Um acervo volumoso mas desorganizado â”œآ® tâ”œأ؛o inâ”œâ•‘til quanto a ausâ”œآ¬ncia de acervo. A aâ”œآ؛â”œأ؛o exige taxonomia, indexaâ”œآ؛â”œأ؛o e formatos que permitam recuperaâ”œآ؛â”œأ؛o râ”œأ­pida e navegaâ”œآ؛â”œأ؛o temâ”œأ­tica.	2026-02-21 12:05:31.311365+00
55	18	1	label_conteudo	Princâ”œآ،pio	Toda instituiâ”œآ؛â”œأ؛o produz, organiza, armazena, dissemina e usa informaâ”œآ؛â”œأ؛o. Na maioria, esse ciclo acontece de forma implâ”œآ،cita e nâ”œأ؛o governada: cada setor cria seus prâ”œâ”‚prios fluxos, armazena onde consegue, dissemina como pode. O resultado â”œآ® duplicaâ”œآ؛â”œأ؛o, perda, fragmentaâ”œآ؛â”œأ؛o e decisâ”œأپes tomadas com informaâ”œآ؛â”œأ؛o incompleta. Esta aâ”œآ؛â”œأ؛o torna o ciclo visâ”œآ،vel e governâ”œأ­vel: mapeia quem produz, onde armazena, como dissemina, quem usa e com qual finalidade.	2026-02-21 12:05:31.311365+00
56	18	2	label_conteudo	As seis etapas do ciclo	1. Produâ”œآ؛â”œأ؛o: quem gera a informaâ”œآ؛â”œأ؛o, em qual formato, com qual frequâ”œآ¬ncia.\n2. Organizaâ”œآ؛â”œأ؛o/Sistematizaâ”œآ؛â”œأ؛o: como a informaâ”œآ؛â”œأ؛o â”œآ® classificada, indexada e estruturada.\n3. Armazenamento: onde a informaâ”œآ؛â”œأ؛o reside أ”أ‡أ¶ sistemas, pastas, pen drives, e-mails, papel.\n4. Disseminaâ”œآ؛â”œأ؛o: como a informaâ”œآ؛â”œأ؛o circula entre os pares (fluxo interno tâ”œآ®cnico).\n5. Divulgaâ”œآ؛â”œأ؛o: como a informaâ”œآ؛â”œأ؛o chega a pâ”œâ•‘blicos externos (sociedade, parceiros, â”œâ”‚rgâ”œأ؛os de controle).\n6. Uso: como a informaâ”œآ؛â”œأ؛o â”œآ® efetivamente apropriada e aplicada na tomada de decisâ”œأ؛o.	2026-02-21 12:05:31.311365+00
57	18	3	label_conteudo	Risco a evitar	Mapear o ciclo como exercâ”œآ،cio diagnâ”œâ”‚stico sem produzir diretrizes de governanâ”œآ؛a. O mapeamento â”œآ® meio, nâ”œأ؛o fim: deve resultar em protocolos claros de fluxo informacional, com responsâ”œأ­veis, formatos e ferramentas definidos.	2026-02-21 12:05:31.311365+00
58	19	1	label_conteudo	Princâ”œآ،pio	Atuaâ”œآ؛â”œأ؛o parlamentar eficaz nâ”œأ؛o se faz apenas com prestâ”œآ،gio polâ”œآ،tico أ”أ‡أ¶ exige argumentaâ”œآ؛â”œأ؛o tâ”œآ®cnica fundamentada. Quando a Defesa Civil se apresenta ao Legislativo municiada com dados, estudos, diagnâ”œâ”‚sticos e propostas tecnicamente sâ”œâ”‚lidas, eleva sua autoridade e diferencia sua agenda do lobby genâ”œآ®rico. O suporte tâ”œآ®cnico institucional â”œآ® o que confere credibilidade â”œأ، atuaâ”œآ؛â”œأ؛o parlamentar e a torna sustentâ”œأ­vel independentemente de quem a conduza.	2026-02-21 12:05:31.311365+00
59	19	2	label_conteudo	Duas frentes de atuaâ”œآ؛â”œأ؛o	Frente propositiva: elaborar e apresentar propostas legislativas fundamentadas أ”أ‡أ¶ projetos de lei, emendas orâ”œآ؛amentâ”œأ­rias, requerimentos أ”أ‡أ¶ que favoreâ”œآ؛am a agenda de GRD no Estado.\nFrente defensiva: monitorar e reagir a proposiâ”œآ؛â”œأپes legislativas que possam impactar negativamente a Defesa Civil أ”أ‡أ¶ cortes orâ”œآ؛amentâ”œأ­rios, alteraâ”œآ؛â”œأپes normativas prejudiciais, projetos que ignorem a especificidade da GRD.	2026-02-21 12:05:31.311365+00
60	19	3	label_conteudo	Papel do suporte tâ”œآ®cnico	O â”œâ”‚rgâ”œأ؛o responsâ”œأ­vel pela articulaâ”œآ؛â”œأ؛o com o Legislativo executa a estratâ”œآ®gia no parlamento. O ICTDEC fornece o substrato tâ”œآ®cnico que sustenta essa articulaâ”œآ؛â”œأ؛o: dados sobre impacto de desastres, indicadores de desempenho, diagnâ”œâ”‚sticos de necessidade, anâ”œأ­lise tâ”œآ®cnica de projetos de lei, notas tâ”œآ®cnicas que fundamentem as posiâ”œآ؛â”œأپes institucionais e panoramas sobre necessidades de melhoria legislativa. A credibilidade da atuaâ”œآ؛â”œأ؛o parlamentar depende da qualidade desse suporte.	2026-02-21 12:05:31.311365+00
62	20	1	label_conteudo	O problema	O Estado assumiu a manutenâ”œآ؛â”œأ؛o de sistemas de alarme por sirenes que, por lei, sâ”œأ؛o de competâ”œآ¬ncia municipal. Essa decisâ”œأ؛o, compreensâ”œآ،vel no contexto emergencial em que foi tomada, gerou um ciclo de dependâ”œآ¬ncia: os municâ”œآ،pios nâ”œأ؛o desenvolvem capacidade prâ”œâ”‚pria porque o Estado faz por eles; o Estado perde capacidade orâ”œآ؛amentâ”œأ­ria para suas competâ”œآ¬ncias prâ”œâ”‚prias (monitoramento, alerta, cobertura tecnolâ”œâ”‚gica) porque gasta com a manutenâ”œآ؛â”œأ؛o de sistemas municipais. Cada ano sem decisâ”œأ؛o aprofunda o problema.	2026-02-21 12:05:31.311365+00
63	20	2	label_conteudo	As frentes de aâ”œآ؛â”œأ؛o	Capacitaâ”œآ؛â”œأ؛o orâ”œآ؛amentâ”œأ­ria: apoiar os municâ”œآ،pios a ajustar seus orâ”œآ؛amentos para absorver a despesa de manutenâ”œآ؛â”œأ؛o dos sistemas de alarme.\nCapacitaâ”œآ؛â”œأ؛o tâ”œآ®cnica: formar agentes municipais na elaboraâ”œآ؛â”œأ؛o de Estudos Tâ”œآ®cnicos Preliminares (ETP), Termos de Referâ”œآ¬ncia (TR) e gestâ”œأ؛o contratual para manutenâ”œآ؛â”œأ؛o dos sistemas.\nSensibilizaâ”œآ؛â”œأ؛o dos â”œâ”‚rgâ”œأ؛os de controle externo: construir diâ”œأ­logo tâ”œآ®cnico com os â”œâ”‚rgâ”œأ؛os de controle (TCE, MP) para sensibilizâ”œأ­-los quanto ao risco de a SEDEC continuar assumindo competâ”œآ¬ncia municipal, comprometendo seu orâ”œآ؛amento e sua capacidade de atuaâ”œآ؛â”œأ؛o.\nAcompanhamento de simulados: apoiar a realizaâ”œآ؛â”œأ؛o de exercâ”œآ،cios simulados de evacuaâ”œآ؛â”œأ؛o nas comunidades atendidas, assegurando que os sistemas implantados funcionem na prâ”œأ­tica.\nConscientizaâ”œآ؛â”œأ؛o comunitâ”œأ­ria: preparar as comunidades para responder adequadamente aos sinais de alerta e alarme.	2026-02-21 12:05:31.311365+00
64	20	3	label_conteudo	O risco polâ”œآ،tico	Esta aâ”œآ؛â”œأ؛o exige posicionamento institucional firme. Devolver responsabilidade aos municâ”œآ،pios pode gerar atritos polâ”œآ،ticos e questionamentos dos â”œâ”‚rgâ”œأ؛os de controle أ”أ‡أ¶ especialmente se a transiâ”œآ؛â”œأ؛o nâ”œأ؛o for bem conduzida e documentada. A sensaâ”œآ؛â”œأ؛o de أ”أ‡آ£abandonoأ”أ‡أک â”œآ® um risco real. Por isso a aâ”œآ؛â”œأ؛o exige lideranâ”œآ؛a da Alta Gestâ”œأ؛o (SUBSEGOP), que deve assumir o posicionamento e conduzir o diâ”œأ­logo com os â”œâ”‚rgâ”œأ؛os de controle, respaldada pelo suporte tâ”œآ®cnico dos â”œâ”‚rgâ”œأ؛os operacionais.	2026-02-21 12:05:31.311365+00
65	21	1	label_conteudo	Princâ”œآ،pio	Prevenâ”œآ؛â”œأ؛o e mitigaâ”œآ؛â”œأ؛o nâ”œأ؛o se fazem com aâ”œآ؛â”œأپes isoladas. Exigem combinaâ”œآ؛â”œأ؛o de medidas estruturais (obras, infraestrutura, intervenâ”œآ؛â”œأپes fâ”œآ،sicas) e medidas nâ”œأ؛o estruturais (ordenamento territorial, normatizaâ”œآ؛â”œأ؛o, capacitaâ”œآ؛â”œأ؛o, monitoramento, conscientizaâ”œآ؛â”œأ؛o, estudos de risco). A cooperaâ”œآ؛â”œأ؛o do Estado com os municâ”œآ،pios deve ser multifacetada e coordenada أ”أ‡أ¶ cada â”œâ”‚rgâ”œأ؛o da SEDEC contribui com sua competâ”œآ¬ncia especâ”œآ،fica, e as REDECs integram essas contribuiâ”œآ؛â”œأپes na ponta.	2026-02-21 12:05:31.311365+00
66	21	2	label_conteudo	As facetas da cooperaâ”œآ؛â”œأ؛o	Alertas e panoramas de risco: CEMADEN-RJ fornece alertas geohidrometeorolâ”œâ”‚gicos e panoramas de risco que subsidiam a tomada de decisâ”œأ؛o municipal.\nEngenharia e articulaâ”œآ؛â”œأ؛o para obras: Coordenadoria de Engenharia avalia intervenâ”œآ؛â”œأپes fâ”œآ،sicas e articula com â”œâ”‚rgâ”œأ؛os estaduais de infraestrutura a viabilizaâ”œآ؛â”œأ؛o de medidas estruturais.\nMeio ambiente: CEAMA conecta polâ”œآ،ticas ambientais â”œأ، reduâ”œآ؛â”œأ؛o de riscos, articulando aâ”œآ؛â”œأپes ambientais com impacto em defesa civil.\nSuporte tâ”œآ®cnico-cientâ”œآ،fico: ICTDEC (com CEPEDEC) produz estudos, metodologias e orienta municâ”œآ،pios no mapeamento de riscos e vulnerabilidades.\nCapacitaâ”œآ؛â”œأ؛o: ESDEC forma agentes municipais para atuar em prevenâ”œآ؛â”œأ؛o e mitigaâ”œآ؛â”œأ؛o.\nConscientizaâ”œآ؛â”œأ؛o comunitâ”œأ­ria: DGAC desenvolve percepâ”œآ؛â”œأ؛o de risco e cultura preventiva nas comunidades.\nExecuâ”œآ؛â”œأ؛o territorial: REDECs (via DREDEC) integram as frentes no territâ”œâ”‚rio junto â”œأ،s COMDECs.	2026-02-21 12:05:31.311365+00
68	22	1	label_conteudo	Princâ”œآ،pio	A Secretaria sabe fazer. O problema â”œآ® que esse saber estâ”œأ­ nas pessoas, nâ”œأ؛o nos processos. Quando um operador experiente â”œآ® transferido, promovido ou se aposenta, leva consigo o conhecimento que nunca foi documentado. A produâ”œآ؛â”œأ؛o doutrinâ”œأ­ria â”œآ® o mecanismo que transforma experiâ”œآ¬ncia individual em patrimâ”œâ”¤nio institucional: manuais tâ”œآ®cnicos padronizam condutas, POPs garantem reprodutibilidade, guias de referâ”œآ¬ncia orientam quem ainda nâ”œأ؛o tem a experiâ”œآ¬ncia.	2026-02-21 12:05:31.311365+00
69	22	2	label_conteudo	O ciclo da doutrina	Extraâ”œآ؛â”œأ؛o: capturar o conhecimento operacional dos â”œâ”‚rgâ”œأ؛os que executam (DGDEC, CESTAD, REDECs) أ”أ‡أ¶ os â”œâ”‚rgâ”œأ؛os que operam detâ”œآ¬m o conhecimento que precisa ser registrado.\nSistematizaâ”œآ؛â”œأ؛o: o ICTDEC (via CEPEDEC) organiza, estrutura e valida tecnicamente o conteâ”œâ•‘do extraâ”œآ،do, transformando prâ”œأ­ticas em doutrina.\nFormalizaâ”œآ؛â”œأ؛o: produâ”œآ؛â”œأ؛o dos manuais, POPs e guias em formato padronizado, com linguagem acessâ”œآ،vel e estrutura reproduzâ”œآ،vel.\nDifusâ”œأ؛o: a ESDEC transforma o conteâ”œâ•‘do doutrinâ”œأ­rio em material didâ”œأ­tico para capacitaâ”œآ؛â”œأ؛o das equipes e dos municâ”œآ،pios.\nValidaâ”œآ؛â”œأ؛o: a SUOP valida o produto final quanto ao alinhamento estratâ”œآ®gico e â”œأ، aplicabilidade operacional.	2026-02-21 12:05:31.311365+00
70	22	3	label_conteudo	Risco a evitar	Produzir doutrina desconectada da prâ”œأ­tica. Manuais elaborados sem a participaâ”œآ؛â”œأ؛o dos â”œâ”‚rgâ”œأ؛os que operam nâ”œأ؛o serâ”œأ؛o adotados. O ciclo exige que a extraâ”œآ؛â”œأ؛o do conhecimento venha dos â”œâ”‚rgâ”œأ؛os operacionais.	2026-02-21 12:05:31.311365+00
71	23	1	label_conteudo	Princâ”œآ،pio	A colaboraâ”œآ؛â”œأ؛o do Estado com os municâ”œآ،pios em preparaâ”œآ؛â”œأ؛o e resposta opera em dois tempos distintos. Antes do desastre: assessoria tâ”œآ®cnica para o planejamento de contingâ”œآ¬ncia, capacitaâ”œآ؛â”œأ؛o de agentes municipais, realizaâ”œآ؛â”œأ؛o de exercâ”œآ،cios simulados e articulaâ”œآ؛â”œأ؛o interâ”œâ”‚rgâ”œأ؛os. Durante o desastre: mobilizaâ”œآ؛â”œأ؛o de suporte operacional direto أ”أ‡أ¶ logâ”œآ،stica, assistâ”œآ¬ncia humanitâ”œأ­ria, coordenaâ”œآ؛â”œأ؛o de resposta e integraâ”œآ؛â”œأ؛o multisetorial. A qualidade da resposta depende diretamente da qualidade da preparaâ”œآ؛â”œأ؛o.	2026-02-21 12:05:31.311365+00
73	23	3	label_conteudo	Risco a evitar	Atuaâ”œآ؛â”œأ؛o exclusivamente reativa. Se a colaboraâ”œآ؛â”œأ؛o se limita ao suporte durante a crise, sem investimento na preparaâ”œآ؛â”œأ؛o, a resposta serâ”œأ­ sempre improvisada e a dependâ”œآ¬ncia municipal do Estado permanecerâ”œأ­ elevada.	2026-02-21 12:05:31.311365+00
74	24	1	label_conteudo	Princâ”œآ،pio	A Defesa Civil nâ”œأ؛o reconstrâ”œâ”‚i pontes, nâ”œأ؛o reabilita rodovias, nâ”œأ؛o restaura redes de saneamento. Essas competâ”œآ¬ncias pertencem a â”œâ”‚rgâ”œأ؛os setoriais do Estado (infraestrutura, habitaâ”œآ؛â”œأ؛o, saneamento, energia, rodovias). O papel da SEDEC â”œآ® articular: receber a demanda municipal, avaliar danos tecnicamente, priorizar com critâ”œآ®rios auditâ”œأ­veis e acionar o aparato estatal de forma integrada, por meio do GRAC. A qualidade da recuperaâ”œآ؛â”œأ؛o depende da qualidade dessa articulaâ”œآ؛â”œأ؛o.	2026-02-21 12:05:31.311365+00
76	24	3	label_conteudo	Risco a evitar	Ausâ”œآ¬ncia de fluxo normatizado. Sem procedimento claro de recebimento, avaliaâ”œآ؛â”œأ؛o e encaminhamento, as demandas municipais de recuperaâ”œآ؛â”œأ؛o chegam de forma desestruturada, a priorizaâ”œآ؛â”œأ؛o â”œآ® polâ”œآ،tica (nâ”œأ؛o tâ”œآ®cnica) e os â”œâ”‚rgâ”œأ؛os setoriais nâ”œأ؛o sâ”œأ؛o acionados de forma integrada.	2026-02-21 12:05:31.311365+00
77	25	1	label_conteudo	Princâ”œآ،pio	A SEDEC nâ”œأ؛o executa obras de recuperaâ”œآ؛â”œأ؛o. Quem executa sâ”œأ؛o â”œâ”‚rgâ”œأ؛os estaduais de infraestrutura, habitaâ”œآ؛â”œأ؛o, saneamento e outros. Esses â”œâ”‚rgâ”œأ؛os, contudo, nem sempre incorporam princâ”œآ،pios de reduâ”œآ؛â”œأ؛o de riscos em seus projetos de reconstruâ”œآ؛â”œأ؛o. O resultado â”œآ® que a recuperaâ”œآ؛â”œأ؛o reproduz as mesmas vulnerabilidades que o desastre expâ”œâ”¤s. A SEDEC pode mudar esse cenâ”œأ­rio por meio de influâ”œآ¬ncia tâ”œآ®cnica: produzindo diretrizes fundamentadas, nivelando os â”œâ”‚rgâ”œأ؛os executores e difundindo os princâ”œآ،pios de reconstruâ”œآ؛â”œأ؛o resiliente. A efetividade dessa influâ”œآ¬ncia depende de articulaâ”œآ؛â”œأ؛o polâ”œآ،tico-institucional no nâ”œآ،vel adequado.	2026-02-21 12:05:31.311365+00
78	25	2	label_conteudo	Duas frentes	Produâ”œآ؛â”œأ؛o de diretrizes: o ICTDEC (com CEPEDEC) produz o conteâ”œâ•‘do tâ”œآ®cnico-cientâ”œآ،fico أ”أ‡أ¶ diretrizes de reconstruâ”œآ؛â”œأ؛o resiliente, fundamentadas nos princâ”œآ،pios do Marco de Sendai e do PN-PDC. A Coordenadoria de Engenharia contribui com o conteâ”œâ•‘do tâ”œآ®cnico de engenharia aplicâ”œأ­vel.\nDifusâ”œأ؛o e articulaâ”œآ؛â”œأ؛o: a SUBSEGOP articula politicamente o acesso aos â”œâ”‚rgâ”œأ؛os estaduais executores, conferindo legitimidade institucional â”œأ، difusâ”œأ؛o. A SUOP valida o alinhamento estratâ”œآ®gico e coordena a execuâ”œآ؛â”œأ؛o interna.	2026-02-21 12:05:31.311365+00
79	25	3	label_conteudo	Risco a evitar	Produzir diretrizes sem capacidade de difusâ”œأ؛o. Sem articulaâ”œآ؛â”œأ؛o polâ”œآ،tico-institucional, as diretrizes da SEDEC nâ”œأ؛o chegam aos â”œâ”‚rgâ”œأ؛os que executam a recuperaâ”œآ؛â”œأ؛o. A qualidade do conteâ”œâ•‘do tâ”œآ®cnico â”œآ® condiâ”œآ؛â”œأ؛o necessâ”œأ­ria, mas nâ”œأ؛o suficiente: â”œآ® preciso que o interlocutor institucional tenha peso para ser ouvido.	2026-02-21 12:05:31.311365+00
80	26	1	label_conteudo	Princâ”œآ،pio	A reduâ”œآ؛â”œأ؛o de riscos de desastres nâ”œأ؛o â”œآ® atribuiâ”œآ؛â”œأ؛o exclusiva da Defesa Civil. Os riscos sâ”œأ؛o produzidos por decisâ”œأپes de ordenamento territorial, habitaâ”œآ؛â”œأ؛o, infraestrutura, meio ambiente, saâ”œâ•‘de e outras polâ”œآ،ticas setoriais. A SEDEC conhece os riscos, mas nâ”œأ؛o controla as polâ”œآ،ticas que os produzem. Esta aâ”œآ؛â”œأ؛o posiciona a Secretaria como articuladora da transversalidade: criar instâ”œأ³ncias de diâ”œأ­logo, qualificar tecnicamente o debate e inserir a RRD nas agendas dos â”œâ”‚rgâ”œأ؛os que efetivamente decidem sobre uso do territâ”œâ”‚rio e investimentos pâ”œâ•‘blicos.	2026-02-21 12:05:31.311365+00
81	26	2	label_conteudo	As frentes de aâ”œآ؛â”œأ؛o	Articulaâ”œآ؛â”œأ؛o polâ”œآ،tico-institucional: a SUBSEGOP conduz o diâ”œأ­logo com os â”œâ”‚rgâ”œأ؛os estaduais e atores externos, viabilizando instâ”œأ³ncias de discussâ”œأ؛o.\nConteâ”œâ•‘do tâ”œآ®cnico: o ICTDEC (com CEPEDEC) produz estudos, metodologias e subsâ”œآ،dios tâ”œآ®cnicos que fundamentam as discussâ”œأپes e orientam a produâ”œآ؛â”œأ؛o de polâ”œآ،ticas transversais.\nCapacitaâ”œآ؛â”œأ؛o: a ESDEC forma agentes para a produâ”œآ؛â”œأ؛o de polâ”œآ،ticas pâ”œâ•‘blicas transversais e integradas de RRD.\nTemas setoriais: a DGAC contribui com a dimensâ”œأ؛o comunitâ”œأ­ria (percepâ”œآ؛â”œأ؛o de risco e participaâ”œآ؛â”œأ؛o social) e a CEAMA com a dimensâ”œأ؛o ambiental (integraâ”œآ؛â”œأ؛o de polâ”œآ،ticas ambientais e de RRD).\nParticipaâ”œآ؛â”œأ؛o municipal: as REDECs (via DREDEC) articulam a participaâ”œآ؛â”œأ؛o dos municâ”œآ،pios nas discussâ”œأپes, assegurando que as polâ”œآ،ticas transversais reflitam as realidades locais.\nInstâ”œأ³ncia consultiva e propositiva: o CONEPDEC, como conselho multiparticipativo do SIEPDEC-RJ, valida as propostas e confere legitimidade multisetorial â”œأ،s polâ”œآ،ticas transversais.	2026-02-21 12:05:31.311365+00
82	26	3	label_conteudo	Risco a evitar	Criar instâ”œأ³ncias de discussâ”œأ؛o sem capacidade de produâ”œآ؛â”œأ؛o. Reuniâ”œأپes periâ”œâ”‚dicas que nâ”œأ؛o geram conteâ”œâ•‘do tâ”œآ®cnico, nâ”œأ؛o resultam em diretrizes concretas e nâ”œأ؛o tâ”œآ¬m acompanhamento tornam-se rituais burocrâ”œأ­ticos sem impacto nas polâ”œآ،ticas pâ”œâ•‘blicas.	2026-02-21 12:05:31.311365+00
84	27	2	label_conteudo	Portfâ”œâ”‚lio de Atividades da SEDEC	Compilaâ”œآ؛â”œأ؛o estruturada das atividades finalâ”œآ،sticas e de suporte, conferindo visibilidade ao escopo de atuaâ”œآ؛â”œأ؛o da Secretaria	2026-02-21 12:05:31.311365+00
85	27	3	label_conteudo	Calendâ”œأ­rio Anual de Atividades	Planejamento e divulgaâ”œآ؛â”œأ؛o das aâ”œآ؛â”œأپes programâ”œأ­ticas e eventos institucionais, promovendo previsibilidade e coordenaâ”œآ؛â”œأ؛o	2026-02-21 12:05:31.311365+00
86	27	4	label_conteudo	Relatâ”œâ”‚rio Anual de Gestâ”œأ؛o	Consolidaâ”œآ؛â”œأ؛o dos resultados do exercâ”œآ،cio, englobando o anuâ”œأ­rio, para prestaâ”œآ؛â”œأ؛o de contas interna e externa	2026-02-21 12:05:31.311365+00
87	27	5	label_conteudo	Carta de Serviâ”œآ؛os da SEDEC	Descriâ”œآ؛â”œأ؛o dos serviâ”œآ؛os prestados ao cidadâ”œأ؛o e aos municâ”œآ،pios, com padrâ”œأپes de atendimento	2026-02-21 12:05:31.311365+00
88	27	6	label_conteudo	Instrumentos de apresentaâ”œآ؛â”œأ؛o dos â”œâ”‚rgâ”œأ؛os	Materiais padronizados que apresentem a missâ”œأ؛o, as atribuiâ”œآ؛â”œأپes e as entregas de cada â”œâ”‚rgâ”œأ؛o da Defesa Civil estadual	2026-02-21 12:05:31.311365+00
72	23	2	label_conteudo	As frentes de aâ”œآ؛â”œأ؛o	Assessoria ao planejamento de contingâ”œآ¬ncia: apoiar municâ”œآ،pios na elaboraâ”œآ؛â”œأ؛o e atualizaâ”œآ؛â”œأ؛o de planos de contingâ”œآ¬ncia, com definiâ”œآ؛â”œأ؛o de protocolos, responsabilidades e fluxos de acionamento.\nCapacitaâ”œآ؛â”œأ؛o em preparaâ”œآ؛â”œأ؛o e resposta: formaâ”œآ؛â”œأ؛o de agentes municipais em coordenaâ”œآ؛â”œأ؛o de resposta, assistâ”œآ¬ncia humanitâ”œأ­ria e gestâ”œأ؛o de crises.\nSuporte operacional complementar: mobilizaâ”œآ؛â”œأ؛o de recursos estaduais (logâ”œآ،stica, assistâ”œآ¬ncia humanitâ”œأ­ria, equipes de resposta) quando a capacidade municipal for excedida.\nIntegraâ”œآ؛â”œأ؛o multisetorial: articulaâ”œآ؛â”œأ؛o de â”œâ”‚rgâ”œأ؛os estaduais e entidades do GRAC para atuaâ”œآ؛â”œأ؛o coordenada em situaâ”œآ؛â”œأ؛o de crise.\nAlertas e suporte em monitoramento: CEMADEN-RJ fornece alertas e panoramas de risco que orientam tanto a preparaâ”œآ؛â”œأ؛o quanto a resposta.\nO CESTGEN possui seu GRAC especâ”œآ،fico em caso de emergâ”œآ¬ncia de natureza nuclear.	2026-02-21 12:05:31.311365+00
75	24	2	label_conteudo	O fluxo da aâ”œآ؛â”œأ؛o	Recebimento da demanda: o municâ”œآ،pio solicita apoio â”œأ، SEDEC. As REDECs e a DGDEC sâ”œأ؛o o canal de entrada.\nAvaliaâ”œآ؛â”œأ؛o de danos: as REDECs fazem o levantamento na ponta; a Coordenadoria de Engenharia avalia a infraestrutura; a DREDEC consolida a avaliaâ”œآ؛â”œأ؛o.\nPriorizaâ”œآ؛â”œأ؛o: a SUOP define os critâ”œآ®rios de priorizaâ”œآ؛â”œأ؛o tâ”œآ®cnica (infraestruturas crâ”œآ،ticas, populaâ”œآ؛â”œأ؛o afetada, risco residual) e ordena as demandas.\nArticulaâ”œآ؛â”œأ؛o intersetorial: o GRAC mobiliza os â”œâ”‚rgâ”œأ؛os estaduais competentes (infraestrutura, habitaâ”œآ؛â”œأ؛o, saneamento e demais) para execuâ”œآ؛â”œأ؛o dos projetos de recuperaâ”œآ؛â”œأ؛o priorizados.\nAcompanhamento: a SUOP monitora o andamento das aâ”œآ؛â”œأپes de recuperaâ”œآ؛â”œأ؛o articuladas.	2026-02-21 12:05:31.311365+00
\.


--
-- Data for Name: entrega_participantes; Type: TABLE DATA; Schema: public; Owner: postgres
--

COPY public.entrega_participantes (id, entrega_id, setor_id, tipo_participante, papel, created_at) FROM stdin;
10	7	13	setor	papel 1	2026-03-20 13:47:09.853086+00
11	7	11	setor	papel 2	2026-03-20 13:47:09.853086+00
12	7	15	setor	gestor	2026-03-20 13:47:09.853086+00
\.


--
-- Data for Name: fichas; Type: TABLE DATA; Schema: public; Owner: postgres
--

COPY public.fichas (id, acao_estrategica_id, ordem, titulo, setor_display, papel, justificativa, contribuicao_esperada, nao_escopo, dependencias_criticas, created_at) FROM stdin;
1	1	1	DGAC أ”أ‡أ¶ Lâ”œأ¬DER DA Aâ”œأ§â”œأ¢O	DGAC	Lâ”œأ¬DER DA Aâ”œأ§â”œأ¢O	A DGAC â”œآ® o â”œâ”‚rgâ”œأ؛o responsâ”œأ­vel pela conscientizaâ”œآ؛â”œأ؛o comunitâ”œأ­ria e pela promoâ”œآ؛â”œأ؛o da percepâ”œآ؛â”œأ؛o de risco. Nesta aâ”œآ؛â”œأ؛o, lidera o ciclo completo: cria, analisa, sistematiza e modela os projetos-prateleira de proteâ”œآ؛â”œأ؛o comunitâ”œأ­ria. Define o escopo de cada projeto, elabora materiais de apoio, roteiros de implementaâ”œآ؛â”œأ؛o e critâ”œآ®rios de adaptaâ”œآ؛â”œأ؛o local. A DGAC detâ”œآ®m o conhecimento sobre as dinâ”œأ³micas comunitâ”œأ­rias e sobre os formatos que geram engajamento nas comunidades. Quando necessâ”œأ­rio, solicita ao ICTDEC (com CEPEDEC) suporte cientâ”œآ،fico e metodolâ”œâ”‚gico especâ”œآ،fico.	{"Liderar o ciclo completo de produâ”œآ؛â”œأ؛o do portfâ”œâ”‚lio: criaâ”œآ؛â”œأ؛o, anâ”œأ­lise, sistematizaâ”œآ؛â”œأ؛o e modelagem dos projetos-prateleira","Definir escopo, materiais de apoio, roteiros de implementaâ”œآ؛â”œأ؛o e critâ”œآ®rios de adaptaâ”œآ؛â”œأ؛o local","Analisar e sistematizar as prâ”œأ­ticas coletadas pelas REDECs, identificando elementos replicâ”œأ­veis","Validar a aplicabilidade comunitâ”œأ­ria dos projetos antes da disponibilizaâ”œآ؛â”œأ؛o no portfâ”œâ”‚lio","Solicitar ao ICTDEC suporte cientâ”œآ،fico quando a anâ”œأ­lise exigir rigor metodolâ”œâ”‚gico especâ”œآ،fico"}	{"Nâ”œأ؛o capacitar formalmente agentes municipais (competâ”œآ¬ncia da ESDEC)","Nâ”œأ؛o coletar prâ”œأ­ticas nos municâ”œآ،pios (competâ”œآ¬ncia das REDECs via DREDEC)"}	{"Prâ”œأ­ticas coletadas pelas REDECs como matâ”œآ®ria-prima","Validaâ”œآ؛â”œأ؛o estratâ”œآ®gica da SUOP","Suporte cientâ”œآ،fico do ICTDEC/CEPEDEC quando solicitado","Capacitaâ”œآ؛â”œأ؛o da ESDEC para viabilizar a implementaâ”œآ؛â”œأ؛o municipal"}	2026-02-21 12:05:31.311365+00
2	1	2	ICTDEC (com CEPEDEC) أ”أ‡أ¶ SUPORTE CIENTâ”œأ¬FICO SOB DEMANDA	ICTDEC (com CEPEDEC)	SUPORTE CIENTâ”œأ¬FICO SOB DEMANDA	O ICTDEC, por meio do CEPEDEC, â”œآ® o produtor de conhecimento cientâ”œآ،fico e metodologias da Secretaria. Nesta aâ”œآ؛â”œأ؛o, atua sob demanda da DGAC: quando a anâ”œأ­lise ou sistematizaâ”œآ؛â”œأ؛o das prâ”œأ­ticas comunitâ”œأ­rias exigir rigor cientâ”œآ،fico especâ”œآ،fico أ”أ‡أ¶ como aplicaâ”œآ؛â”œأ؛o de metodologias estatâ”œآ،sticas robustas, validaâ”œآ؛â”œأ؛o tâ”œآ®cnico-cientâ”œآ،fica de modelos ou produâ”œآ؛â”œأ؛o de referâ”œآ¬ncias acadâ”œآ¬micas أ”أ‡أ¶, o ICTDEC â”œآ® acionado. A lideranâ”œآ؛a da criaâ”œآ؛â”œأ؛o, anâ”œأ­lise e sistematizaâ”œآ؛â”œأ؛o permanece com a DGAC.	{"Fornecer suporte cientâ”œآ،fico e metodolâ”œâ”‚gico â”œأ، DGAC quando solicitado","Aplicar metodologias estatâ”œآ،sticas robustas quando a anâ”œأ­lise das prâ”œأ­ticas exigir","Validar tecnicamente modelos de projeto que demandem fundamentaâ”œآ؛â”œأ؛o cientâ”œآ،fica especâ”œآ،fica","Apoiar a ESDEC com conteâ”œâ•‘do cientâ”œآ،fico para capacitaâ”œآ؛â”œأ؛o, quando solicitado"}	{"Nâ”œأ؛o liderar a criaâ”œآ؛â”œأ؛o, anâ”œأ­lise ou sistematizaâ”œآ؛â”œأ؛o das prâ”œأ­ticas (competâ”œآ¬ncia da DGAC)","Nâ”œأ؛o modelar projetos-prateleira (competâ”œآ¬ncia da DGAC)","Nâ”œأ؛o difundir o portfâ”œâ”‚lio aos municâ”œآ،pios (competâ”œآ¬ncia das REDECs via DREDEC)","Nâ”œأ؛o conduzir capacitaâ”œآ؛â”œأپes (competâ”œآ¬ncia da ESDEC)"}	{"Demandas especâ”œآ،ficas da DGAC sobre temas que exijam rigor cientâ”œآ،fico","Acesso â”œأ،s prâ”œأ­ticas jâ”œأ­ coletadas e prâ”œآ®-analisadas pela DGAC","Parcerias com IES e ICTs (AE 6.1.3) como fonte complementar de conhecimento"}	2026-02-21 12:05:31.311365+00
3	1	3	ESDEC أ”أ‡أ¶ CAPACITADORA	ESDEC	CAPACITADORA	A ESDEC capacita agentes do SIEPDEC-RJ. Nesta aâ”œآ؛â”œأ؛o, forma agentes municipais para a implementaâ”œآ؛â”œأ؛o dos projetos do portfâ”œâ”‚lio: como aplicar as metodologias, adaptar os projetos â”œأ، realidade local, engajar comunidades e monitorar resultados. Os conteâ”œâ•‘dos sâ”œأ؛o fornecidos pela DGAC (modelagem) e pelo ICTDEC (fundamentaâ”œآ؛â”œأ؛o metodolâ”œâ”‚gica).	{"Estruturar e executar capacitaâ”œآ؛â”œأپes para agentes municipais na implementaâ”œآ؛â”œأ؛o dos projetos do portfâ”œâ”‚lio","Incluir conteâ”œâ•‘dos de aplicaâ”œآ؛â”œأ؛o de metodologias, adaptaâ”œآ؛â”œأ؛o local, engajamento comunitâ”œأ­rio e monitoramento","Avaliar o aprendizado e retroalimentar o modelo de capacitaâ”œآ؛â”œأ؛o"}	{"Nâ”œأ؛o modelar projetos (competâ”œآ¬ncia da DGAC)","Nâ”œأ؛o sistematizar prâ”œأ­ticas (competâ”œآ¬ncia do ICTDEC/CEPEDEC)","Nâ”œأ؛o articular adesâ”œأ؛o municipal (competâ”œآ¬ncia das REDECs via DREDEC)"}	{"Conteâ”œâ•‘dos fornecidos pela DGAC e pelo ICTDEC/CEPEDEC","Demanda dimensionada pela SUOP","Apoio logâ”œآ،stico das REDECs para capacitaâ”œآ؛â”œأ؛o no territâ”œâ”‚rio"}	2026-02-21 12:05:31.311365+00
4	1	4	REDECs (via DREDEC) أ”أ‡أ¶ COLETA DE PRâ”œأ¼TICAS E DIFUSâ”œأ¢O AOS MUNICâ”œأ¬PIOS	REDECs (via DREDEC)	COLETA DE PRâ”œأ¼TICAS E DIFUSâ”œأ¢O AOS MUNICâ”œأ¬PIOS	As REDECs sâ”œأ؛o o elo entre o Estado e os municâ”œآ،pios. Nesta aâ”œآ؛â”œأ؛o, atuam nas duas pontas do ciclo: na entrada, colhem junto aos municâ”œآ،pios e COMDECs as melhores prâ”œأ­ticas de projetos comunitâ”œأ­rios em PDC jâ”œأ­ existentes, alimentando o ICTDEC com matâ”œآ®ria-prima para sistematizaâ”œآ؛â”œأ؛o; na saâ”œآ،da, disponibilizam o portfâ”œâ”‚lio aos municâ”œآ،pios, articulam a adesâ”œأ؛o e acompanham a implementaâ”œآ؛â”œأ؛o.	{"Colher junto aos municâ”œآ،pios e COMDECs as melhores prâ”œأ­ticas de projetos comunitâ”œأ­rios em PDC","Disponibilizar o portfâ”œâ”‚lio de projetos aos municâ”œآ،pios de sua regiâ”œأ؛o","Articular a adesâ”œأ؛o municipal aos projetos do portfâ”œâ”‚lio","Acompanhar e reportar a implementaâ”œآ؛â”œأ؛o dos projetos nos municâ”œآ،pios"}	{"Nâ”œأ؛o modelar projetos (competâ”œآ¬ncia da DGAC)","Nâ”œأ؛o sistematizar metodologicamente (competâ”œآ¬ncia do ICTDEC/CEPEDEC)","Nâ”œأ؛o capacitar formalmente agentes municipais (competâ”œآ¬ncia da ESDEC)","Nâ”œأ؛o formalizar convâ”œآ¬nios sem aprovaâ”œآ؛â”œأ؛o da SUBSEGAD e validaâ”œآ؛â”œأ؛o da ASSEJUR"}	{"Orientaâ”œآ؛â”œأپes da DGAC sobre o que coletar e como difundir","Portfâ”œâ”‚lio finalizado e validado para disponibilizaâ”œآ؛â”œأ؛o","Priorizaâ”œآ؛â”œأ؛o de municâ”œآ،pios definida pela SUOP"}	2026-02-21 12:05:31.311365+00
5	1	5	SUOP (sob aval da SUBSEGOP) أ”أ‡أ¶ VALIDAâ”œأ§â”œأ¢O E COORDENAâ”œأ§â”œأ¢O	SUOP (sob aval da SUBSEGOP)	VALIDAâ”œأ§â”œأ¢O E COORDENAâ”œأ§â”œأ¢O	A SUOP comanda os â”œâ”‚rgâ”œأ؛os setoriais. Nesta aâ”œآ؛â”œأ؛o, valida o portfâ”œâ”‚lio quanto ao alinhamento ao Plano Estratâ”œآ®gico, coordena a integraâ”œآ؛â”œأ؛o entre os â”œâ”‚rgâ”œأ؛os envolvidos (DGAC, ICTDEC, ESDEC, REDECs) e define critâ”œآ®rios de priorizaâ”œآ؛â”œأ؛o de municâ”œآ،pios para difusâ”œأ؛o e capacitaâ”œآ؛â”œأ؛o.	{"Validar o portfâ”œâ”‚lio quanto ao alinhamento ao Plano Estratâ”œآ®gico e â”œأ،s prioridades da SEDEC","Coordenar a integraâ”œآ؛â”œأ؛o entre DGAC, ICTDEC, ESDEC e REDECs na produâ”œآ؛â”œأ؛o e difusâ”œأ؛o","Definir critâ”œآ®rios de priorizaâ”œآ؛â”œأ؛o de municâ”œآ،pios para adesâ”œأ؛o e capacitaâ”œآ؛â”œأ؛o","Monitorar o ciclo de produâ”œآ؛â”œأ؛o e os resultados da adesâ”œأ؛o municipal"}	{"Nâ”œأ؛o produzir conteâ”œâ•‘do (competâ”œآ¬ncia da DGAC e do ICTDEC)","Nâ”œأ؛o executar na ponta (competâ”œآ¬ncia das REDECs)","Nâ”œأ؛o conduzir capacitaâ”œآ؛â”œأپes (competâ”œآ¬ncia da ESDEC)"}	{"Colaboraâ”œآ؛â”œأ؛o dos â”œâ”‚rgâ”œأ؛os envolvidos na execuâ”œآ؛â”œأ؛o de suas partes","Informaâ”œآ؛â”œأپes das REDECs sobre necessidades e adesâ”œأ؛o municipal"}	2026-02-21 12:05:31.311365+00
6	2	1	SUOP (sob aval da SUBSEGOP) أ”أ‡أ¶ Lâ”œأ¬DER COORDENADOR TRANSVERSAL	SUOP (sob aval da SUBSEGOP)	Lâ”œأ¬DER COORDENADOR TRANSVERSAL	A aâ”œآ؛â”œأ؛o impacta mâ”œâ•‘ltiplos setores, envolve priorizaâ”œآ؛â”œأ؛o institucional e exige articulaâ”œآ؛â”œأ؛o entre tâ”œآ®cnica, orâ”œآ؛amento e execuâ”œآ؛â”œأ؛o. Recursos captados precisam ser convertidos em projetos executâ”œأ­veis. Sem a SUOP coordenando, o ICTDEC capta mas nâ”œأ؛o executa, a SUBSEGAD trata orâ”œآ؛amento isoladamente e os â”œâ”‚rgâ”œأ؛os finalâ”œآ،sticos nâ”œأ؛o alinham seus projetos. A SUOP â”œآ® o ponto de convergâ”œآ¬ncia operacional. Com a perspectiva de operacionalizaâ”œآ؛â”œأ؛o do Fundo Estadual, esse papel de coordenaâ”œآ؛â”œأ؛o se torna ainda mais crâ”œآ،tico, pois a gestâ”œأ؛o do Fundo exigirâ”œأ­ priorizaâ”œآ؛â”œأ؛o centralizada e governanâ”œآ؛a de portfâ”œâ”‚lio em escala muito superior â”œأ، atual.	{"Definir prioridades institucionais para captaâ”œآ؛â”œأ؛o, com base no Plano Estratâ”œآ®gico 2024أ”أ‡أ´2035 e nas Aâ”œآ؛â”œأپes Prioritâ”œأ­rias de 2026","Validar as propostas tâ”œآ®cnicas elaboradas pelo ICTDEC e demais coexecutores antes da submissâ”œأ؛o","Articular setores para construâ”œآ؛â”œأ؛o de propostas integradas, destravando gargalos de coordenaâ”œآ؛â”œأ؛o","Coordenar alocaâ”œآ؛â”œأ؛o estratâ”œآ®gica dos recursos captados, garantindo coerâ”œآ¬ncia entre fonte e necessidade operacional","Integrar as iniciativas de captaâ”œآ؛â”œأ؛o ao portfâ”œâ”‚lio de projetos da Secretaria (AE 2.1.2)","Supervisionar o Gabinete de Gestâ”œأ؛o de Projetos, assegurando sua operacionalidade e fortalecimento contâ”œآ،nuo"}	{"Nâ”œأ؛o concentrar tecnicamente toda a elaboraâ”œآ؛â”œأ؛o de projetos (competâ”œآ¬ncia tâ”œآ®cnica do ICTDEC e demais â”œâ”‚rgâ”œأ؛os)","Nâ”œأ؛o transformar captaâ”œآ؛â”œأ؛o em iniciativa isolada de gabinete","Nâ”œأ؛o permitir captaâ”œآ؛â”œأ؛o desconectada de capacidade de execuâ”œآ؛â”œأ؛o","Nâ”œأ؛o delegar priorizaâ”œآ؛â”œأ؛o sem definir critâ”œآ®rios claros e transparentes"}	{"Estrutura tâ”œآ®cnica de elaboraâ”œآ؛â”œأ؛o de projetos (ICTDEC)","Gabinete de Gestâ”œأ؛o de Projetos funcional e fortalecido","Informaâ”œآ؛â”œأپes orâ”œآ؛amentâ”œأ­rias e jurâ”œآ،dicas atualizadas (SUBSEGAD e ASSEJUR)","Portfâ”œâ”‚lio estruturado de projetos (AE 2.1.2)","Credibilidade institucional consolidada (AE 2.1.3)"}	2026-02-21 12:05:31.311365+00
7	2	2	Gabinete de Gestâ”œأ؛o de Projetos أ”أ‡أ¶ COEXECUTOR DE GESTâ”œأ¢O DE PORTFâ”œأ´LIO	Gabinete de Gestâ”œأ؛o de Projetos	COEXECUTOR DE GESTâ”œأ¢O DE PORTFâ”œأ´LIO	A captaâ”œآ؛â”œأ؛o de recursos â”œآ® apenas o inâ”œآ،cio do ciclo. Sem uma estrutura dedicada a gerir o portfâ”œâ”‚lio de projetos أ”أ‡أ¶ desde a concepâ”œآ؛â”œأ؛o atâ”œآ® o encerramento e prestaâ”œآ؛â”œأ؛o de contas أ”أ‡أ¶, os recursos captados correm risco de execuâ”œآ؛â”œأ؛o deficiente, atrasos e prejuâ”œآ،zos institucionais.\nNota sobre o cenâ”œأ­rio atual: O Gabinete de Gestâ”œأ؛o de Projetos existe na estrutura organizacional da SUBSEGOP, porâ”œآ®m encontra-se atualmente inoperante. O fortalecimento deste â”œâ”‚rgâ”œأ؛o â”œآ® condiâ”œآ؛â”œأ؛o crâ”œآ،tica para o sucesso desta aâ”œآ؛â”œأ؛o estratâ”œآ®gica e, de forma ainda mais urgente, para a futura operacionalizaâ”œآ؛â”œأ؛o do Fundo Estadual, que multiplicarâ”œأ­ exponencialmente o volume de projetos sob gestâ”œأ؛o, incluindo repasses fundo a fundo para dezenas de municâ”œآ،pios.	{"Gerir o ciclo de vida dos projetos financiados por recursos captados (da aprovaâ”œآ؛â”œأ؛o ao encerramento)","Monitorar a execuâ”œآ؛â”œأ؛o fâ”œآ،sico-financeira dos projetos, consolidando indicadores de progresso e alertas de desvio","Manter o portfâ”œâ”‚lio institucional de projetos atualizado e acessâ”œآ،vel â”œأ، SUOP para tomada de decisâ”œأ؛o","Acompanhar, quando da operacionalizaâ”œآ؛â”œأ؛o do Fundo Estadual, os repasses fundo a fundo e a execuâ”œآ؛â”œأ؛o dos projetos municipais financiados","Padronizar instrumentos de gestâ”œأ؛o de projetos (templates, relatâ”œâ”‚rios de status, critâ”œآ®rios de encerramento)"}	{"Nâ”œأ؛o elaborar projetos tâ”œآ®cnicos (competâ”œآ¬ncia dos â”œâ”‚rgâ”œأ؛os setoriais e do ICTDEC)","Nâ”œأ؛o substituir a SUOP na priorizaâ”œآ؛â”œأ؛o estratâ”œآ®gica","Nâ”œأ؛o executar diretamente os projetos (papel dos â”œâ”‚rgâ”œأ؛os finalâ”œآ،sticos)","Nâ”œأ؛o assumir funâ”œآ؛â”œأپes de conformidade contâ”œأ­bil (competâ”œآ¬ncia da SUBSEGAD)"}	{"Priorizaâ”œآ؛â”œأ؛o clara da SUOP sobre quais projetos compâ”œأپem o portfâ”œâ”‚lio","Projetos tecnicamente consistentes, elaborados pelo ICTDEC e â”œâ”‚rgâ”œأ؛os setoriais","Informaâ”œآ؛â”œأپes de execuâ”œآ؛â”œأ؛o financeira da SUBSEGAD","Parecer jurâ”œآ،dico da ASSEJUR sobre instrumentos de repasse","Recursos humanos qualificados e ded icados (condiâ”œآ؛â”œأ؛o crâ”œآ،tica para operacionalizaâ”œآ؛â”œأ؛o)"}	2026-02-21 12:05:31.311365+00
8	2	3	ICTDEC أ”أ‡أ¶ COEXECUTOR Tâ”œأ«CNICO-METODOLâ”œأ´GICO	ICTDEC	COEXECUTOR Tâ”œأ«CNICO-METODOLâ”œأ´GICO	A captaâ”œآ؛â”œأ؛o exige elaboraâ”œآ؛â”œأ؛o tâ”œآ®cnica robusta. Editais demandam diagnâ”œâ”‚stico, indicadores e coerâ”œآ¬ncia estratâ”œآ®gica. Parcerias cientâ”œآ،ficas e internacionais exigem lastro tâ”œآ®cnico-acadâ”œآ¬mico. Compete ao ICTDEC atuar como o escritâ”œâ”‚rio central de projetos de captaâ”œآ؛â”œأ؛o de recursos externos e parcerias cientâ”œآ،ficas. A Gerâ”œآ¬ncia de Captaâ”œآ؛â”œأ؛o e Projetos de Fomento (GCPF), vinculada â”œأ، Divisâ”œأ؛o de Fomento e Parcerias Cientâ”œآ،ficas (DFPC), â”œآ® a unidade operacional responsâ”œأ­vel.	{"Elaborar e disponibilizar metodologia padronizada de monitoramento de oportunidades de financiamento (editais, chamadas, fundos) para uso institucional","Executar diretamente a captaâ”œآ؛â”œأ؛o de recursos vinculados a projetos de pesquisa, desenvolvimento e inovaâ”œآ؛â”œأ؛o (P&D+I)","Prestar assessoria tâ”œآ®cnico-metodolâ”œâ”‚gica aos demais setores na elaboraâ”œآ؛â”œأ؛o de propostas para editais fora do escopo de P&D, quando demandado pela SUOP","Manter e atualizar o portfâ”œâ”‚lio de projetos de pesquisa captâ”œأ­veis da Secretaria","Identificar e sinalizar oportunidades de fundos nacionais e internacionais aderentes â”œأ، estratâ”œآ®gia institucional","Apoiar a modelagem tâ”œآ®cnica de PPPs, no que couber ao componente cientâ”œآ،fico e de dados","Contribuir com insumos tâ”œآ®cnicos para a estruturaâ”œآ؛â”œأ؛o de projetos a serem financiados pelo Fundo Estadual, quando operacionalizado"}	{"Nâ”œأ؛o assumir negociaâ”œآ؛â”œأ؛o polâ”œآ،tica ou parlamentar (competâ”œآ¬ncia da Alta Gestâ”œأ؛o e AE 7.1.2)","Nâ”œأ؛o captar recursos fora do escopo de P&D sem diretriz expressa da SUOP","Nâ”œأ؛o elaborar projetos desconectados da estratâ”œآ®gia institucional vigente","Nâ”œأ؛o assumir a gestâ”œأ؛o financeira dos recursos captados (competâ”œآ¬ncia da SUBSEGAD)","Nâ”œأ؛o substituir a articulaâ”œآ؛â”œأ؛o polâ”œآ،tica de alto nâ”œآ،vel que cabe â”œأ، Alta Gestâ”œأ؛o","Nâ”œأ؛o assumir a gestâ”œأ؛o do portfâ”œâ”‚lio de projetos da Secretaria (competâ”œآ¬ncia do Gabinete de Gestâ”œأ؛o de Projetos)"}	{"Direcionamento estratâ”œآ®gico e priorizaâ”œآ؛â”œأ؛o institucional da SUOP","Apoio administrativo e conformidade jurâ”œآ،dica da SUBSEGAD e ASSEJUR","Envolvimento dos setores finalâ”œآ،sticos (fornecimento de dados de necessidades reais)","Acesso a informaâ”œآ؛â”œأپes estratâ”œآ®gicas atualizadas (inventâ”œأ­rios de danos, diagnâ”œâ”‚sticos municipais, dados operacionais)","Tempo protegido da equipe tâ”œآ®cnica para prospecâ”œآ؛â”œأ؛o e elaboraâ”œآ؛â”œأ؛o (atividade contâ”œآ،nua, nâ”œأ؛o residual)"}	2026-02-21 12:05:31.311365+00
9	2	4	SUBSEGAD أ”أ‡أ¶ COEXECUTOR FINANCEIRO	SUBSEGAD	COEXECUTOR FINANCEIRO	Captaâ”œآ؛â”œأ؛o sem governanâ”œآ؛a financeira â”œآ® risco jurâ”œآ،dico. A operacionalizaâ”œآ؛â”œأ؛o de fundos, a conformidade contâ”œأ­bil e o acompanhamento da execuâ”œآ؛â”œأ؛o financeira sâ”œأ؛o indispensâ”œأ­veis para que os recursos captados se convertam em aâ”œآ؛â”œأپes reais sem prejuâ”œآ،zo legal. Com a perspectiva do Fundo Estadual, a SUBSEGAD serâ”œأ­ peâ”œآ؛a-chave na estruturaâ”œآ؛â”œأ؛o dos mecanismos de repasse e prestaâ”œآ؛â”œأ؛o de contas, inclusive para transferâ”œآ¬ncias fundo a fundo aos municâ”œآ،pios.	{"Estruturar mecanismos de operacionalizaâ”œآ؛â”œأ؛o de fundos (incluindo o Fundo Estadual de Proteâ”œآ؛â”œأ؛o e Defesa Civil, quando ativado)","Garantir conformidade contâ”œأ­bil e jurâ”œآ،dica dos instrumentos de captaâ”œآ؛â”œأ؛o e repasse","Apoiar a modelagem financeira do Fundo Estadual, em articulaâ”œآ؛â”œأ؛o com a ASSEJUR","Monitorar execuâ”œآ؛â”œأ؛o financeira de recursos captados","Formalizar convâ”œآ¬nios, termos de cooperaâ”œآ؛â”œأ؛o e instrumentos jurâ”œآ،dicos necessâ”œأ­rios","Estruturar fluxos de prestaâ”œآ؛â”œأ؛o de contas para repasses fundo a fundo, quando aplicâ”œأ­vel"}	{"Nâ”œأ؛o bloquear iniciativas por excesso de formalismo (papel facilitador, nâ”œأ؛o bloqueador)","Nâ”œأ؛o centralizar decisâ”œأپes estratâ”œآ®gicas de priorizaâ”œآ؛â”œأ؛o (competâ”œآ¬ncia da SUOP)","Nâ”œأ؛o elaborar projetos tâ”œآ®cnicos de captaâ”œآ؛â”œأ؛o (competâ”œآ¬ncia do ICTDEC e â”œâ”‚rgâ”œأ؛os demandantes)"}	{"Projeto tâ”œآ®cnico consistente e validado pela SUOP","Prioridade institucional clara e documentada","Parecer jurâ”œآ،dico da ASSEJUR sobre instrumentos de repasse e conformidade legal","Regulamentaâ”œآ؛â”œأ؛o do Fundo Estadual (quando da operacionalizaâ”œآ؛â”œأ؛o)"}	2026-02-21 12:05:31.311365+00
10	2	5	ASSEJUR أ”أ‡أ¶ ASSESSORIA JURâ”œأ¬DICA	ASSEJUR	ASSESSORIA JURâ”œأ¬DICA	A diversificaâ”œآ؛â”œأ؛o de fontes de recursos envolve instrumentos jurâ”œآ،dicos complexos: convâ”œآ¬nios, termos de cooperaâ”œآ؛â”œأ؛o, parcerias pâ”œâ•‘blico-privadas, contratos com organismos internacionais e, futuramente, os instrumentos de repasse do Fundo Estadual. A seguranâ”œآ؛a jurâ”œآ،dica desses instrumentos â”œآ® condiâ”œآ؛â”œأ؛o para a viabilidade e sustentabilidade de toda a estratâ”œآ®gia de captaâ”œآ؛â”œأ؛o.	{"Emitir pareceres jurâ”œآ،dicos sobre minutas de convâ”œآ¬nios, termos de cooperaâ”œآ؛â”œأ؛o e instrumentos de repasse","Assessorar a SUBSEGAD na modelagem jurâ”œآ،dica do Fundo Estadual e de seus mecanismos de transferâ”œآ¬ncia","Validar juridicamente os instrumentos de parceria pâ”œâ•‘blico-privada propostos","Apoiar a construâ”œآ؛â”œأ؛o de clâ”œأ­usulas de prestaâ”œآ؛â”œأ؛o de contas e devoluâ”œآ؛â”œأ؛o de recursos nos instrumentos de repasse fundo a fundo"}	{"Nâ”œأ؛o decidir mâ”œآ®rito tâ”œآ®cnico ou prioridade estratâ”œآ®gica de projetos","Nâ”œأ؛o assumir funâ”œآ؛â”œأپes de gestâ”œأ؛o financeira ou contâ”œأ­bil","Nâ”œأ؛o substituir a articulaâ”œآ؛â”œأ؛o polâ”œآ،tica com o legislativo (competâ”œآ¬ncia da Alta Gestâ”œأ؛o e AE 7.1.2)"}	{"Acesso tempestivo â”œأ،s minutas e propostas elaboradas pelo ICTDEC e SUBSEGAD","Definiâ”œآ؛â”œأ؛o clara do modelo de governanâ”œآ؛a do Fundo Estadual (quando regulamentado)","Informaâ”œآ؛â”œأپes atualizadas sobre o marco normativo aplicâ”œأ­vel (Lei 12.608, PEPDEC, normas de transferâ”œآ¬ncia)"}	2026-02-21 12:05:31.311365+00
11	2	6	â”œأ´rgâ”œأ؛os Finalâ”œآ،sticos أ”أ‡أ¶ PROVEDORES DE DEMANDA E EXECUTORES	â”œأ´rgâ”œأ؛os Finalâ”œآ،sticos	PROVEDORES DE DEMANDA E EXECUTORES	Os â”œâ”‚rgâ”œأ؛os finalâ”œآ،sticos sâ”œأ؛o os destinatâ”œأ­rios diretos dos recursos captados e os detentores do conhecimento sobre as necessidades operacionais reais. Sem sua participaâ”œآ؛â”œأ؛o ativa, os projetos de captaâ”œآ؛â”œأ؛o correm o risco de nascer desconectados da realidade de campo, comprometendo a execuâ”œآ؛â”œأ؛o e a prestaâ”œآ؛â”œأ؛o de contas.	{"Identificar e comunicar necessidades estruturais reais de forma organizada","Participar ativamente da construâ”œآ؛â”œأ؛o de projetos, fornecendo dados operacionais e validaâ”œآ؛â”œأ؛o de campo","Executar os recursos captados conforme plano de trabalho aprovado","Prestar contas de resultados com transparâ”œآ¬ncia e tempestividade"}	{"Nâ”œأ؛o solicitar captaâ”œآ؛â”œأ؛o sem projeto estruturado ou sem aderâ”œآ¬ncia ao Plano Estratâ”œآ®gico","Nâ”œأ؛o fragmentar demandas (consolidar necessidades por â”œأ­rea temâ”œأ­tica antes de acionar a cadeia)","Nâ”œأ؛o executar recursos captados sem observar as condiâ”œآ؛â”œأپes do instrumento de repasse"}	{"Integraâ”œآ؛â”œأ؛o efetiva com a gestâ”œأ؛o de projetos institucional (Gabinete de Gestâ”œأ؛o de Projetos e AE 2.1.2)","Planejamento setorial coerente (Planos Setoriais 2026)","Assessoria tâ”œآ®cnica do ICTDEC para estruturaâ”œآ؛â”œأ؛o das demandas em formato captâ”œأ­vel"}	2026-02-21 12:05:31.311365+00
12	3	1	Alta Gestâ”œأ؛o (SUBSEGOP / Secretâ”œأ­rio) أ”أ‡أ¶ Lâ”œأ¬DER INSTITUCIONAL	Alta Gestâ”œأ؛o (SUBSEGOP / Secretâ”œأ­rio)	Lâ”œأ¬DER INSTITUCIONAL	A institucionalizaâ”œآ؛â”œأ؛o da gestâ”œأ؛o estratâ”œآ®gica requer envolvimento direto da Alta Gestâ”œأ؛o para que as rotinas de monitoramento sejam reconhecidas como compromisso institucional, e nâ”œأ؛o como iniciativa tâ”œآ®cnica isolada. A participaâ”œآ؛â”œأ؛o da lideranâ”œآ؛a confere autoridade ao processo e assegura que os resultados do monitoramento se traduzam em decisâ”œأپes concretas de gestâ”œأ؛o.	{"Chancelar institucionalmente a sistemâ”œأ­tica de monitoramento estratâ”œآ®gico","Presidir ou designar representante para as reuniâ”œأپes de anâ”œأ­lise crâ”œآ،tica de desempenho (RACs)","Validar o conjunto de indicadores estratâ”œآ®gicos propostos pelo ICTDEC","Tomar decisâ”œأپes de correâ”œآ؛â”œأ؛o de rota com base nos relatâ”œâ”‚rios de monitoramento","Assegurar que os â”œâ”‚rgâ”œأ؛os subordinados cumpram as rotinas de reporte","Comunicar os resultados do monitoramento para fins de transparâ”œآ¬ncia e prestaâ”œآ؛â”œأ؛o de contas"}	{"Nâ”œأ؛o elaborar a metodologia de monitoramento (competâ”œآ¬ncia tâ”œآ®cnica do ICTDEC/DAEAD)","Nâ”œأ؛o consolidar dados ou produzir relatâ”œâ”‚rios tâ”œآ®cnicos (competâ”œآ¬ncia do ICTDEC/DAEAD)","Nâ”œأ؛o utilizar o monitoramento como instrumento punitivo (o sistema deve orientar a melhoria contâ”œآ،nua, nâ”œأ؛o a sanâ”œآ؛â”œأ؛o)"}	{"Metodologia de monitoramento estruturada e operacional (ICTDEC/DAEAD)","Indicadores validados e fontes de dados acessâ”œآ،veis","Comprometimento dos â”œâ”‚rgâ”œأ؛os subordinados com o reporte periâ”œâ”‚dico","Infraestrutura mâ”œآ،nima de TI para consolidaâ”œآ؛â”œأ؛o de dados"}	2026-02-21 12:05:31.311365+00
13	3	2	ICTDEC (DAEAD) أ”أ‡أ¶ EXECUTOR CENTRAL Tâ”œأ«CNICO-METODOLâ”œأ´GICO	ICTDEC (DAEAD)	EXECUTOR CENTRAL Tâ”œأ«CNICO-METODOLâ”œأ´GICO	O Plano Estratâ”œآ®gico 2024أ”أ‡أ´2035 atribui â”œأ، Divisâ”œأ؛o de Anâ”œأ­lise Estratâ”œآ®gica e Apoio â”œأ، Decisâ”œأ؛o (DAEAD) do ICTDEC a responsabilidade pelo monitoramento global do Plano. A DAEAD detâ”œآ®m a competâ”œآ¬ncia metodolâ”œâ”‚gica para definir indicadores, consolidar dados e produzir as anâ”œأ­lises que subsidiam a tomada de decisâ”œأ؛o da Alta Gestâ”œأ؛o.\nAlâ”œآ®m do monitoramento, compete ao ICTDEC a difusâ”œأ؛o da cultura de gestâ”œأ؛o estratâ”œآ®gica na instituiâ”œآ؛â”œأ؛o, em consonâ”œأ³ncia com o Programa SEDEC 360 e com a Metodologia de Planos Setoriais, que dependem diretamente desta aâ”œآ؛â”œأ؛o para sua base metodolâ”œâ”‚gica.	{"Estabelecer a metodologia e o macroprocesso do planejamento estratâ”œآ®gico da Secretaria, incluindo ciclos de revisâ”œأ؛o, fluxos de reporte e calendâ”œأ­rio de anâ”œأ­lises crâ”œآ،ticas","Definir, em articulaâ”œآ؛â”œأ؛o com os â”œâ”‚rgâ”œأ؛os subordinados, o conjunto de indicadores de desempenho (eficâ”œأ­cia, eficiâ”œآ¬ncia e efetividade) e suas fontes de dados","Criar e manter a estrutura para conduâ”œآ؛â”œأ؛o da estratâ”œآ®gia: implementaâ”œآ؛â”œأ؛o, acompanhamento, avaliaâ”œآ؛â”œأ؛o, monitoramento e correâ”œآ؛â”œأ؛o","Consolidar os dados reportados pelos â”œâ”‚rgâ”œأ؛os subordinados e produzir relatâ”œâ”‚rios de anâ”œأ­lise crâ”œآ،tica para a Alta Gestâ”œأ؛o","Conduzir tecnicamente as reuniâ”œأپes periâ”œâ”‚dicas de monitoramento com os gestores dos â”œâ”‚rgâ”œأ؛os subordinados","Promover aâ”œآ؛â”œأپes de difusâ”œأ؛o e capacitaâ”œآ؛â”œأ؛o em gestâ”œأ؛o estratâ”œآ®gica junto aos gestores da Secretaria","Coordenar a elaboraâ”œآ؛â”œأ؛o e revisâ”œأ؛o dos Planos Setoriais conforme metodologia vigente","Produzir notas tâ”œآ®cnicas e briefings executivos a partir da integraâ”œآ؛â”œأ؛o dos dados de monitoramento"}	{"Nâ”œأ؛o decidir prioridades polâ”œآ،ticas ou estratâ”œآ®gicas (competâ”œآ¬ncia da Alta Gestâ”œأ؛o)","Nâ”œأ؛o executar as aâ”œآ؛â”œأپes estratâ”œآ®gicas dos demais setores (apenas monitora e assessora)","Nâ”œأ؛o gerir o portfâ”œâ”‚lio de projetos operacionais (competâ”œآ¬ncia do Gabinete de Gestâ”œأ؛o de Projetos, no â”œأ³mbito da AE 2.1.2)","Nâ”œأ؛o substituir os â”œâ”‚rgâ”œأ؛os subordinados na coleta de seus prâ”œâ”‚prios dados e indicadores"}	{"Chancela da Alta Gestâ”œأ؛o para conferir autoridade institucional ao sistema de monitoramento","Articulaâ”œآ؛â”œأ؛o operacional da SUOP para garantir adesâ”œأ؛o dos â”œâ”‚rgâ”œأ؛os subordinados","Comprometimento das chefias setoriais com o fornecimento regular de dados e a participaâ”œآ؛â”œأ؛o nas anâ”œأ­lises crâ”œآ،ticas","Infraestrutura mâ”œآ،nima de TI para consolidaâ”œآ؛â”œأ؛o de dados (considerando as condiâ”œآ؛â”œأپes atuais, podem ser soluâ”œآ؛â”œأپes gratuitas adaptadas)","Tempo protegido da equipe DAEAD para atividades de monitoramento","Gabinete de Gestâ”œأ؛o de Projetos funcional (interface com o monitoramento estratâ”œآ®gico para cruzamento entre planejamento e execuâ”œآ؛â”œأ؛o de projetos أ”أ‡أ¶ AE 2.1.2)"}	2026-02-21 12:05:31.311365+00
17	4	2	ICTDEC أ”أ‡أ¶ COEXECUTOR METODOLâ”œأ´GICO	ICTDEC	COEXECUTOR METODOLâ”œأ´GICO	O ICTDEC â”œآ® responsâ”œأ­vel pela modernizaâ”œآ؛â”œأ؛o administrativa e pela formulaâ”œآ؛â”œأ؛o de metodologias de gestâ”œأ؛o no â”œأ³mbito da Secretaria. Compete-lhe formular a metodologia de gestâ”œأ؛o de projetos adequada â”œأ، realidade institucional e capacitar os gestores para sua aplicaâ”œآ؛â”œأ؛o. O ICTDEC nâ”œأ؛o gere o portfâ”œâ”‚lio de projetos (papel do Gabinete), mas fornece o mâ”œآ®todo e o conhecimento tâ”œآ®cnico que viabilizam essa gestâ”œأ؛o.	{"Estabelecer a metodologia organizacional de gestâ”œأ؛o de projetos, adequada ao nâ”œآ،vel de maturidade institucional","Definir, em articulaâ”œآ؛â”œأ؛o com o Gabinete, os templates, fluxos e critâ”œآ®rios de classificaâ”œآ؛â”œأ؛o de projetos","Apoiar a seleâ”œآ؛â”œأ؛o e configuraâ”œآ؛â”œأ؛o de ferramenta tecnolâ”œâ”‚gica para gerenciamento de projetos, considerando as restriâ”œآ؛â”œأپes de recursos e maturidade","Promover aâ”œآ؛â”œأپes de capacitaâ”œآ؛â”œأ؛o e difusâ”œأ؛o dos fundamentos de gestâ”œأ؛o de projetos junto aos gestores da Secretaria","Assessorar o Gabinete na implantaâ”œآ؛â”œأ؛o gradual da metodologia, especialmente na fase de transiâ”œآ؛â”œأ؛o","Assegurar a coerâ”œآ¬ncia entre a metodologia de gestâ”œأ؛o de projetos e os demais instrumentos de governanâ”œآ؛a em implantaâ”œآ؛â”œأ؛o (gestâ”œأ؛o estratâ”œآ®gica, gestâ”œأ؛o de processos, gestâ”œأ؛o por competâ”œآ¬ncias), garantindo que compartilhem taxonomias compatâ”œآ،veis, fluxos de dados integrados e indicadores que se alimentem mutuamente"}	{"Nâ”œأ؛o gerir o portfâ”œâ”‚lio de projetos da Secretaria (competâ”œآ¬ncia do Gabinete de Gestâ”œأ؛o de Projetos)","Nâ”œأ؛o monitorar a execuâ”œآ؛â”œأ؛o de projetos individuais (competâ”œآ¬ncia do Gabinete)","Nâ”œأ؛o substituir o Gabinete permanentemente (o suporte â”œآ® transitâ”œâ”‚rio, visando a transferâ”œآ¬ncia de capacidade)","Nâ”œأ؛o definir prioridades do portfâ”œâ”‚lio (competâ”œآ¬ncia da SUOP/Alta Gestâ”œأ؛o)"}	{"Ativaâ”œآ؛â”œأ؛o do Gabinete de Gestâ”œأ؛o de Projetos (receptor da metodologia)","Articulaâ”œآ؛â”œأ؛o da SUOP para garantir adesâ”œأ؛o dos â”œâ”‚rgâ”œأ؛os subordinados â”œأ، metodologia","Acesso â”œأ،s informaâ”œآ؛â”œأپes sobre os projetos em andamento na Secretaria (para diagnâ”œâ”‚stico inicial)","Tempo protegido da equipe para esta atividade"}	2026-02-21 12:05:31.311365+00
14	3	3	SUOP (sob aval da SUBSEGOP) أ”أ‡أ¶ ARTICULADOR OPERACIONAL	SUOP (sob aval da SUBSEGOP)	ARTICULADOR OPERACIONAL	A SUOP constitui o elo entre o nâ”œâ•‘cleo tâ”œآ®cnico-estratâ”œآ®gico (ICTDEC) e os â”œâ”‚rgâ”œأ؛os que executam na ponta. O ICTDEC nâ”œأ؛o possui autoridade hierâ”œأ­rquica direta sobre os demais â”œâ”‚rgâ”œأ؛os subordinados, o que torna a intermediaâ”œآ؛â”œأ؛o da SUOP indispensâ”œأ­vel para assegurar a adesâ”œأ؛o institucional â”œأ،s rotinas de monitoramento.	{"Garantir a aderâ”œآ¬ncia dos â”œâ”‚rgâ”œأ؛os subordinados â”œأ،s rotinas de monitoramento definidas pelo ICTDEC","Intermediar a relaâ”œآ؛â”œأ؛o entre o nâ”œâ•‘cleo de planejamento (ICTDEC/DAEAD) e os â”œâ”‚rgâ”œأ؛os executores","Destravar gargalos de participaâ”œآ؛â”œأ؛o (priorizaâ”œآ؛â”œأ؛o de agenda, liberaâ”œآ؛â”œأ؛o de pessoal, cobranâ”œآ؛a de reportes)","Contribuir com a validaâ”œآ؛â”œأ؛o operacional dos indicadores propostos","Encaminhar â”œأ، Alta Gestâ”œأ؛o as questâ”œأپes que exijam decisâ”œأ؛o polâ”œآ،tica identificadas nos ciclos de monitoramento"}	{"Nâ”œأ؛o elaborar a metodologia de monitoramento ou definir indicadores (competâ”œآ¬ncia do ICTDEC)","Nâ”œأ؛o produzir relatâ”œâ”‚rios de anâ”œأ­lise crâ”œآ،tica (competâ”œآ¬ncia do ICTDEC)","Nâ”œأ؛o alterar prioridades estratâ”œآ®gicas sem validaâ”œآ؛â”œأ؛o da Alta Gestâ”œأ؛o","Nâ”œأ؛o centralizar o fluxo de informaâ”œآ؛â”œأپes de monitoramento (â”œâ”‚rgâ”œأ؛os reportam ao ICTDEC; a SUOP assegura que o faâ”œآ؛am)"}	{"Metodologia clara e calendâ”œأ­rio de monitoramento definido pelo ICTDEC","Compromisso da Alta Gestâ”œأ؛o com o processo","Colaboraâ”œآ؛â”œأ؛o dos â”œâ”‚rgâ”œأ؛os subordinados"}	2026-02-21 12:05:31.311365+00
19	4	4	SUBSEGAD أ”أ‡أ¶ APOIO FINANCEIRO E ADMINISTRATIVO	SUBSEGAD	APOIO FINANCEIRO E ADMINISTRATIVO	A gestâ”œأ؛o de projetos requer informaâ”œآ؛â”œأپes financeiras atualizadas e conformidade contâ”œأ­bil, especialmente para projetos financiados por fontes externas. A SUBSEGAD fornece os dados de execuâ”œآ؛â”œأ؛o orâ”œآ؛amentâ”œأ­ria que alimentam o monitoramento fâ”œآ،sico-financeiro realizado pelo Gabinete.	{"Fornecer informaâ”œآ؛â”œأپes de execuâ”œآ؛â”œأ؛o orâ”œآ؛amentâ”œأ­ria e financeira dos projetos ao Gabinete de Gestâ”œأ؛o de Projetos","Garantir conformidade contâ”œأ­bil e jurâ”œآ،dica dos instrumentos vinculados aos projetos","Apoiar a prestaâ”œآ؛â”œأ؛o de contas de projetos financiados por fontes externas","Sinalizar tempestivamente restriâ”œآ؛â”œأپes orâ”œآ؛amentâ”œأ­rias que impactem o portfâ”œâ”‚lio"}	{"Nâ”œأ؛o gerir projetos (competâ”œآ¬ncia do Gabinete)","Nâ”œأ؛o definir metodologia de gestâ”œأ؛o de projetos (competâ”œآ¬ncia do ICTDEC)","Nâ”œأ؛o priorizar projetos (competâ”œآ¬ncia da SUOP/Alta Gestâ”œأ؛o)"}	{"Portfâ”œâ”‚lio de projetos estruturado e atualizado (Gabinete)","Critâ”œآ®rios claros de classificaâ”œآ؛â”œأ؛o orâ”œآ؛amentâ”œأ­ria dos projetos","Parecer da ASSEJUR quando necessâ”œأ­rio (instrumentos de repasse, convâ”œآ¬nios)"}	2026-02-21 12:05:31.311365+00
15	3	4	â”œأ´rgâ”œأ؛os Subordinados (Direâ”œآ؛â”œأپes, Coordenaâ”œآ؛â”œأپes, REDECs e demais setores) أ”أ‡أ¶ ALIMENTADORES DO SISTEMA E EXECUTORES DE CORREâ”œأ§â”œأ¢O	â”œأ´rgâ”œأ؛os Subordinados (Direâ”œآ؛â”œأپes, Coordenaâ”œآ؛â”œأپes, REDECs e demais setores)	ALIMENTADORES DO SISTEMA E EXECUTORES DE CORREâ”œأ§â”œأ¢O	Os â”œâ”‚rgâ”œأ؛os subordinados sâ”œأ؛o simultaneamente a fonte primâ”œأ­ria de dados do sistema de monitoramento e os destinatâ”œأ­rios das correâ”œآ؛â”œأپes de rota identificadas nas anâ”œأ­lises crâ”œآ،ticas. Sem o compromisso desses â”œâ”‚rgâ”œأ؛os com o reporte tempestivo e fidedigno de seus indicadores, o sistema perde confiabilidade. Sâ”œأ؛o eles que convertem o monitoramento em melhoria efetiva.	{"Reportar periodicamente os indicadores de desempenho de suas â”œأ­reas, conforme calendâ”œأ­rio e formato definidos pelo ICTDEC","Participar ativamente das reuniâ”œأپes de anâ”œأ­lise crâ”œآ،tica, apresentando resultados, dificuldades e propostas de ajuste","Executar as correâ”œآ؛â”œأپes de rota pactuadas nas anâ”œأ­lises crâ”œآ،ticas, dentro de seus escopos de atuaâ”œآ؛â”œأ؛o","Designar responsâ”œأ­vel pelo acompanhamento estratâ”œآ®gico dentro do setor (ponto focal de monitoramento)","Elaborar seus Planos Setoriais conforme a metodologia vigente, alimentando o ciclo de planejamento-execuâ”œآ؛â”œأ؛o-monitoramento"}	{"Nâ”œأ؛o definir indicadores globais ou alterar a metodologia de monitoramento (competâ”œآ¬ncia do ICTDEC)","Nâ”œأ؛o alterar prioridades estratâ”œآ®gicas unilateralmente (as prioridades sâ”œأ؛o as definidas nas Aâ”œآ؛â”œأپes Prioritâ”œأ­rias vigentes)","Nâ”œأ؛o omitir ou distorcer dados de desempenho (o sistema opera com transparâ”œآ¬ncia; resultados aquâ”œآ®m do esperado sâ”œأ؛o insumo para melhoria, nâ”œأ؛o motivo de sanâ”œآ؛â”œأ؛o)","Nâ”œأ؛o tratar o reporte como atividade acessâ”œâ”‚ria (o monitoramento integra a gestâ”œأ؛o corrente do setor)"}	{"Metodologia de monitoramento clara, objetiva e compatâ”œآ،vel com a capacidade operacional dos setores","Indicadores realistas e fontes de dados acessâ”œآ،veis","Retorno efetivo das anâ”œأ­lises crâ”œآ،ticas (o reporte deve gerar aâ”œآ؛â”œأ؛o, nâ”œأ؛o apenas registro)","Capacitaâ”œآ؛â”œأ؛o em interpretaâ”œآ؛â”œأ؛o de indicadores e gestâ”œأ؛o por resultados (promovida pelo ICTDEC)","Calendâ”œأ­rio de monitoramento que considere os ciclos operacionais dos â”œâ”‚rgâ”œأ؛os"}	2026-02-21 12:05:31.311365+00
16	4	1	Gabinete de Gestâ”œأ؛o de Projetos (â”œâ”‚rgâ”œأ؛o assessor da SUBSEGOP) أ”أ‡أ¶ Lâ”œأ¬DER OPERACIONAL	Gabinete de Gestâ”œأ؛o de Projetos (â”œâ”‚rgâ”œأ؛o assessor da SUBSEGOP)	Lâ”œأ¬DER OPERACIONAL	A institucionalizaâ”œآ؛â”œأ؛o da gestâ”œأ؛o de projetos exige um â”œâ”‚rgâ”œأ؛o dedicado â”œأ، gestâ”œأ؛o do portfâ”œâ”‚lio institucional, que centralize o acompanhamento do ciclo de vida dos projetos e assegure a padronizaâ”œآ؛â”œأ؛o dos instrumentos. O Gabinete de Gestâ”œأ؛o de Projetos, vinculado â”œأ، SUBSEGOP como â”œâ”‚rgâ”œأ؛o assessor, â”œآ® o â”œâ”‚rgâ”œأ؛o com essa atribuiâ”œآ؛â”œأ؛o na estrutura da Secretaria.\nNota sobre a operacionalizaâ”œآ؛â”œأ؛o: O Gabinete encontra-se atualmente sem operaâ”œآ؛â”œأ؛o regular. Sua ativaâ”œآ؛â”œأ؛o constitui condiâ”œآ؛â”œأ؛o estrutural para o sucesso desta aâ”œآ؛â”œأ؛o. No perâ”œآ،odo de transiâ”œآ؛â”œأ؛o, as atividades metodolâ”œâ”‚gicas iniciais (definiâ”œآ؛â”œأ؛o de metodologia, capacitaâ”œآ؛â”œأ؛o, seleâ”œآ؛â”œأ؛o de ferramentas) serâ”œأ؛o conduzidas pelo ICTDEC em articulaâ”œآ؛â”œأ؛o com a SUOP, com transferâ”œآ¬ncia progressiva ao Gabinete â”œأ، medida que este se torne operacional.	{"Gerir o ciclo de vida dos projetos institucionais (da aprovaâ”œآ؛â”œأ؛o ao encerramento e prestaâ”œآ؛â”œأ؛o de contas)","Monitorar a execuâ”œآ؛â”œأ؛o fâ”œآ،sico-financeira dos projetos, consolidando indicadores de progresso e alertas de desvio","Manter o portfâ”œâ”‚lio institucional de projetos atualizado e acessâ”œآ،vel â”œأ، SUOP e â”œأ، Alta Gestâ”œأ؛o","Padronizar instrumentos de gestâ”œأ؛o de projetos (templates, relatâ”œâ”‚rios de status, critâ”œآ®rios de priorizaâ”œآ؛â”œأ؛o e encerramento)","Adotar e gerir plataforma ou mecanismo tecnolâ”œâ”‚gico para gerenciamento integrado dos projetos","Difundir os fundamentos da gestâ”œأ؛o de projetos na instituiâ”œآ؛â”œأ؛o, em articulaâ”œآ؛â”œأ؛o com o ICTDEC","Acompanhar, quando da operacionalizaâ”œآ؛â”œأ؛o do Fundo Estadual, os projetos financiados por repasses, incluindo transferâ”œآ¬ncias fundo a fundo"}	{"Nâ”œأ؛o elaborar os projetos tâ”œآ®cnicos (competâ”œآ¬ncia dos â”œâ”‚rgâ”œأ؛os setoriais e, no â”œأ³mbito de P&D, do ICTDEC)","Nâ”œأ؛o definir prioridades estratâ”œآ®gicas (competâ”œآ¬ncia da Alta Gestâ”œأ؛o via AE 2.1.1)","Nâ”œأ؛o executar diretamente os projetos (papel dos â”œâ”‚rgâ”œأ؛os responsâ”œأ­veis)","Nâ”œأ؛o assumir funâ”œآ؛â”œأپes de conformidade contâ”œأ­bil (competâ”œآ¬ncia da SUBSEGAD)","Nâ”œأ؛o elaborar a metodologia de gestâ”œأ؛o de projetos isoladamente (construâ”œآ؛â”œأ؛o conjunta com o ICTDEC)"}	{"Recursos humanos qualificados e dedicados (condiâ”œآ؛â”œأ؛o crâ”œآ،tica para ativaâ”œآ؛â”œأ؛o)","Metodologia de gestâ”œأ؛o de projetos definida pelo ICTDEC","Ferramenta tecnolâ”œâ”‚gica compatâ”œآ،vel com a maturidade e os recursos disponâ”œآ،veis","Priorizaâ”œآ؛â”œأ؛o institucional clara (AE 2.1.1 أ”أ‡أ¶ gestâ”œأ؛o estratâ”œآ®gica)","Informaâ”œآ؛â”œأپes de execuâ”œآ؛â”œأ؛o financeira da SUBSEGAD","Parecer jurâ”œآ،dico da ASSEJUR sobre instrumentos de repasse (quando aplicâ”œأ­vel)"}	2026-02-21 12:05:31.311365+00
18	4	3	SUOP (sob aval da SUBSEGOP) أ”أ‡أ¶ ARTICULADOR E SUPERVISOR	SUOP (sob aval da SUBSEGOP)	ARTICULADOR E SUPERVISOR	A SUOP â”œآ® o â”œâ”‚rgâ”œأ؛o de integraâ”œآ؛â”œأ؛o operacional da Secretaria e a instâ”œأ³ncia que articula a participaâ”œآ؛â”œأ؛o dos â”œâ”‚rgâ”œأ؛os subordinados. Seu papel â”œآ® garantir que a gestâ”œأ؛o de projetos se torne prâ”œأ­tica institucional e que o portfâ”œâ”‚lio esteja alinhado â”œأ، estratâ”œآ®gia. Cabe tambâ”œآ®m â”œأ، SUOP contribuir para o fortalecimento do Gabinete, dado o impacto operacional de sua ativaâ”œآ؛â”œأ؛o.	{"Contribuir para a ativaâ”œآ؛â”œأ؛o e o fortalecimento do Gabinete de Gestâ”œأ؛o de Projetos, em articulaâ”œآ؛â”œأ؛o com a SUBSEGOP","Validar as prioridades do portfâ”œâ”‚lio de projetos, em articulaâ”œآ؛â”œأ؛o com a Alta Gestâ”œأ؛o","Garantir a aderâ”œآ¬ncia dos â”œâ”‚rgâ”œأ؛os subordinados â”œأ، metodologia de gestâ”œأ؛o de projetos","Destravar gargalos de implementaâ”œآ؛â”œأ؛o (recursos humanos, acesso a informaâ”œآ؛â”œأپes, participaâ”œآ؛â”œأ؛o dos setores)","Encaminhar â”œأ، Alta Gestâ”œأ؛o as decisâ”œأپes que extrapolem o nâ”œآ،vel operacional"}	{"Nâ”œأ؛o elaborar a metodologia de gestâ”œأ؛o de projetos (competâ”œآ¬ncia do ICTDEC)","Nâ”œأ؛o operar as ferramentas de gerenciamento (competâ”œآ¬ncia do Gabinete)","Nâ”œأ؛o executar projetos diretamente (competâ”œآ¬ncia dos â”œâ”‚rgâ”œأ؛os responsâ”œأ­veis)"}	{"Metodologia definida pelo ICTDEC","Gabinete de Gestâ”œأ؛o de Projetos progressivamente operacional","Compromisso da Alta Gestâ”œأ؛o com a institucionalizaâ”œآ؛â”œأ؛o"}	2026-02-21 12:05:31.311365+00
20	4	5	â”œأ´rgâ”œأ؛os Subordinados (Direâ”œآ؛â”œأپes, Coordenaâ”œآ؛â”œأپes, REDECs e demais setores) أ”أ‡أ¶ USUâ”œأ¼RIOS DA METODOLOGIA E EXECUTORES DE PROJETOS	â”œأ´rgâ”œأ؛os Subordinados (Direâ”œآ؛â”œأپes, Coordenaâ”œآ؛â”œأپes, REDECs e demais setores)	USUâ”œأ¼RIOS DA METODOLOGIA E EXECUTORES DE PROJETOS	Os â”œâ”‚rgâ”œأ؛os subordinados sâ”œأ؛o os responsâ”œأ­veis pela execuâ”œآ؛â”œأ؛o dos projetos e, portanto, os usuâ”œأ­rios diretos da metodologia institucionalizada. Sua adesâ”œأ؛o ao mâ”œآ®todo padronizado â”œآ® o que converte a metodologia em prâ”œأ­tica efetiva.	{"Aplicar a metodologia de gestâ”œأ؛o de projetos definida institucionalmente em suas iniciativas","Reportar ao Gabinete de Gestâ”œأ؛o de Projetos o status de execuâ”œآ؛â”œأ؛o de seus projetos, conforme fluxos definidos","Participar das capacitaâ”œآ؛â”œأپes em gestâ”œأ؛o de projetos promovidas pelo ICTDEC","Utilizar as ferramentas tecnolâ”œâ”‚gicas padronizadas para gerenciamento de suas iniciativas","Fornecer informaâ”œآ؛â”œأپes tempestivas sobre desvios, riscos e necessidades de reprogramaâ”œآ؛â”œأ؛o"}	{"Nâ”œأ؛o criar metodologias paralelas de gestâ”œأ؛o de projetos (a padronizaâ”œآ؛â”œأ؛o â”œآ® institucional)","Nâ”œأ؛o alterar prioridades do portfâ”œâ”‚lio sem validaâ”œآ؛â”œأ؛o da SUOP","Nâ”œأ؛o tratar o reporte ao Gabinete como atividade acessâ”œâ”‚ria (integra a gestâ”œأ؛o corrente)"}	{"Metodologia simples, objetiva e compatâ”œآ،vel com a capacidade operacional dos setores","Ferramentas tecnolâ”œâ”‚gicas acessâ”œآ،veis e de fâ”œأ­cil utilizaâ”œآ؛â”œأ؛o","Capacitaâ”œآ؛â”œأ؛o adequada promovida pelo ICTDEC","Retorno efetivo do monitoramento (o reporte deve gerar suporte, nâ”œأ؛o apenas registro)"}	2026-02-21 12:05:31.311365+00
21	5	1	SUOP (sob aval da SUBSEGOP) أ”أ‡أ¶ Lâ”œأ¬DER: COORDENADOR E PRODUTOR	SUOP (sob aval da SUBSEGOP)	Lâ”œأ¬DER: COORDENADOR E PRODUTOR	A produâ”œآ؛â”œأ؛o de instrumentos de transparâ”œآ¬ncia exige a compilaâ”œآ؛â”œأ؛o de informaâ”œآ؛â”œأپes de mâ”œâ•‘ltiplos â”œâ”‚rgâ”œأ؛os da Secretaria e a formataâ”œآ؛â”œأ؛o de produtos com regularidade. A SUOP, como â”œâ”‚rgâ”œأ؛o de integraâ”œآ؛â”œأ؛o operacional, â”œآ® a instâ”œأ³ncia com capacidade de mobilizar os setores, compilar os dados e produzir os instrumentos utilizando a metodologia e os templates definidos pelo ICTDEC. Essa divisâ”œأ؛o de trabalho evita que o ciclo recorrente de produâ”œآ؛â”œأ؛o dependa do ICTDEC, cujos recursos devem estar concentrados na formulaâ”œآ؛â”œأ؛o metodolâ”œâ”‚gica e no monitoramento estratâ”œآ®gico.	{"Coordenar a coleta de dados e informaâ”œآ؛â”œأپes junto aos â”œâ”‚rgâ”œأ؛os subordinados","Compilar os dados recebidos e produzir os instrumentos institucionais utilizando os templates e padrâ”œأپes definidos pelo ICTDEC","Assegurar que os â”œâ”‚rgâ”œأ؛os cumpram os prazos de fornecimento de informaâ”œآ؛â”œأپes","Validar os produtos antes da submissâ”œأ؛o â”œأ، Alta Gestâ”œأ؛o para aprovaâ”œآ؛â”œأ؛o e publicaâ”œآ؛â”œأ؛o","Articular com a Comunicaâ”œآ؛â”œأ؛o Social da Secretaria para a difusâ”œأ؛o dos produtos finalizados","Integrar o calendâ”œأ­rio de produâ”œآ؛â”œأ؛o destes instrumentos ao ciclo de monitoramento estratâ”œآ®gico (AE 2.1.1)"}	{"Nâ”œأ؛o definir a metodologia, estrutura ou templates dos produtos (competâ”œآ¬ncia do ICTDEC)","Nâ”œأ؛o produzir conteâ”œâ•‘do editorial ou jornalâ”œآ،stico (competâ”œآ¬ncia da Comunicaâ”œآ؛â”œأ؛o Social)","Nâ”œأ؛o substituir os â”œâ”‚rgâ”œأ؛os subordinados na produâ”œآ؛â”œأ؛o de seus prâ”œâ”‚prios dados"}	{"Metodologia, templates e padrâ”œأپes de qualidade definidos pelo ICTDEC","Comprometimento dos â”œâ”‚rgâ”œأ؛os subordinados com o fornecimento regular de dados","Apoio da Comunicaâ”œآ؛â”œأ؛o Social para difusâ”œأ؛o e adequaâ”œآ؛â”œأ؛o de linguagem ao pâ”œâ•‘blico externo","Chancela da Alta Gestâ”œأ؛o para publicaâ”œآ؛â”œأ؛o dos instrumentos","Dados do monitoramento estratâ”œآ®gico (DAEAD/AE 2.1.1) para alimentar o Relatâ”œâ”‚rio de Gestâ”œأ؛o"}	2026-02-21 12:05:31.311365+00
22	5	2	ICTDEC أ”أ‡أ¶ COEXECUTOR METODOLâ”œأ´GICO	ICTDEC	COEXECUTOR METODOLâ”œأ´GICO	O ICTDEC detâ”œآ®m a competâ”œآ¬ncia tâ”œآ®cnica para definir a metodologia, a estrutura e os templates dos produtos institucionais previstos nesta aâ”œآ؛â”œأ؛o. Sua contribuiâ”œآ؛â”œأ؛o â”œآ® de natureza fundacional: define o أ”أ‡آ£como fazerأ”أ‡أک e entrega os modelos para que a SUOP execute o ciclo recorrente de produâ”œآ؛â”œأ؛o. O ICTDEC nâ”œأ؛o participa da compilaâ”œآ؛â”œأ؛o de dados nem da produâ”œآ؛â”œأ؛o periâ”œâ”‚dica dos instrumentos, salvo quando houver necessidade de revisâ”œأ؛o metodolâ”œâ”‚gica ou atualizaâ”œآ؛â”œأ؛o dos padrâ”œأپes.	{"Definir a metodologia, a estrutura e o conteâ”œâ•‘do mâ”œآ،nimo de cada produto institucional (Portfâ”œâ”‚lio, Relatâ”œâ”‚rio de Gestâ”œأ؛o, Calendâ”œأ­rio, Carta de Serviâ”œآ؛os, instrumentos de apresentaâ”œآ؛â”œأ؛o)","Elaborar os templates padronizados para produâ”œآ؛â”œأ؛o recorrente pela SUOP","Definir padrâ”œأپes de qualidade, formato e identidade visual dos produtos, em articulaâ”œآ؛â”œأ؛o com a Comunicaâ”œآ؛â”œأ؛o Social","Assegurar a coerâ”œآ¬ncia entre a estrutura dos instrumentos e os dados do monitoramento estratâ”œآ®gico (AE 2.1.1) e do portfâ”œâ”‚lio de projetos (AE 2.1.2)","Revisar e atualizar a metodologia e os templates quando necessâ”œأ­rio, com base na experiâ”œآ¬ncia das ediâ”œآ؛â”œأپes produzidas pela SUOP"}	{"Nâ”œأ؛o compilar dados dos â”œâ”‚rgâ”œأ؛os subordinados (competâ”œآ¬ncia da SUOP)","Nâ”œأ؛o produzir as ediâ”œآ؛â”œأپes recorrentes dos instrumentos (ciclo de produâ”œآ؛â”œأ؛o fica com a SUOP)","Nâ”œأ؛o produzir conteâ”œâ•‘do jornalâ”œآ،stico ou peâ”œآ؛as de mâ”œآ،dia (competâ”œآ¬ncia da Comunicaâ”œآ؛â”œأ؛o Social)","Nâ”œأ؛o validar os produtos para publicaâ”œآ؛â”œأ؛o (competâ”œآ¬ncia da SUOP e da Alta Gestâ”œأ؛o)"}	{"Definiâ”œآ؛â”œأ؛o prâ”œآ®via dos produtos a serem instituâ”œآ،dos (validaâ”œآ؛â”œأ؛o da SUOP e da Alta Gestâ”œأ؛o)","Apoio da Comunicaâ”œآ؛â”œأ؛o Social para alinhamento de identidade visual","Retorno da SUOP sobre a aplicabilidade dos templates apâ”œâ”‚s as primeiras ediâ”œآ؛â”œأپes (melhoria contâ”œآ،nua)"}	2026-02-21 12:05:31.311365+00
35	9	2	ICTDEC أ”أ‡أ¶ COEXECUTOR METODOLâ”œأ´GICO	ICTDEC	COEXECUTOR METODOLâ”œأ´GICO	O ICTDEC â”œآ® responsâ”œأ­vel pela formulaâ”œآ؛â”œأ؛o do modelo de gestâ”œأ؛o por competâ”œآ¬ncias e pela elaboraâ”œآ؛â”œأ؛o dos instrumentos de mapeamento. Sua contribuiâ”œآ؛â”œأ؛o abrange a definiâ”œآ؛â”œأ؛o da metodologia, a conduâ”œآ؛â”œأ؛o tâ”œآ®cnica dos mapeamentos de funâ”œآ؛â”œأپes e competâ”œآ¬ncias, e a produâ”œآ؛â”œأ؛o dos diagnâ”œâ”‚sticos de lacuna. O ICTDEC nâ”œأ؛o executa as aâ”œآ؛â”œأپes de desenvolvimento decorrentes (capacitaâ”œآ؛â”œأپes, trilhas) nem decide sobre alocaâ”œآ؛â”œأ؛o de pessoal أ”أ‡أ¶ essas competâ”œآ¬ncias pertencem, respectivamente, â”œأ، ESDEC e â”œأ، Alta Gestâ”œأ؛o.	{"Elaborar o modelo de gestâ”œأ؛o por competâ”œآ¬ncias, definindo conceitos, taxonomia e instrumentos de mapeamento","Conduzir o mapeamento das funâ”œآ؛â”œأپes da estrutura da SEDEC, em articulaâ”œآ؛â”œأ؛o com os â”œâ”‚rgâ”œأ؛os subordinados","Definir as competâ”œآ¬ncias necessâ”œأ­rias e desejâ”œأ­veis para cada funâ”œآ؛â”œأ؛o, a partir dos processos mapeados (AE 2.1.6)","Elaborar instrumentos para mapeamento das competâ”œآ¬ncias da forâ”œآ؛a de trabalho","Produzir os diagnâ”œâ”‚sticos de lacuna (competâ”œآ¬ncias requeridas vs. existentes) e encaminhâ”œأ­-los â”œأ، SUOP","Fornecer insumos tâ”œآ®cnicos â”œأ، ESDEC para orientaâ”œآ؛â”œأ؛o das trilhas de aprendizagem e da grade de capacitaâ”œآ؛â”œأپes (AE 3.1.1)","Formalizar acordos de cooperaâ”œآ؛â”œأ؛o tâ”œآ®cnica com parceiros externos para capacitaâ”œآ؛â”œأپes que a ESDEC nâ”œأ؛o consiga ofertar internamente, a partir das lacunas identificadas","Revisar e atualizar a metodologia com base na experiâ”œآ¬ncia dos primeiros ciclos de aplicaâ”œآ؛â”œأ؛o"}	{"Nâ”œأ؛o executar aâ”œآ؛â”œأپes de capacitaâ”œآ؛â”œأ؛o ou desenvolvimento (competâ”œآ¬ncia da ESDEC)","Nâ”œأ؛o decidir sobre alocaâ”œآ؛â”œأ؛o, movimentaâ”œآ؛â”œأ؛o ou avaliaâ”œآ؛â”œأ؛o de desempenho de pessoal (prerrogativa da SUBSEGOP/Alta Gestâ”œأ؛o)","Nâ”œأ؛o coordenar a implantaâ”œآ؛â”œأ؛o do modelo nos â”œâ”‚rgâ”œأ؛os (competâ”œآ¬ncia da SUOP)","Nâ”œأ؛o mapear competâ”œآ¬ncias sem dados de processos (dependâ”œآ¬ncia da AE 2.1.6)"}	{"Processos mapeados (AE 2.1.6) como insumo para definiâ”œآ؛â”œأ؛o de competâ”œآ¬ncias por funâ”œآ؛â”œأ؛o","Regimentos internos atualizados (AE 2.1.5) que reflitam as funâ”œآ؛â”œأپes e atribuiâ”œآ؛â”œأپes de cada setor","Coordenaâ”œآ؛â”œأ؛o da SUOP para mobilizaâ”œآ؛â”œأ؛o dos â”œâ”‚rgâ”œأ؛os","Informaâ”œآ؛â”œأپes fidedignas dos â”œâ”‚rgâ”œأ؛os subordinados sobre funâ”œآ؛â”œأپes e forâ”œآ؛a de trabalho","Disponibilidade de acesso ao efetivo do CBMERJ para aplicaâ”œآ؛â”œأ؛o do mapeamento de competâ”œآ¬ncias, considerando que a maior parte da forâ”œآ؛a de trabalho da Secretaria integra a Corporaâ”œآ؛â”œأ؛o","Capacidade da ESDEC para absorver os insumos e traduzi-los em aâ”œآ؛â”œأپes de desenvolvimento"}	2026-02-21 12:05:31.311365+00
23	5	3	â”œأ´rgâ”œأ؛os Subordinados (Direâ”œآ؛â”œأپes, Coordenaâ”œآ؛â”œأپes, REDECs e demais setores) أ”أ‡أ¶ FORNECEDORES DE CONTEâ”œأœDO	â”œأ´rgâ”œأ؛os Subordinados (Direâ”œآ؛â”œأپes, Coordenaâ”œآ؛â”œأپes, REDECs e demais setores)	FORNECEDORES DE CONTEâ”œأœDO	Os instrumentos institucionais previstos nesta aâ”œآ؛â”œأ؛o sâ”œâ”‚ tâ”œآ¬m valor se refletirem a realidade das entregas da Secretaria. Os â”œâ”‚rgâ”œأ؛os subordinados sâ”œأ؛o a fonte primâ”œأ­ria das informaâ”œآ؛â”œأپes que alimentam o Portfâ”œâ”‚lio de Atividades, o Relatâ”œâ”‚rio de Gestâ”œأ؛o, a Carta de Serviâ”œآ؛os e os demais produtos. Sem o fornecimento tempestivo e fidedigno desses dados, os instrumentos perdem representatividade e utilidade.	{"Fornecer informaâ”œآ؛â”œأپes sobre suas atividades, resultados e serviâ”œآ؛os conforme formato e prazos definidos pela SUOP","Validar a descriâ”œآ؛â”œأ؛o de suas atribuiâ”œآ؛â”œأپes e serviâ”œآ؛os nos instrumentos de apresentaâ”œآ؛â”œأ؛o e na Carta de Serviâ”œآ؛os","Alimentar o Calendâ”œأ­rio Anual de Atividades com seus eventos e aâ”œآ؛â”œأپes programâ”œأ­ticas","Reportar resultados setoriais para composiâ”œآ؛â”œأ؛o do Relatâ”œâ”‚rio Anual de Gestâ”œأ؛o"}	{"Nâ”œأ؛o produzir instrumentos institucionais de transparâ”œآ¬ncia isolados ou paralelos aos da Secretaria","Nâ”œأ؛o publicar dados institucionais sem observar os padrâ”œأپes definidos para a aâ”œآ؛â”œأ؛o","Nâ”œأ؛o omitir ou distorcer informaâ”œآ؛â”œأپes setoriais (a precisâ”œأ؛o dos instrumentos depende da fidedignidade dos dados fornecidos)"}	{"Formato claro e objetivo para o fornecimento de dados (definido pelo ICTDEC, operacionalizado pela SUOP)","Prazos compatâ”œآ،veis com os ciclos operacionais dos setores","Retorno sobre o uso das informaâ”œآ؛â”œأپes fornecidas (o setor deve ver sua contribuiâ”œآ؛â”œأ؛o refletida nos produtos finais)"}	2026-02-21 12:05:31.311365+00
94	25	7	DGAC أ”أ‡أ¶ CONSCIENTIZAâ”œأ§â”œأ¢O COMUNITâ”œأ¼RIA	DGAC	CONSCIENTIZAâ”œأ§â”œأ¢O COMUNITâ”œأ¼RIA	A DGAC desenvolve percepâ”œآ؛â”œأ؛o de risco e cultura preventiva nas comunidades. Nesta aâ”œآ؛â”œأ؛o, prepara a populaâ”œآ؛â”œأ؛o para compreender os riscos do territâ”œâ”‚rio e adotar comportamentos preventivos, complementando as medidas tâ”œآ®cnicas e estruturais com a dimensâ”œأ؛o humana da prevenâ”œآ؛â”œأ؛o.	{"Desenvolver e executar aâ”œآ؛â”œأپes de percepâ”œآ؛â”œأ؛o de risco e cultura preventiva nas comunidades dos municâ”œآ،pios priorizados","Articular com REDECs e COMDECs a realizaâ”œآ؛â”œأ؛o de aâ”œآ؛â”œأپes comunitâ”œأ­rias","Produzir materiais de orientaâ”œآ؛â”œأ؛o para a populaâ”œآ؛â”œأ؛o sobre prevenâ”œآ؛â”œأ؛o e mitigaâ”œآ؛â”œأ؛o"}	{"Nâ”œأ؛o avaliar riscos tecnicamente (competâ”œآ¬ncia do CEMADEN-RJ e do ICTDEC/CEPEDEC)","Nâ”œأ؛o executar medidas estruturais","Nâ”œأ؛o capacitar agentes municipais (competâ”œآ¬ncia da ESDEC)"}	{"Panoramas de risco do CEMADEN-RJ para direcionar aâ”œآ؛â”œأپes comunitâ”œأ­rias","Apoio das REDECs e COMDECs para execuâ”œآ؛â”œأ؛o territorial","Coordenaâ”œآ؛â”œأ؛o da SUOP para alinhamento de cronograma"}	2026-02-21 12:05:31.311365+00
24	6	1	Alta Gestâ”œأ؛o (SUBSEGOP / Secretâ”œأ­rio) أ”أ‡أ¶ Lâ”œأ¬DER INSTITUCIONAL	Alta Gestâ”œأ؛o (SUBSEGOP / Secretâ”œأ­rio)	Lâ”œأ¬DER INSTITUCIONAL	A cultura organizacional â”œآ® moldada, acima de tudo, pelo exemplo e pelo patrocâ”œآ،nio da lideranâ”œآ؛a. As equipes observam se a Alta Gestâ”œأ؛o adere concretamente aos valores que promove. Sem esse patrocâ”œآ،nio visâ”œآ،vel, aâ”œآ؛â”œأپes de fortalecimento cultural tendem a ser percebidas como exercâ”œآ،cios formais sem consequâ”œآ¬ncia prâ”œأ­tica, o que compromete a adesâ”œأ؛o.	{"Patrocinar institucionalmente o Programa SEDEC 360 e as aâ”œآ؛â”œأپes de cultura dele decorrentes","Definir e chancelar as condutas valorizadas pela instituiâ”œآ؛â”œأ؛o, com base nos valores do Plano Estratâ”œآ®gico","Participar presencialmente, ainda que de forma pontual, nas aâ”œآ؛â”œأپes de fortalecimento cultural e integraâ”œآ؛â”œأ؛o transversal, conferindo visibilidade ao compromisso institucional com a mudanâ”œآ؛a","Participar ativamente das iniciativas de internalizaâ”œآ؛â”œأ؛o da Identidade Estratâ”œآ®gica","Assegurar que as prâ”œأ­ticas de gestâ”œأ؛o (cobranâ”œآ؛a, reconhecimento, alocaâ”œآ؛â”œأ؛o de recursos) sejam coerentes com os valores promovidos","Instituir polâ”œآ،tica de valorizaâ”œآ؛â”œأ؛o do efetivo, reconhecendo contribuiâ”œآ؛â”œأپes alinhadas â”œأ، cultura desejada"}	{"Nâ”œأ؛o elaborar as metodologias de diagnâ”œâ”‚stico ou intervenâ”œآ؛â”œأ؛o cultural (competâ”œآ¬ncia tâ”œآ®cnica do ICTDEC)","Nâ”œأ؛o conduzir tecnicamente as aâ”œآ؛â”œأپes de capacitaâ”œآ؛â”œأ؛o ou oficinas (competâ”œآ¬ncia do ICTDEC)","Nâ”œأ؛o tratar cultura como tema exclusivamente discursivo (as aâ”œآ؛â”œأپes devem se traduzir em prâ”œأ­ticas concretas de gestâ”œأ؛o)"}	{"Metodologias e instrumentos de diagnâ”œâ”‚stico cultural desenvolvidos pelo ICTDEC","Articulaâ”œآ؛â”œأ؛o operacional da SUOP para garantir participaâ”œآ؛â”œأ؛o dos â”œâ”‚rgâ”œأ؛os","Disponibilidade de agenda da Alta Gestâ”œأ؛o para participaâ”œآ؛â”œأ؛o efetiva nas aâ”œآ؛â”œأپes (nâ”œأ؛o apenas chancela formal)"}	2026-02-21 12:05:31.311365+00
25	6	2	ICTDEC أ”أ‡أ¶ EXECUTOR Tâ”œأ«CNICO	ICTDEC	EXECUTOR Tâ”œأ«CNICO	O ICTDEC â”œآ® responsâ”œأ­vel pela formulaâ”œآ؛â”œأ؛o e conduâ”œآ؛â”œأ؛o tâ”œآ®cnica das aâ”œآ؛â”œأپes de fortalecimento da cultura organizacional, no â”œأ³mbito do Programa SEDEC 360. Compete-lhe planejar as intervenâ”œآ؛â”œأپes, desenvolver as metodologias de diagnâ”œâ”‚stico de maturidade institucional e conduzir as aâ”œآ؛â”œأپes de difusâ”œأ؛o da Identidade Estratâ”œآ®gica junto aos â”œâ”‚rgâ”œأ؛os da Secretaria.\nO ICTDEC nâ”œأ؛o define unilateralmente os valores ou as condutas a serem promovidos أ”أ‡أ¶ essa definiâ”œآ؛â”œأ؛o â”œآ® prerrogativa da Alta Gestâ”œأ؛o. O papel do ICTDEC â”œآ® fornecer o mâ”œآ®todo e a estrutura para que a evoluâ”œآ؛â”œأ؛o cultural ocorra de forma planejada, mensurâ”œأ­vel e sustentâ”œأ­vel.	{"Planejar e conduzir as aâ”œآ؛â”œأپes do Programa SEDEC 360 relacionadas ao fortalecimento da cultura e do clima organizacional","Desenvolver a metodologia de diagnâ”œâ”‚stico de clima e maturidade institucional","Conduzir as aâ”œآ؛â”œأپes de difusâ”œأ؛o da Identidade Estratâ”œآ®gica (missâ”œأ؛o, visâ”œأ؛o, valores) junto aos â”œâ”‚rgâ”œأ؛os subordinados","Promover aâ”œآ؛â”œأپes de integraâ”œآ؛â”œأ؛o transversal que fomentem o senso de unidade e o conhecimento mâ”œâ•‘tuo entre setores","Apoiar a Alta Gestâ”œأ؛o na definiâ”œآ؛â”œأ؛o das condutas valorizadas, fornecendo insumos tâ”œآ®cnicos e anâ”œأ­lises de maturidade","Monitorar a evoluâ”œآ؛â”œأ؛o dos indicadores de maturidade institucional e propor ajustes nas aâ”œآ؛â”œأپes","Assegurar a coerâ”œآ¬ncia entre as aâ”œآ؛â”œأپes de cultura e os demais instrumentos de governanâ”œآ؛a em implantaâ”œآ؛â”œأ؛o (gestâ”œأ؛o estratâ”œآ®gica, processos, competâ”œآ¬ncias)"}	{"Nâ”œأ؛o definir valores ou condutas unilateralmente (prerrogativa da Alta Gestâ”œأ؛o)","Nâ”œأ؛o aplicar sanâ”œآ؛â”œأپes disciplinares ou avaliaâ”œآ؛â”œأپes punitivas (a aâ”œآ؛â”œأ؛o â”œآ® de desenvolvimento, nâ”œأ؛o de controle)","Nâ”œأ؛o substituir as chefias setoriais na conduâ”œآ؛â”œأ؛o do clima em seus â”œâ”‚rgâ”œأ؛os (o ICTDEC fornece mâ”œآ®todo, nâ”œأ؛o gestâ”œأ؛o direta)","Nâ”œأ؛o tratar as aâ”œآ؛â”œأپes de cultura como eventos isolados (a evoluâ”œآ؛â”œأ؛o cultural â”œآ® contâ”œآ،nua e cumulativa)"}	{"Patrocâ”œآ،nio visâ”œآ،vel e participaâ”œآ؛â”œأ؛o efetiva da Alta Gestâ”œأ؛o","Articulaâ”œآ؛â”œأ؛o operacional da SUOP para garantir participaâ”œآ؛â”œأ؛o dos â”œâ”‚rgâ”œأ؛os subordinados","Tempo protegido para as aâ”œآ؛â”œأپes de cultura (nâ”œأ؛o absorvido por demandas operacionais urgentes)","Abertura das chefias setoriais para aâ”œآ؛â”œأپes de diagnâ”œâ”‚stico e integraâ”œآ؛â”œأ؛o (sem percepâ”œآ؛â”œأ؛o de fiscalizaâ”œآ؛â”œأ؛o)","Dados do monitoramento estratâ”œآ®gico (AE 2.1.1) para correlacionar evoluâ”œآ؛â”œأ؛o cultural com desempenho institucional"}	2026-02-21 12:05:31.311365+00
26	6	3	SUOP (sob aval da SUBSEGOP) أ”أ‡أ¶ ARTICULADOR OPERACIONAL	SUOP (sob aval da SUBSEGOP)	ARTICULADOR OPERACIONAL	A SUOP garante que os â”œâ”‚rgâ”œأ؛os subordinados participem das aâ”œآ؛â”œأپes de cultura e integraâ”œآ؛â”œأ؛o promovidas pelo ICTDEC. Sem essa articulaâ”œآ؛â”œأ؛o, as aâ”œآ؛â”œأپes alcanâ”œآ؛am apenas os setores mais prâ”œâ”‚ximos do nâ”œâ•‘cleo de planejamento, sem atingir os â”œâ”‚rgâ”œأ؛os operacionais e regionais que constituem a maior parte da forâ”œآ؛a de trabalho.	{"Garantir a participaâ”œآ؛â”œأ؛o dos â”œâ”‚rgâ”œأ؛os subordinados nas aâ”œآ؛â”œأپes de cultura e integraâ”œآ؛â”œأ؛o transversal","Participar presencialmente, ainda que de forma pontual, nas aâ”œآ؛â”œأپes de fortalecimento cultural, reforâ”œآ؛ando perante os â”œâ”‚rgâ”œأ؛os subordinados a relevâ”œأ³ncia institucional das iniciativas","Facilitar a logâ”œآ،stica de participaâ”œآ؛â”œأ؛o (liberaâ”œآ؛â”œأ؛o de pessoal, agenda, priorizaâ”œآ؛â”œأ؛o)","Comunicar aos â”œâ”‚rgâ”œأ؛os o propâ”œâ”‚sito e a relevâ”œأ³ncia das aâ”œآ؛â”œأپes, reforâ”œآ؛ando a mensagem da Alta Gestâ”œأ؛o","Sinalizar ao ICTDEC dificuldades ou resistâ”œآ¬ncias identificadas na participaâ”œآ؛â”œأ؛o dos setores"}	{"Nâ”œأ؛o elaborar metodologias de cultura ou diagnâ”œâ”‚stico (competâ”œآ¬ncia do ICTDEC)","Nâ”œأ؛o conduzir tecnicamente as aâ”œآ؛â”œأپes de integraâ”œآ؛â”œأ؛o ou capacitaâ”œآ؛â”œأ؛o (competâ”œآ¬ncia do ICTDEC)","Nâ”œأ؛o definir valores ou condutas (prerrogativa da Alta Gestâ”œأ؛o)"}	{"Calendâ”œأ­rio de aâ”œآ؛â”œأپes definido pelo ICTDEC com antecedâ”œآ¬ncia","Patrocâ”œآ،nio da Alta Gestâ”œأ؛o (confere legitimidade â”œأ، convocaâ”œآ؛â”œأ؛o)","Flexibilidade para ajustar agenda operacional dos â”œâ”‚rgâ”œأ؛os"}	2026-02-21 12:05:31.311365+00
27	6	4	â”œأ´rgâ”œأ؛os Subordinados (Direâ”œآ؛â”œأپes, Coordenaâ”œآ؛â”œأپes, REDECs e demais setores) أ”أ‡أ¶ PARTICIPANTES E MULTIPLICADORES	â”œأ´rgâ”œأ؛os Subordinados (Direâ”œآ؛â”œأپes, Coordenaâ”œآ؛â”œأپes, REDECs e demais setores)	PARTICIPANTES E MULTIPLICADORES	A cultura organizacional se constrâ”œâ”‚i na prâ”œأ­tica diâ”œأ­ria dos setores. Os â”œâ”‚rgâ”œأ؛os subordinados sâ”œأ؛o simultaneamente os destinatâ”œأ­rios das aâ”œآ؛â”œأپes de fortalecimento cultural e os agentes que as incorporam â”œأ، rotina. As chefias setoriais tâ”œآ¬m papel especialmente relevante como multiplicadores: â”œآ® no nâ”œآ،vel da gestâ”œأ؛o imediata que os valores sâ”œأ؛o vivenciados ou ignorados.	{"Participar das aâ”œآ؛â”œأپes de internalizaâ”œآ؛â”œأ؛o da Identidade Estratâ”œآ®gica e integraâ”œآ؛â”œأ؛o transversal promovidas pelo ICTDEC","Incorporar as condutas valorizadas nas prâ”œأ­ticas de gestâ”œأ؛o cotidiana do setor","Contribuir com os diagnâ”œâ”‚sticos de clima e maturidade institucional, fornecendo percepâ”œآ؛â”œأپes fidedignas","Atuar como multiplicadores das prâ”œأ­ticas de cultura junto â”œأ،s equipes, especialmente por meio das chefias setoriais","Sinalizar necessidades e dificuldades especâ”œآ،ficas do setor que impactem o clima organizacional"}	{"Nâ”œأ؛o definir valores ou condutas institucionais unilateralmente (definiâ”œآ؛â”œأ؛o â”œآ® institucional, chancelada pela Alta Gestâ”œأ؛o)","Nâ”œأ؛o conduzir aâ”œآ؛â”œأپes de cultura isoladas ou paralelas â”œأ،s aâ”œآ؛â”œأپes institucionais","Nâ”œأ؛o tratar os diagnâ”œâ”‚sticos de clima como avaliaâ”œآ؛â”œأ؛o de desempenho individual (sâ”œأ؛o instrumentos de desenvolvimento institucional)"}	{"Aâ”œآ؛â”œأپes planejadas com antecedâ”œآ¬ncia e compatâ”œآ،veis com os ciclos operacionais dos setores","Coesâ”œأ؛o entre o discurso institucional e as prâ”œأ­ticas de gestâ”œأ؛o (a Alta Gestâ”œأ؛o deve liderar pelo exemplo)","Retorno sobre os diagnâ”œâ”‚sticos realizados (o setor precisa ver que sua participaâ”œآ؛â”œأ؛o gera aâ”œآ؛â”œأ؛o)","Capacitaâ”œآ؛â”œأ؛o das chefias setoriais em prâ”œأ­ticas de gestâ”œأ؛o de pessoas e lideranâ”œآ؛a (AE 2.1.7 e AE 3.1.1)"}	2026-02-21 12:05:31.311365+00
28	7	1	SUOP (sob aval da SUBSEGOP) أ”أ‡أ¶ Lâ”œأ¬DER COORDENADOR	SUOP (sob aval da SUBSEGOP)	Lâ”œأ¬DER COORDENADOR	A revisâ”œأ؛o periâ”œâ”‚dica de normas internas exige coordenaâ”œآ؛â”œأ؛o entre mâ”œâ•‘ltiplos setores, pois as normas regulam atividades transversais. A SUOP, como â”œâ”‚rgâ”œأ؛o de integraâ”œآ؛â”œأ؛o operacional, â”œآ® a instâ”œأ³ncia com capacidade de mobilizar os â”œâ”‚rgâ”œأ؛os, constituir e coordenar os Grupos de Trabalho e assegurar que o ciclo de revisâ”œأ؛o se cumpra dentro dos prazos. Sem essa coordenaâ”œآ؛â”œأ؛o centralizada, as revisâ”œأپes tendem a ocorrer de forma reativa (apenas quando surgem problemas) e fragmentada.	{"Coordenar o ciclo de revisâ”œأ؛o normativa, utilizando a metodologia e o calendâ”œأ­rio definidos pelo ICTDEC","Constituir e coordenar os Grupos de Trabalho (GTs) para aprimoramento das normas internas, com participaâ”œآ؛â”œأ؛o dos â”œâ”‚rgâ”œأ؛os afetados","Mobilizar os â”œâ”‚rgâ”œأ؛os subordinados para o fornecimento de insumos e validaâ”œآ؛â”œأ؛o tâ”œآ®cnica das minutas","Incluir no Calendâ”œأ­rio Anual de Atividades da SEDEC (AE 2.1.3) o perâ”œآ،odo dedicado â”œأ، revisâ”œأ؛o das normas internas","Encaminhar as minutas revisadas para parecer da ASSEJUR e posterior aprovaâ”œآ؛â”œأ؛o da Alta Gestâ”œأ؛o","Manter registro formal das revisâ”œأپes realizadas, incluindo justificativa e data de vigâ”œآ¬ncia"}	{"Nâ”œأ؛o definir a metodologia de revisâ”œأ؛o normativa (competâ”œآ¬ncia do ICTDEC)","Nâ”œأ؛o emitir parecer jurâ”œآ،dico sobre as normas revisadas (competâ”œآ¬ncia da ASSEJUR)","Nâ”œأ؛o aprovar normas sem chancela da Alta Gestâ”œأ؛o","Nâ”œأ؛o tratar normas externas (legislaâ”œآ؛â”œأ؛o federal e estadual) أ”أ‡أ¶ escopo da AE 7.1.1"}	{"Metodologia, ciclos e templates de revisâ”œأ؛o definidos pelo ICTDEC","Parecer jurâ”œآ،dico da ASSEJUR para validaâ”œآ؛â”œأ؛o das minutas revisadas","Comprometimento dos â”œâ”‚rgâ”œأ؛os subordinados com a participaâ”œآ؛â”œأ؛o nos GTs e fornecimento de insumos","Chancela da Alta Gestâ”œأ؛o para publicaâ”œآ؛â”œأ؛o das normas revisadas","Coletâ”œأ³nea atualizada do arcabouâ”œآ؛o normativo vigente (produto inicial do ICTDEC)"}	2026-02-21 12:05:31.311365+00
29	7	2	ICTDEC أ”أ‡أ¶ COEXECUTOR METODOLâ”œأ´GICO	ICTDEC	COEXECUTOR METODOLâ”œأ´GICO	O ICTDEC â”œآ® responsâ”œأ­vel pela formulaâ”œآ؛â”œأ؛o da metodologia de revisâ”œأ؛o normativa, pelo mapeamento inicial do arcabouâ”œآ؛o vigente e pela geraâ”œآ؛â”œأ؛o da coletâ”œأ³nea de normas internas. Sua contribuiâ”œآ؛â”œأ؛o â”œآ® de natureza fundacional e metodolâ”œâ”‚gica: define o ciclo de revisâ”œأ؛o (periodicidade, critâ”œآ®rios de priorizaâ”œآ؛â”œأ؛o, templates), entrega os instrumentos para que a SUOP execute o processo de forma recorrente, e revisa os padrâ”œأپes quando necessâ”œأ­rio. O ICTDEC nâ”œأ؛o coordena os GTs nem conduz o ciclo operacional de revisâ”œأ؛o.	{"Mapear o conjunto de normas internas vigentes na Secretaria (regimentos, protocolos, NGAs, ordens de serviâ”œآ؛o e demais instrumentos) e gerar a coletâ”œأ³nea inicial","Definir a metodologia de revisâ”œأ؛o normativa: periodicidade dos ciclos, critâ”œآ®rios de priorizaâ”œآ؛â”œأ؛o (normas crâ”œآ،ticas vs. acessâ”œâ”‚rias), templates de anâ”œأ­lise e formato de registro","Estabelecer critâ”œآ®rios para classificaâ”œآ؛â”œأ؛o das normas por status (vigente, em revisâ”œأ؛o, obsoleta)","Assegurar a coerâ”œآ¬ncia entre as normas internas revisadas e os processos mapeados na gestâ”œأ؛o de processos (AE 2.1.6)","Revisar e atualizar a metodologia de revisâ”œأ؛o com base na experiâ”œآ¬ncia dos ciclos conduzidos pela SUOP"}	{"Nâ”œأ؛o coordenar os Grupos de Trabalho de revisâ”œأ؛o (competâ”œآ¬ncia da SUOP)","Nâ”œأ؛o conduzir o ciclo operacional recorrente de revisâ”œأ؛o (competâ”œآ¬ncia da SUOP)","Nâ”œأ؛o emitir parecer jurâ”œآ،dico (competâ”œآ¬ncia da ASSEJUR)","Nâ”œأ؛o aprovar normas (competâ”œآ¬ncia da Alta Gestâ”œأ؛o)","Nâ”œأ؛o tratar normas externas (escopo da AE 7.1.1)"}	{"Acesso ao repositâ”œâ”‚rio existente de normas internas (disperso ou centralizado)","Apoio da ASSEJUR para identificaâ”œآ؛â”œأ؛o de normas com risco de conflito legal","Informaâ”œآ؛â”œأپes sobre processos mapeados (AE 2.1.6) para cruzamento com normas vigentes","Retorno da SUOP sobre a aplicabilidade da metodologia apâ”œâ”‚s os primeiros ciclos"}	2026-02-21 12:05:31.311365+00
30	7	3	â”œأ´rgâ”œأ؛os Subordinados (Direâ”œآ؛â”œأپes, Coordenaâ”œآ؛â”œأپes, REDECs e demais setores) أ”أ‡أ¶ PROPONENTES E VALIDADORES Tâ”œأ«CNICOS	â”œأ´rgâ”œأ؛os Subordinados (Direâ”œآ؛â”œأپes, Coordenaâ”œآ؛â”œأپes, REDECs e demais setores)	PROPONENTES E VALIDADORES Tâ”œأ«CNICOS	Os â”œâ”‚rgâ”œأ؛os que operam sob as normas internas sâ”œأ؛o os primeiros a identificar lacunas, ambiguidades, obsolescâ”œآ¬ncias ou conflitos com a prâ”œأ­tica operacional. Sua participaâ”œآ؛â”œأ؛o no processo de revisâ”œأ؛o â”œآ® indispensâ”œأ­vel para que as normas revisadas sejam tecnicamente adequadas e operacionalmente aplicâ”œأ­veis. Sem esse insumo, a revisâ”œأ؛o corre o risco de produzir normas formalmente corretas, mas desconectadas da realidade de quem as executa.	{"Identificar e reportar â”œأ، SUOP normas internas obsoletas, ambâ”œآ،guas, conflitantes ou com lacunas operacionais","Participar dos Grupos de Trabalho constituâ”œآ،dos para revisâ”œأ؛o das normas que afetam suas atividades","Validar tecnicamente as minutas revisadas, atestando a aplicabilidade â”œأ، rotina operacional do setor","Adotar as normas revisadas apâ”œâ”‚s sua aprovaâ”œآ؛â”œأ؛o, incorporando-as â”œأ،s prâ”œأ­ticas do setor"}	{"Nâ”œأ؛o alterar normas internas sem processo formal de revisâ”œأ؛o (a padronizaâ”œآ؛â”œأ؛o â”œآ® institucional)","Nâ”œأ؛o aprovar revisâ”œأپes unilateralmente (toda revisâ”œأ؛o passa por GT, ASSEJUR e Alta Gestâ”œأ؛o)","Nâ”œأ؛o criar normas paralelas para suprir lacunas percebidas (a lacuna deve ser reportada para tratamento institucional)"}	{"Canal claro e acessâ”œآ،vel para reportar necessidades de revisâ”œأ؛o normativa (definido pela SUOP)","Calendâ”œأ­rio de revisâ”œأ؛o conhecido com antecedâ”œآ¬ncia para planejamento da participaâ”œآ؛â”œأ؛o nos GTs","Retorno sobre as proposiâ”œآ؛â”œأپes apresentadas (o setor deve saber se sua contribuiâ”œآ؛â”œأ؛o foi incorporada, adaptada ou descartada, e por quâ”œآ¬)","Normas revisadas divulgadas de forma acessâ”œآ،vel e com orientaâ”œآ؛â”œأ؛o sobre as alteraâ”œآ؛â”œأپes realizadas"}	2026-02-21 12:05:31.311365+00
31	8	1	SUOP (sob aval da SUBSEGOP) أ”أ‡أ¶ Lâ”œأ¬DER COORDENADOR E SUPERVISOR	SUOP (sob aval da SUBSEGOP)	Lâ”œأ¬DER COORDENADOR E SUPERVISOR	A gestâ”œأ؛o de processos exige coordenaâ”œآ؛â”œأ؛o transversal, pois os processos finalâ”œآ،sticos frequentemente cruzam fronteiras entre â”œâ”‚rgâ”œأ؛os. A SUOP, como instâ”œأ³ncia de integraâ”œآ؛â”œأ؛o operacional, â”œآ® quem articula a participaâ”œآ؛â”œأ؛o dos setores na fase de implantaâ”œآ؛â”œأ؛o e, apâ”œâ”‚s esta, supervisiona a manutenâ”œآ؛â”œأ؛o descentralizada pelos â”œâ”‚rgâ”œأ؛os. Cabe tambâ”œآ®m â”œأ، SUOP validar a priorizaâ”œآ؛â”œأ؛o dos processos a serem mapeados, assegurando alinhamento â”œأ، estratâ”œآ®gia.	{"Coordenar a implantaâ”œآ؛â”œأ؛o da gestâ”œأ؛o de processos, assegurando a participaâ”œآ؛â”œأ؛o dos â”œâ”‚rgâ”œأ؛os nas oficinas de mapeamento conduzidas pelo ICTDEC","Validar a priorizaâ”œآ؛â”œأ؛o dos processos a serem mapeados, em articulaâ”œآ؛â”œأ؛o com a Alta Gestâ”œأ؛o","Supervisionar a manutenâ”œآ؛â”œأ؛o descentralizada dos processos mapeados pelos â”œâ”‚rgâ”œأ؛os subordinados","Destravar gargalos de participaâ”œآ؛â”œأ؛o (liberaâ”œآ؛â”œأ؛o de pessoal, agenda, engajamento dos setores)","Integrar o calendâ”œأ­rio de oficinas e revisâ”œأپes de processos ao planejamento operacional da Superintendâ”œآ¬ncia","Articular com o ICTDEC a resoluâ”œآ؛â”œأ؛o de interfaces crâ”œآ،ticas entre processos de â”œâ”‚rgâ”œأ؛os distintos","Manter o repositâ”œâ”‚rio institucional de processos mapeados, validando e incorporando as atualizaâ”œآ؛â”œأپes encaminhadas pelos â”œâ”‚rgâ”œأ؛os subordinados"}	{"Nâ”œأ؛o definir a metodologia de gestâ”œأ؛o de processos (competâ”œآ¬ncia do ICTDEC)","Nâ”œأ؛o conduzir as oficinas de mapeamento (competâ”œآ¬ncia do ICTDEC)","Nâ”œأ؛o mapear processos diretamente (competâ”œآ¬ncia dos â”œâ”‚rgâ”œأ؛os com apoio do ICTDEC)"}	{"Metodologia de gestâ”œأ؛o de processos e estrutura do repositâ”œâ”‚rio definidas pelo ICTDEC","Comprometimento dos â”œâ”‚rgâ”œأ؛os subordinados com a participaâ”œآ؛â”œأ؛o nas oficinas e o encaminhamento de atualizaâ”œآ؛â”œأپes","Ferramenta ou mecanismo para manutenâ”œآ؛â”œأ؛o do repositâ”œâ”‚rio (definido pelo ICTDEC, operado pela SUOP)","Tempo protegido das equipes dos â”œâ”‚rgâ”œأ؛os para participaâ”œآ؛â”œأ؛o nas oficinas"}	2026-02-21 12:05:31.311365+00
32	8	2	ICTDEC أ”أ‡أ¶ COEXECUTOR METODOLâ”œأ´GICO	ICTDEC	COEXECUTOR METODOLâ”œأ´GICO	O ICTDEC â”œآ® responsâ”œأ­vel pela formulaâ”œآ؛â”œأ؛o da metodologia organizacional de gestâ”œأ؛o de processos e pela conduâ”œآ؛â”œأ؛o dos mapeamentos iniciais. Sua contribuiâ”œآ؛â”œأ؛o divide-se em duas fases: na implantaâ”œآ؛â”œأ؛o, define a metodologia, conduz as oficinas de mapeamento com os â”œâ”‚rgâ”œأ؛os e capacita as equipes; na manutenâ”œآ؛â”œأ؛o, atua como consultor metodolâ”œâ”‚gico, apoiando eventuais atualizaâ”œآ؛â”œأپes da metodologia ou mapeamentos de maior complexidade, sem assumir a responsabilidade recorrente de manter os processos de cada setor.	{"Estabelecer a metodologia organizacional de gestâ”œأ؛o de processos, incluindo padrâ”œأپes de notaâ”œآ؛â”œأ؛o, nâ”œآ،veis de detalhamento e critâ”œآ®rios de priorizaâ”œآ؛â”œأ؛o","Conduzir as oficinas de mapeamento de processos junto aos â”œâ”‚rgâ”œأ؛os subordinados, com foco prioritâ”œأ­rio nos processos finalâ”œآ،sticos","Capacitar os â”œâ”‚rgâ”œأ؛os subordinados para que mantenham seus processos mapeados de forma autâ”œâ”¤noma","Apoiar a seleâ”œآ؛â”œأ؛o e configuraâ”œآ؛â”œأ؛o de ferramenta ou mecanismo para registro e gerenciamento dos processos","Difundir os fundamentos da gestâ”œأ؛o de processos na instituiâ”œآ؛â”œأ؛o","Atuar como consultor metodolâ”œâ”‚gico apâ”œâ”‚s a implantaâ”œآ؛â”œأ؛o, apoiando atualizaâ”œآ؛â”œأپes de maior complexidade ou revisâ”œأپes da metodologia","Assegurar a coerâ”œآ¬ncia entre os processos mapeados e as normas internas (AE 2.1.5) e as competâ”œآ¬ncias requeridas por funâ”œآ؛â”œأ؛o (AE 2.1.7)"}	{"Nâ”œأ؛o manter os processos de outros â”œâ”‚rgâ”œأ؛os (responsabilidade do setor que executa o processo)","Nâ”œأ؛o supervisionar o ciclo recorrente de manutenâ”œآ؛â”œأ؛o (competâ”œآ¬ncia da SUOP)","Nâ”œأ؛o priorizar quais processos serâ”œأ؛o mapeados (validaâ”œآ؛â”œأ؛o da SUOP/Alta Gestâ”œأ؛o)","Nâ”œأ؛o mapear todos os processos da Secretaria (a implantaâ”œآ؛â”œأ؛o â”œآ® gradual, priorizando processos finalâ”œآ،sticos crâ”œآ،ticos)"}	{"Priorizaâ”œآ؛â”œأ؛o dos processos a serem mapeados (SUOP/Alta Gestâ”œأ؛o)","Participaâ”œآ؛â”œأ؛o efetiva dos â”œâ”‚rgâ”œأ؛os subordinados nas oficinas","Tempo protegido da equipe do ICTDEC para conduâ”œآ؛â”œأ؛o das oficinas","Acesso â”œأ،s normas internas vigentes (AE 2.1.5) para cruzamento com os processos mapeados"}	2026-02-21 12:05:31.311365+00
33	8	3	â”œأ´rgâ”œأ؛os Subordinados (Direâ”œآ؛â”œأپes, Coordenaâ”œآ؛â”œأپes, REDECs e demais setores) أ”أ‡أ¶ PARTICIPANTES, EXECUTORES E PROPONENTES DE ATUALIZAâ”œأ§â”œأ¢O	â”œأ´rgâ”œأ؛os Subordinados (Direâ”œآ؛â”œأپes, Coordenaâ”œآ؛â”œأپes, REDECs e demais setores)	PARTICIPANTES, EXECUTORES E PROPONENTES DE ATUALIZAâ”œأ§â”œأ¢O	Os â”œâ”‚rgâ”œأ؛os subordinados tâ”œآ¬m trâ”œآ¬s papâ”œآ®is distintos nesta aâ”œآ؛â”œأ؛o. Na implantaâ”œآ؛â”œأ؛o, participam das oficinas de mapeamento conduzidas pelo ICTDEC, contribuindo com o conhecimento operacional sobre como os processos realmente funcionam. Na operaâ”œآ؛â”œأ؛o, executam seus processos conforme os fluxos padronizados. Na manutenâ”œآ؛â”œأ؛o, identificam necessidades de atualizaâ”œآ؛â”œأ؛o e encaminham as propostas â”œأ، SUOP para validaâ”œآ؛â”œأ؛o e incorporaâ”œآ؛â”œأ؛o ao repositâ”œâ”‚rio. Tâ”œآ¬m acesso de leitura e download das fichas de processos no repositâ”œâ”‚rio institucional.	{"Participar das oficinas de mapeamento conduzidas pelo ICTDEC, contribuindo com conhecimento operacional","Executar os processos conforme os fluxos padronizados e validados","Identificar necessidades de atualizaâ”œآ؛â”œأ؛o nos processos e encaminhar propostas â”œأ، SUOP para validaâ”œآ؛â”œأ؛o e incorporaâ”œآ؛â”œأ؛o ao repositâ”œâ”‚rio","Reportar gargalos, interfaces crâ”œآ،ticas e oportunidades de melhoria nos processos","Participar das capacitaâ”œآ؛â”œأپes em gestâ”œأ؛o de processos promovidas pelo ICTDEC"}	{"Nâ”œأ؛o criar metodologias prâ”œâ”‚prias de mapeamento (a padronizaâ”œآ؛â”œأ؛o â”œآ® institucional)","Nâ”œأ؛o alterar processos padronizados sem validaâ”œآ؛â”œأ؛o da SUOP","Nâ”œأ؛o sobrescrever fichas diretamente no repositâ”œâ”‚rio (toda atualizaâ”œآ؛â”œأ؛o passa pela SUOP para validaâ”œآ؛â”œأ؛o)"}	{"Metodologia clara, objetiva e compatâ”œآ،vel com a capacidade operacional dos setores","Capacitaâ”œآ؛â”œأ؛o adequada para identificaâ”œآ؛â”œأ؛o de necessidades de atualizaâ”œآ؛â”œأ؛o (ICTDEC)","Acesso de leitura e download das fichas de processos no repositâ”œâ”‚rio institucional mantido pela SUOP","Consultoria metodolâ”œâ”‚gica do ICTDEC para situaâ”œآ؛â”œأپes de maior complexidade","Canal claro para encaminhamento de propostas de atualizaâ”œآ؛â”œأ؛o â”œأ، SUOP"}	2026-02-21 12:05:31.311365+00
34	9	1	SUOP (sob aval da SUBSEGOP) أ”أ‡أ¶ Lâ”œأ¬DER COORDENADOR	SUOP (sob aval da SUBSEGOP)	Lâ”œأ¬DER COORDENADOR	A gestâ”œأ؛o por competâ”œآ¬ncias impacta diretamente a rotina de todos os â”œâ”‚rgâ”œأ؛os da Secretaria e toca em temas sensâ”œآ،veis (alocaâ”œآ؛â”œأ؛o, avaliaâ”œآ؛â”œأ؛o, desenvolvimento). A SUOP, como â”œâ”‚rgâ”œأ؛o de integraâ”œآ؛â”œأ؛o operacional, coordena a implantaâ”œآ؛â”œأ؛o junto aos setores e assegura que o modelo seja aplicado de forma uniforme. A SUBSEGOP patrocina institucionalmente a aâ”œآ؛â”œأ؛o, conferindo a legitimidade necessâ”œأ­ria para que os mapeamentos e diagnâ”œâ”‚sticos tenham adesâ”œأ؛o.	{"Coordenar a implantaâ”œآ؛â”œأ؛o do modelo de gestâ”œأ؛o por competâ”œآ¬ncias, assegurando a participaâ”œآ؛â”œأ؛o dos â”œâ”‚rgâ”œأ؛os","Mobilizar os â”œâ”‚rgâ”œأ؛os subordinados para o fornecimento de informaâ”œآ؛â”œأپes sobre funâ”œآ؛â”œأپes e competâ”œآ¬ncias","Validar os mapeamentos de funâ”œآ؛â”œأپes e competâ”œآ¬ncias elaborados pelo ICTDEC, em articulaâ”œآ؛â”œأ؛o com os â”œâ”‚rgâ”œأ؛os afetados","Supervisionar a aplicaâ”œآ؛â”œأ؛o do modelo pelos â”œâ”‚rgâ”œأ؛os subordinados apâ”œâ”‚s a implantaâ”œآ؛â”œأ؛o","Articular com a ESDEC para que as lacunas de competâ”œآ¬ncia identificadas se traduzam em aâ”œآ؛â”œأپes de desenvolvimento","Reportar â”œأ، SUBSEGOP os resultados dos diagnâ”œâ”‚sticos para subsidiar decisâ”œأپes de gestâ”œأ؛o de pessoas"}	{"Nâ”œأ؛o definir a metodologia de gestâ”œأ؛o por competâ”œآ¬ncias (competâ”œآ¬ncia do ICTDEC)","Nâ”œأ؛o conduzir tecnicamente os mapeamentos (competâ”œآ¬ncia do ICTDEC)","Nâ”œأ؛o executar aâ”œآ؛â”œأپes de capacitaâ”œآ؛â”œأ؛o (competâ”œآ¬ncia da ESDEC)","Nâ”œأ؛o decidir unilateralmente movimentaâ”œآ؛â”œأ؛o ou alocaâ”œآ؛â”œأ؛o de pessoal com base nos diagnâ”œâ”‚sticos (prerrogativa da SUBSEGOP/Alta Gestâ”œأ؛o)"}	{"Metodologia e instrumentos de mapeamento definidos pelo ICTDEC","Patrocâ”œآ،nio institucional da SUBSEGOP","Processos mapeados (AE 2.1.6) como insumo para definiâ”œآ؛â”œأ؛o de competâ”œآ¬ncias por funâ”œآ؛â”œأ؛o","Regimentos internos atualizados (AE 2.1.5) como base formal para o mapeamento de funâ”œآ؛â”œأپes","Comprometimento dos â”œâ”‚rgâ”œأ؛os subordinados com o fornecimento de informaâ”œآ؛â”œأپes fidedignas","Capacidade da ESDEC para absorver as demandas de desenvolvimento geradas pelos diagnâ”œâ”‚sticos"}	2026-02-21 12:05:31.311365+00
36	9	3	ESDEC أ”أ‡أ¶ COEXECUTORA DE DESENVOLVIMENTO	ESDEC	COEXECUTORA DE DESENVOLVIMENTO	A ESDEC â”œآ® a instâ”œأ³ncia que traduz os diagnâ”œâ”‚sticos de lacuna em aâ”œآ؛â”œأپes concretas de desenvolvimento. O mapeamento de competâ”œآ¬ncias sâ”œâ”‚ gera valor institucional quando as lacunas identificadas se transformam em trilhas de aprendizagem, capacitaâ”œآ؛â”œأپes e programas de desenvolvimento. Sem essa conexâ”œأ؛o, o modelo fica restrito ao diagnâ”œâ”‚stico, sem produzir mudanâ”œآ؛a efetiva na capacidade da forâ”œآ؛a de trabalho.	{"Receber os diagnâ”œâ”‚sticos de lacuna produzidos pelo ICTDEC e utilizâ”œأ­-los como insumo para a grade de capacitaâ”œآ؛â”œأپes (AE 3.1.1)","Estruturar trilhas de aprendizagem orientadas pelas competâ”œآ¬ncias requeridas para cada funâ”œآ؛â”œأ؛o","Adequar a oferta de cursos e programas de desenvolvimento â”œأ،s prioridades identificadas nos mapeamentos","Identificar competâ”œآ¬ncias cuja capacitaâ”œآ؛â”œأ؛o nâ”œأ؛o pode ser ofertada internamente e articular, em conjunto com o ICTDEC, a busca de parceiros externos para suprir essas lacunas","Registrar e reportar a evoluâ”œآ؛â”œأ؛o das capacitaâ”œآ؛â”œأپes realizadas, permitindo a atualizaâ”œآ؛â”œأ؛o dos diagnâ”œâ”‚sticos de lacuna"}	{"Nâ”œأ؛o definir quais competâ”œآ¬ncias sâ”œأ؛o requeridas para cada funâ”œآ؛â”œأ؛o (competâ”œآ¬ncia do ICTDEC com base nos processos mapeados)","Nâ”œأ؛o conduzir o mapeamento de competâ”œآ¬ncias da forâ”œآ؛a de trabalho (competâ”œآ¬ncia do ICTDEC)","Nâ”œأ؛o decidir sobre alocaâ”œآ؛â”œأ؛o ou movimentaâ”œآ؛â”œأ؛o de pessoal (prerrogativa da SUBSEGOP/Alta Gestâ”œأ؛o)"}	{"Diagnâ”œâ”‚sticos de lacuna produzidos pelo ICTDEC, com priorizaâ”œآ؛â”œأ؛o clara das competâ”œآ¬ncias mais crâ”œآ،ticas","Recursos e capacidade operacional para ampliar ou adequar a grade de cursos","Articulaâ”œآ؛â”œأ؛o com a SUOP para liberaâ”œآ؛â”œأ؛o do efetivo dos â”œâ”‚rgâ”œأ؛os para participaâ”œآ؛â”œأ؛o nas capacitaâ”œآ؛â”œأپes","Formalizaâ”œآ؛â”œأ؛o de acordos de cooperaâ”œآ؛â”œأ؛o tâ”œآ®cnica com parceiros externos pelo ICTDEC, para capacitaâ”œآ؛â”œأپes que a ESDEC nâ”œأ؛o consiga ofertar internamente"}	2026-02-21 12:05:31.311365+00
82	24	2	SUOP (sob aval da SUBSEGOP) أ”أ‡أ¶ COORDENADOR OPERACIONAL	SUOP (sob aval da SUBSEGOP)	COORDENADOR OPERACIONAL	Aâ”œآ؛â”œأ؛o que envolve mâ”œâ•‘ltiplos â”œâ”‚rgâ”œأ؛os (CEMADEN-RJ, DGDEC, REDECs, ESDEC, DGAC) exige coordenaâ”œآ؛â”œأ؛o operacional centralizada. A SUOP comanda os â”œâ”‚rgâ”œأ؛os setoriais e coordena aâ”œآ؛â”œأپes multissetoriais. Nesta aâ”œآ؛â”œأ؛o, compete-lhe definir a priorizaâ”œآ؛â”œأ؛o de municâ”œآ،pios, articular os recursos e assegurar que o modelo de fomento seja executado de forma integrada, sob o respaldo polâ”œآ،tico da SUBSEGOP.	{"Coordenar a atuaâ”œآ؛â”œأ؛o integrada dos â”œâ”‚rgâ”œأ؛os envolvidos, assegurando alinhamento de cronogramas e recursos","Definir critâ”œآ®rios de priorizaâ”œآ؛â”œأ؛o de municâ”œآ،pios para implantaâ”œآ؛â”œأ؛o e capacitaâ”œآ؛â”œأ؛o","Articular recursos orâ”œآ؛amentâ”œأ­rios e logâ”œآ،sticos necessâ”œأ­rios","Monitorar o avanâ”œآ؛o da transferâ”œآ¬ncia de responsabilidade e reportar â”œأ، SUBSEGOP"}	{"Nâ”œأ؛o assumir posicionamento polâ”œآ،tico perante â”œâ”‚rgâ”œأ؛os de controle (competâ”œآ¬ncia da SUBSEGOP)","Nâ”œأ؛o executar na ponta (competâ”œآ¬ncia das REDECs e â”œâ”‚rgâ”œأ؛os tâ”œآ®cnicos)","Nâ”œأ؛o definir padrâ”œأپes tâ”œآ®cnicos (competâ”œآ¬ncia do CEMADEN-RJ)"}	{"Respaldo polâ”œآ،tico da SUBSEGOP para a execuâ”œآ؛â”œأ؛o do modelo","Colaboraâ”œآ؛â”œأ؛o dos â”œâ”‚rgâ”œأ؛os setoriais","Disponibilidade orâ”œآ؛amentâ”œأ­ria para aâ”œآ؛â”œأپes de implantaâ”œآ؛â”œأ؛o subsidiâ”œأ­ria"}	2026-02-21 12:05:31.311365+00
37	9	4	â”œأ´rgâ”œأ؛os Subordinados (Direâ”œآ؛â”œأپes, Coordenaâ”œآ؛â”œأپes, REDECs e demais setores) أ”أ‡أ¶ FORNECEDORES DE INFORMAâ”œأ§â”œأ¢O E DESTINATâ”œأ¼RIOS	â”œأ´rgâ”œأ؛os Subordinados (Direâ”œآ؛â”œأپes, Coordenaâ”œآ؛â”œأپes, REDECs e demais setores)	FORNECEDORES DE INFORMAâ”œأ§â”œأ¢O E DESTINATâ”œأ¼RIOS	Os â”œâ”‚rgâ”œأ؛os subordinados sâ”œأ؛o a fonte das informaâ”œآ؛â”œأپes que alimentam o modelo (quais funâ”œآ؛â”œأپes existem, quem as ocupa, quais competâ”œآ¬ncias possuem) e, simultaneamente, os destinatâ”œأ­rios do modelo implantado (aplicaâ”œآ؛â”œأ؛o na gestâ”œأ؛o cotidiana do setor). Sua participaâ”œآ؛â”œأ؛o ativa no fornecimento de dados fidedignos â”œآ® condiâ”œآ؛â”œأ؛o para que o diagnâ”œâ”‚stico reflita a realidade e gere aâ”œآ؛â”œأپes de desenvolvimento pertinentes.	{"Fornecer informaâ”œآ؛â”œأپes sobre as funâ”œآ؛â”œأپes exercidas no setor e as competâ”œآ¬ncias da forâ”œآ؛a de trabalho","Validar os mapeamentos de funâ”œآ؛â”œأپes e competâ”œآ¬ncias elaborados pelo ICTDEC, atestando a correspondâ”œآ¬ncia com a realidade operacional","Aplicar o modelo de gestâ”œأ؛o por competâ”œآ¬ncias na gestâ”œأ؛o cotidiana do setor (orientaâ”œآ؛â”œأ؛o de desenvolvimento, identificaâ”œآ؛â”œأ؛o de necessidades)","Liberar efetivo para participaâ”œآ؛â”œأ؛o nas capacitaâ”œآ؛â”œأپes orientadas pelos diagnâ”œâ”‚sticos de lacuna","Sinalizar mudanâ”œآ؛as nas funâ”œآ؛â”œأپes ou nas demandas de competâ”œآ¬ncia decorrentes de alteraâ”œآ؛â”œأپes nos processos (conexâ”œأ؛o com AE 2.1.6)"}	{"Nâ”œأ؛o definir metodologia ou instrumentos de mapeamento (competâ”œآ¬ncia do ICTDEC)","Nâ”œأ؛o criar modelos paralelos de avaliaâ”œآ؛â”œأ؛o de competâ”œآ¬ncias","Nâ”œأ؛o omitir ou distorcer informaâ”œآ؛â”œأپes sobre a forâ”œآ؛a de trabalho (a qualidade do modelo depende da fidedignidade dos dados)"}	{"Metodologia clara e objetiva, com instrumentos acessâ”œآ،veis e compatâ”œآ،veis com a rotina dos setores","Confidencialidade adequada dos dados individuais de competâ”œآ¬ncia (o modelo â”œآ® de desenvolvimento, nâ”œأ؛o punitivo)","Retorno sobre os diagnâ”œâ”‚sticos realizados e as aâ”œآ؛â”œأپes de desenvolvimento previstas","Capacitaâ”œآ؛â”œأپes efetivamente disponâ”œآ،veis para as lacunas identificadas (ESDEC)"}	2026-02-21 12:05:31.311365+00
38	10	1	SUOP (sob aval da SUBSEGOP) أ”أ‡أ¶ Lâ”œأ¬DER COORDENADOR	SUOP (sob aval da SUBSEGOP)	Lâ”œأ¬DER COORDENADOR	O desenvolvimento do efetivo exige que os â”œâ”‚rgâ”œأ؛os liberem pessoal para participaâ”œآ؛â”œأ؛o nas capacitaâ”œآ؛â”œأپes, o que frequentemente entra em conflito com as demandas operacionais imediatas. A SUOP, como instâ”œأ³ncia de integraâ”œآ؛â”œأ؛o operacional, â”œآ® quem articula essa participaâ”œآ؛â”œأ؛o, assegura a adesâ”œأ؛o dos setores e valida a priorizaâ”œآ؛â”œأ؛o das capacitaâ”œآ؛â”œأپes conforme as necessidades estratâ”œآ®gicas. Sem essa coordenaâ”œآ؛â”œأ؛o, as capacitaâ”œآ؛â”œأپes atingem apenas os setores com menor pressâ”œأ؛o operacional, deixando de fora justamente aqueles com maior lacuna.	{"Coordenar a participaâ”œآ؛â”œأ؛o dos â”œâ”‚rgâ”œأ؛os subordinados nas aâ”œآ؛â”œأپes de capacitaâ”œآ؛â”œأ؛o e desenvolvimento","Garantir a liberaâ”œآ؛â”œأ؛o do efetivo para participaâ”œآ؛â”œأ؛o nas trilhas de educaâ”œآ؛â”œأ؛o continuada e nos ciclos de intercâ”œأ³mbio","Validar a priorizaâ”œآ؛â”œأ؛o das capacitaâ”œآ؛â”œأپes, assegurando alinhamento â”œأ،s necessidades estratâ”œآ®gicas e operacionais","Integrar o calendâ”œأ­rio de capacitaâ”œآ؛â”œأپes ao planejamento operacional dos â”œâ”‚rgâ”œأ؛os, evitando conflitos com perâ”œآ،odos crâ”œآ،ticos","Reportar â”œأ، SUBSEGOP os resultados e a evoluâ”œآ؛â”œأ؛o das aâ”œآ؛â”œأپes de desenvolvimento do efetivo","Patrocinar, com apoio da SUBSEGOP, a contrataâ”œآ؛â”œأ؛o de cursos especializados junto a fornecedores externos quando indicado pelo diagnâ”œâ”‚stico de competâ”œآ¬ncias e nâ”œأ؛o suprâ”œآ،vel pela ESDEC ou por parcerias acadâ”œآ¬micas"}	{"Nâ”œأ؛o executar capacitaâ”œآ؛â”œأپes ou desenvolver conteâ”œâ•‘do pedagâ”œâ”‚gico (competâ”œآ¬ncia da ESDEC)","Nâ”œأ؛o definir competâ”œآ¬ncias requeridas (competâ”œآ¬ncia do ICTDEC via AE 2.1.7)","Nâ”œأ؛o formalizar parcerias externas para capacitaâ”œآ؛â”œأ؛o (competâ”œآ¬ncia do ICTDEC)"}	{"Diagnâ”œâ”‚sticos de lacuna de competâ”œآ¬ncias produzidos pelo ICTDEC (AE 2.1.7)","Grade de capacitaâ”œآ؛â”œأپes e calendâ”œأ­rio elaborados pela ESDEC","Comprometimento das chefias setoriais com a liberaâ”œآ؛â”œأ؛o do efetivo","Patrocâ”œآ،nio da SUBSEGOP para que o desenvolvimento do efetivo seja tratado como prioridade institucional"}	2026-02-21 12:05:31.311365+00
39	10	2	ESDEC أ”أ‡أ¶ EXECUTORA PRINCIPAL	ESDEC	EXECUTORA PRINCIPAL	A ESDEC â”œآ® a instâ”œأ³ncia que operacionaliza o desenvolvimento do efetivo. Compete-lhe estruturar as trilhas de educaâ”œآ؛â”œأ؛o continuada, conduzir os cursos e programas de capacitaâ”œآ؛â”œأ؛o, e promover os ciclos de intercâ”œأ³mbio de experiâ”œآ¬ncias entre os componentes da forâ”œآ؛a de trabalho. A ESDEC planeja e executa a oferta formativa com base nos diagnâ”œâ”‚sticos de lacuna fornecidos pelo ICTDEC, traduzindo necessidades institucionais em aâ”œآ؛â”œأپes pedagâ”œâ”‚gicas concretas.	{"Estruturar e operacionalizar as trilhas de educaâ”œآ؛â”œأ؛o continuada orientadas pelas competâ”œآ¬ncias requeridas","Planejar e conduzir a grade de cursos, oficinas e programas de desenvolvimento do efetivo","Desenvolver conteâ”œâ•‘do pedagâ”œâ”‚gico para as capacitaâ”œآ؛â”œأپes ofertadas internamente","Identificar competâ”œآ¬ncias cuja capacitaâ”œآ؛â”œأ؛o nâ”œأ؛o pode ser ofertada internamente e articular com o ICTDEC a busca de parceiros externos","Registrar e reportar a evoluâ”œآ؛â”œأ؛o das capacitaâ”œآ؛â”œأپes realizadas, alimentando a atualizaâ”œآ؛â”œأ؛o dos diagnâ”œâ”‚sticos de lacuna (AE 2.1.7)","Fomentar o autodesenvolvimento, orientando o efetivo sobre percursos formativos disponâ”œآ،veis"}	{"Nâ”œأ؛o definir quais competâ”œآ¬ncias sâ”œأ؛o requeridas para cada funâ”œآ؛â”œأ؛o (competâ”œآ¬ncia do ICTDEC via AE 2.1.7)","Nâ”œأ؛o formalizar acordos de cooperaâ”œآ؛â”œأ؛o tâ”œآ®cnica com parceiros externos (competâ”œآ¬ncia do ICTDEC)","Nâ”œأ؛o coordenar a participaâ”œآ؛â”œأ؛o dos â”œâ”‚rgâ”œأ؛os (competâ”œآ¬ncia da SUOP)","Nâ”œأ؛o tratar capacitaâ”œآ؛â”œأ؛o como atividade exclusivamente voltada a atores externos do SIEPDEC (esta AE â”œآ® focada no efetivo interno da SEDEC)"}	{"Diagnâ”œâ”‚sticos de lacuna de competâ”œآ¬ncias produzidos pelo ICTDEC (AE 2.1.7), com priorizaâ”œآ؛â”œأ؛o das competâ”œآ¬ncias mais crâ”œآ،ticas","Formalizaâ”œآ؛â”œأ؛o de acordos de cooperaâ”œآ؛â”œأ؛o tâ”œآ®cnica pelo ICTDEC para capacitaâ”œآ؛â”œأپes que a ESDEC nâ”œأ؛o consiga ofertar internamente","Coordenaâ”œآ؛â”œأ؛o da SUOP para liberaâ”œآ؛â”œأ؛o do efetivo dos â”œâ”‚rgâ”œأ؛os","Recursos e infraestrutura adequados para conduzir as capacitaâ”œآ؛â”œأپes (salas, equipamentos, plataformas EAD)","Apoio do ICTDEC na conexâ”œأ؛o com instituiâ”œآ؛â”œأپes de ensino e pesquisa para programas de maior complexidade acadâ”œآ¬mica"}	2026-02-21 12:05:31.311365+00
40	10	3	ICTDEC أ”أ‡أ¶ COEXECUTOR ESTRATâ”œأ«GICO	ICTDEC	COEXECUTOR ESTRATâ”œأ«GICO	O ICTDEC contribui para esta aâ”œآ؛â”œأ؛o em duas frentes. Na dimensâ”œأ؛o de insumos, fornece os diagnâ”œâ”‚sticos de lacuna de competâ”œآ¬ncias (AE 2.1.7) que orientam a priorizaâ”œآ؛â”œأ؛o das capacitaâ”œآ؛â”œأپes. Na dimensâ”œأ؛o de parcerias, formaliza acordos de cooperaâ”œآ؛â”œأ؛o tâ”œآ®cnica com instituiâ”œآ؛â”œأپes de ensino superior (IES), instituiâ”œآ؛â”œأپes cientâ”œآ،ficas e tecnolâ”œâ”‚gicas (ICTs) e demais parceiros externos, viabilizando capacitaâ”œآ؛â”œأپes que a ESDEC nâ”œأ؛o consiga ofertar internamente. O ICTDEC nâ”œأ؛o executa capacitaâ”œآ؛â”œأپes diretamente, mas assegura que o sistema de desenvolvimento tenha tanto direâ”œآ؛â”œأ؛o (diagnâ”œâ”‚stico) quanto alcance (parcerias).	{"Fornecer os diagnâ”œâ”‚sticos de lacuna de competâ”œآ¬ncias (AE 2.1.7) como insumo para orientaâ”œآ؛â”œأ؛o das trilhas de capacitaâ”œآ؛â”œأ؛o","Formalizar acordos de cooperaâ”œآ؛â”œأ؛o tâ”œآ®cnica com IES, ICTs e demais parceiros externos para capacitaâ”œآ؛â”œأپes especializadas","Apoiar a ESDEC na conexâ”œأ؛o com instituiâ”œآ؛â”œأپes acadâ”œآ¬micas para programas de extensâ”œأ؛o, residâ”œآ¬ncia e intercâ”œأ³mbio (AE 6.1.4)","Apoiar a estruturaâ”œآ؛â”œأ؛o do Curso GIRD-RJ como produto estruturante de qualificaâ”œآ؛â”œأ؛o tâ”œآ®cnica"}	{"Nâ”œأ؛o executar capacitaâ”œآ؛â”œأپes diretamente (competâ”œآ¬ncia da ESDEC)","Nâ”œأ؛o coordenar a participaâ”œآ؛â”œأ؛o dos â”œâ”‚rgâ”œأ؛os (competâ”œآ¬ncia da SUOP)","Nâ”œأ؛o desenvolver conteâ”œâ•‘do pedagâ”œâ”‚gico de cursos (competâ”œآ¬ncia da ESDEC, salvo quando em parceria acadâ”œآ¬mica)"}	{"Dados dos mapeamentos de competâ”œآ¬ncias (AE 2.1.7) concluâ”œآ،dos ou em estâ”œأ­gio suficiente para orientar prioridades","Demandas especâ”œآ،ficas da ESDEC sobre competâ”œآ¬ncias que exigem parceria externa","Disponibilidade de IES e ICTs para formalizaâ”œآ؛â”œأ؛o de acordos","Coordenaâ”œآ؛â”œأ؛o da SUOP para integraâ”œآ؛â”œأ؛o do calendâ”œأ­rio de capacitaâ”œآ؛â”œأپes externas ao planejamento operacional"}	2026-02-21 12:05:31.311365+00
45	12	1	SUOP (sob aval da SUBSEGOP) أ”أ‡أ¶ Lâ”œأ¬DER COORDENADOR	SUOP (sob aval da SUBSEGOP)	Lâ”œأ¬DER COORDENADOR	Os investimentos em tecnologia tendem a ser fragmentados quando cada â”œâ”‚rgâ”œأ؛o busca soluâ”œآ؛â”œأپes isoladas: geram-se sistemas que nâ”œأ؛o se comunicam, ferramentas redundantes e desperdâ”œآ،cio de recursos. A SUOP coordena a priorizaâ”œآ؛â”œأ؛o dos investimentos, assegura a padronizaâ”œآ؛â”œأ؛o das ferramentas transversais e articula com a SUBSEGOP a viabilizaâ”œآ؛â”œأ؛o orâ”œآ؛amentâ”œأ­ria. A lideranâ”œآ؛a dos projetos de automaâ”œآ؛â”œأ؛o setorial permanece com o â”œâ”‚rgâ”œأ؛o dono do processo.	{"Consolidar as demandas tecnolâ”œâ”‚gicas dos â”œâ”‚rgâ”œأ؛os subordinados","Priorizar os investimentos tecnolâ”œâ”‚gicos conforme o impacto operacional e o alinhamento estratâ”œآ®gico","Coordenar a padronizaâ”œآ؛â”œأ؛o de ferramentas de produtividade transversais (comunicaâ”œآ؛â”œأ؛o, gestâ”œأ؛o de tarefas, colaboraâ”œآ؛â”œأ؛o)","Articular com a SUBSEGOP a viabilizaâ”œآ؛â”œأ؛o orâ”œآ؛amentâ”œأ­ria dos investimentos priorizados","Monitorar a implantaâ”œآ؛â”œأ؛o das soluâ”œآ؛â”œأپes e reportar â”œأ، SUBSEGOP o andamento"}	{"Nâ”œأ؛o especificar tecnicamente as soluâ”œآ؛â”œأپes (competâ”œآ¬ncia do â”œâ”‚rgâ”œأ؛o demandante ou de suporte tâ”œآ®cnico)","Nâ”œأ؛o implantar ou operar sistemas diretamente","Nâ”œأ؛o liderar projetos de automaâ”œآ؛â”œأ؛o setorial (competâ”œآ¬ncia do â”œâ”‚rgâ”œأ؛o dono do processo)"}	{"Informaâ”œآ؛â”œأپes fidedignas dos â”œâ”‚rgâ”œأ؛os sobre necessidades tecnolâ”œâ”‚gicas e impacto operacional","Disponibilidade orâ”œآ؛amentâ”œأ­ria para os investimentos priorizados","Apoio administrativo da SUBSEGAD na tramitaâ”œآ؛â”œأ؛o de aquisiâ”œآ؛â”œأپes e contrataâ”œآ؛â”œأپes","Processos mapeados (AE 2.1.6), quando disponâ”œآ،veis, para orientar soluâ”œآ؛â”œأپes de automaâ”œآ؛â”œأ؛o com base em necessidades reais"}	2026-02-21 12:05:31.311365+00
41	10	4	â”œأ´rgâ”œأ؛os Subordinados (Direâ”œآ؛â”œأپes, Coordenaâ”œآ؛â”œأپes, REDECs e demais setores) أ”أ‡أ¶ PARTICIPANTES E DEMANDANTES	â”œأ´rgâ”œأ؛os Subordinados (Direâ”œآ؛â”œأپes, Coordenaâ”œآ؛â”œأپes, REDECs e demais setores)	PARTICIPANTES E DEMANDANTES	Os â”œâ”‚rgâ”œأ؛os subordinados sâ”œأ؛o simultaneamente os destinatâ”œأ­rios das aâ”œآ؛â”œأپes de desenvolvimento e a fonte primâ”œأ­ria de identificaâ”œآ؛â”œأ؛o das demandas de capacitaâ”œآ؛â”œأ؛o no nâ”œآ،vel operacional. As chefias setoriais tâ”œآ¬m papel especialmente relevante: sâ”œأ؛o elas que percebem no cotidiano as lacunas de competâ”œآ¬ncia que afetam a execuâ”œآ؛â”œأ؛o, e sâ”œأ؛o elas que viabilizam (ou inviabilizam) a participaâ”œآ؛â”œأ؛o do efetivo nas aâ”œآ؛â”œأپes formativas.	{"Liberar efetivo para participaâ”œآ؛â”œأ؛o nas trilhas de educaâ”œآ؛â”œأ؛o continuada e cursos","Identificar e reportar â”œأ، SUOP as demandas de capacitaâ”œآ؛â”œأ؛o especâ”œآ،ficas do setor","Aplicar na rotina operacional o conhecimento adquirido nas aâ”œآ؛â”œأپes de desenvolvimento","Estimular o autodesenvolvimento do efetivo, reconhecendo e valorizando o esforâ”œآ؛o individual de qualificaâ”œآ؛â”œأ؛o"}	{"Nâ”œأ؛o definir grade de cursos ou conteâ”œâ•‘do pedagâ”œâ”‚gico (competâ”œآ¬ncia da ESDEC)","Nâ”œأ؛o tratar a participaâ”œآ؛â”œأ؛o em capacitaâ”œآ؛â”œأپes como atividade secundâ”œأ­ria frente â”œأ، operaâ”œآ؛â”œأ؛o (o desenvolvimento do efetivo â”œآ® investimento, nâ”œأ؛o custo operacional)"}	{"Calendâ”œأ­rio de capacitaâ”œآ؛â”œأپes conhecido com antecedâ”œآ¬ncia, compatâ”œآ،vel com os ciclos operacionais dos setores","Oferta formativa pertinente â”œأ،s necessidades reais do setor (orientaâ”œآ؛â”œأ؛o pelos diagnâ”œâ”‚sticos de lacuna)","Apoio da SUOP na conciliaâ”œآ؛â”œأ؛o entre demanda operacional e participaâ”œآ؛â”œأ؛o nas capacitaâ”œآ؛â”œأپes","Retorno sobre o impacto das capacitaâ”œآ؛â”œأپes no desempenho do setor (conexâ”œأ؛o com AE 3.1.2)"}	2026-02-21 12:05:31.311365+00
42	11	1	SUOP (sob aval da SUBSEGOP) أ”أ‡أ¶ Lâ”œأ¬DER COORDENADOR	SUOP (sob aval da SUBSEGOP)	Lâ”œأ¬DER COORDENADOR	As demandas de infraestrutura sâ”œأ؛o dispersas entre os â”œâ”‚rgâ”œأ؛os da Secretaria e frequentemente concorrem entre si por recursos escassos. A SUOP, como instâ”œأ³ncia de integraâ”œآ؛â”œأ؛o operacional, â”œآ® quem consolida essas demandas, prioriza as intervenâ”œآ؛â”œأپes conforme o impacto na missâ”œأ؛o institucional e articula com a SUBSEGAD a viabilizaâ”œآ؛â”œأ؛o administrativa e orâ”œآ؛amentâ”œأ­ria. Sem essa coordenaâ”œآ؛â”œأ؛o, as melhorias tendem a ocorrer de forma reativa (sâ”œâ”‚ quando a precariedade se torna crâ”œآ،tica) e fragmentada (cada â”œâ”‚rgâ”œأ؛o busca soluâ”œآ؛â”œأپes isoladas).	{"Consolidar as demandas de infraestrutura dos â”œâ”‚rgâ”œأ؛os subordinados","Priorizar as intervenâ”œآ؛â”œأپes conforme o impacto operacional e o alinhamento estratâ”œآ®gico, submetendo â”œأ، SUBSEGOP quando necessâ”œأ­rio","Articular com a SUBSEGAD a viabilizaâ”œآ؛â”œأ؛o administrativa e orâ”œآ؛amentâ”œأ­ria das intervenâ”œآ؛â”œأپes priorizadas","Monitorar a execuâ”œآ؛â”œأ؛o das intervenâ”œآ؛â”œأپes e reportar â”œأ، SUBSEGOP o andamento"}	{"Nâ”œأ؛o executar obras, reformas ou aquisiâ”œآ؛â”œأپes","Nâ”œأ؛o gerir contratos de manutenâ”œآ؛â”œأ؛o predial ou de serviâ”œآ؛os de engenharia","Nâ”œأ؛o aprovar orâ”œآ؛amento para investimentos novos (prerrogativa da SUBSEGOP/Alta Gestâ”œأ؛o)"}	{"Informaâ”œآ؛â”œأپes fidedignas dos â”œâ”‚rgâ”œأ؛os subordinados sobre as necessidades de infraestrutura","Apoio administrativo da SUBSEGAD na tramitaâ”œآ؛â”œأ؛o e viabilizaâ”œآ؛â”œأ؛o orâ”œآ؛amentâ”œأ­ria","Disponibilidade orâ”œآ؛amentâ”œأ­ria para as intervenâ”œآ؛â”œأپes priorizadas"}	2026-02-21 12:05:31.311365+00
43	11	2	SUBSEGAD أ”أ‡أ¶ APOIO ADMINISTRATIVO	SUBSEGAD	APOIO ADMINISTRATIVO	A SUBSEGAD apoia a tramitaâ”œآ؛â”œأ؛o administrativa das demandas de infraestrutura, fornecendo informaâ”œآ؛â”œأپes sobre viabilidade orâ”œآ؛amentâ”œأ­ria e contribuindo para a instruâ”œآ؛â”œأ؛o dos processos necessâ”œأ­rios. A SUBSEGAD nâ”œأ؛o define prioridades de intervenâ”œآ؛â”œأ؛o (prerrogativa da SUOP/SUBSEGOP) nem executa obras ou aquisiâ”œآ؛â”œأپes diretamente.	{"Apoiar a instruâ”œآ؛â”œأ؛o e tramitaâ”œآ؛â”œأ؛o administrativa dos processos relativos â”œأ،s intervenâ”œآ؛â”œأپes de infraestrutura priorizadas","Fornecer â”œأ، SUOP informaâ”œآ؛â”œأپes sobre viabilidade orâ”œآ؛amentâ”œأ­ria e prazos de tramitaâ”œآ؛â”œأ؛o administrativa","Apoiar na identificaâ”œآ؛â”œأ؛o de instrumentos administrativos adequados para viabilizar as intervenâ”œآ؛â”œأپes (contratos, convâ”œآ¬nios, adesâ”œأپes)"}	{"Nâ”œأ؛o priorizar as intervenâ”œآ؛â”œأپes de infraestrutura (competâ”œآ¬ncia da SUOP/SUBSEGOP)","Nâ”œأ؛o executar obras, reformas ou aquisiâ”œآ؛â”œأپes","Nâ”œأ؛o consolidar demandas operacionais dos â”œâ”‚rgâ”œأ؛os (competâ”œآ¬ncia da SUOP)"}	{"Priorizaâ”œآ؛â”œأ؛o clara das intervenâ”œآ؛â”œأپes pela SUOP, com chancela da SUBSEGOP","Disponibilidade orâ”œآ؛amentâ”œأ­ria para execuâ”œآ؛â”œأ؛o das demandas","Especificaâ”œآ؛â”œأپes tâ”œآ®cnicas das necessidades fornecidas pelos â”œâ”‚rgâ”œأ؛os demandantes"}	2026-02-21 12:05:31.311365+00
44	11	3	â”œأ´rgâ”œأ؛os Subordinados (Direâ”œآ؛â”œأپes, Coordenaâ”œآ؛â”œأپes, REDECs e demais setores) أ”أ‡أ¶ DEMANDANTES E USUâ”œأ¼RIOS	â”œأ´rgâ”œأ؛os Subordinados (Direâ”œآ؛â”œأپes, Coordenaâ”œآ؛â”œأپes, REDECs e demais setores)	DEMANDANTES E USUâ”œأ¼RIOS	Os â”œâ”‚rgâ”œأ؛os subordinados sâ”œأ؛o os usuâ”œأ­rios das instalaâ”œآ؛â”œأپes e, por isso, os primeiros a identificar precariedades, inadequaâ”œآ؛â”œأپes e necessidades de melhoria. Sua participaâ”œآ؛â”œأ؛o â”œآ® essencial tanto na identificaâ”œآ؛â”œأ؛o das demandas quanto na validaâ”œآ؛â”œأ؛o das soluâ”œآ؛â”œأپes adotadas. Sem esse insumo, as intervenâ”œآ؛â”œأپes correm o risco de nâ”œأ؛o atender â”œأ،s necessidades reais de quem opera nas instalaâ”œآ؛â”œأپes.	{"Identificar e reportar â”œأ، SUOP as necessidades de infraestrutura do setor, com descriâ”œآ؛â”œأ؛o do impacto operacional","Fornecer especificaâ”œآ؛â”œأپes tâ”œآ®cnicas sobre as necessidades especâ”œآ،ficas do setor (espaâ”œآ؛o, equipamentos fixos, condiâ”œآ؛â”œأپes de armazenamento)","Validar a adequaâ”œآ؛â”œأ؛o das soluâ”œآ؛â”œأپes executadas â”œأ، rotina operacional do setor","Zelar pela conservaâ”œآ؛â”œأ؛o e manutenâ”œآ؛â”œأ؛o preventiva das instalaâ”œآ؛â”œأپes sob sua responsabilidade"}	{"Nâ”œأ؛o executar obras ou reformas por conta prâ”œâ”‚pria sem submissâ”œأ؛o ao fluxo institucional","Nâ”œأ؛o contratar serviâ”œآ؛os de infraestrutura diretamente (observar o fluxo institucional)","Nâ”œأ؛o priorizar suas demandas acima das demais sem submissâ”œأ؛o â”œأ، priorizaâ”œآ؛â”œأ؛o institucional da SUOP"}	{"Canal claro para reportar necessidades de infraestrutura (definido pela SUOP)","Retorno sobre a priorizaâ”œآ؛â”œأ؛o das demandas (o setor deve saber se sua necessidade foi incorporada, quando serâ”œأ­ atendida ou por que foi postergada)","Intervenâ”œآ؛â”œأپes executadas com qualidade e dentro do prazo"}	2026-02-21 12:05:31.311365+00
54	15	1	ICTDEC أ”أ‡أ¶ Lâ”œأ¬DER E ARTICULADOR	ICTDEC	Lâ”œأ¬DER E ARTICULADOR	O ICTDEC â”œآ® o escritâ”œâ”‚rio de articulaâ”œآ؛â”œأ؛o institucional da Secretaria junto ao ecossistema de Ciâ”œآ¬ncia, Tecnologia e Inovaâ”œآ؛â”œأ؛o. Nesta aâ”œآ؛â”œأ؛o, compete-lhe estruturar os programas de extensâ”œأ؛o acadâ”œآ¬mico-cientâ”œآ،fica, elaborar as minutas dos instrumentos de parceria (submetendo-as â”œأ، aprovaâ”œآ؛â”œأ؛o da SUBSEGAD e ao parecer da ASSEJUR), coordenar o portfâ”œâ”‚lio de atividades de extensâ”œأ؛o e assegurar que os programas estejam orientados pelas demandas reais da instituiâ”œآ؛â”œأ؛o. O ICTDEC nâ”œأ؛o executa os programas diretamente أ”أ‡أ¶ essa â”œآ® a competâ”œآ¬ncia do CEPEDEC.	{"Mapear e prospectar oportunidades de extensâ”œأ؛o com IES e ICTs, alinhadas â”œأ،s demandas operacionais da Secretaria","Estruturar os programas de extensâ”œأ؛o (estâ”œأ­gio tâ”œآ®cnico, residâ”œآ¬ncia, intercâ”œأ³mbio acadâ”œآ¬mico), definindo diretrizes, critâ”œآ®rios e produtos esperados","Elaborar minutas de convâ”œآ¬nios, acordos de cooperaâ”œآ؛â”œأ؛o tâ”œآ®cnica e termos de parceria, submetendo-as â”œأ، aprovaâ”œآ؛â”œأ؛o da SUBSEGAD e ao parecer da ASSEJUR","Gerir o ciclo de vida das parcerias de extensâ”œأ؛o, monitorando vigâ”œآ¬ncia, execuâ”œآ؛â”œأ؛o e resultados","Coordenar o portfâ”œâ”‚lio de atividades de extensâ”œأ؛o, evitando sobreposiâ”œآ؛â”œأپes e assegurando alinhamento estratâ”œآ®gico","Consolidar e disseminar os produtos gerados pelas atividades de extensâ”œأ؛o para a estrutura SEDEC e o SIEPDEC"}	{"Nâ”œأ؛o executar os programas de extensâ”œأ؛o diretamente (competâ”œآ¬ncia do CEPEDEC)","Nâ”œأ؛o supervisionar estudantes no campo (competâ”œآ¬ncia do CEPEDEC em articulaâ”œآ؛â”œأ؛o com a IES)","Nâ”œأ؛o definir temas de extensâ”œأ؛o sem validaâ”œآ؛â”œأ؛o das demandas reais dos â”œâ”‚rgâ”œأ؛os da Secretaria"}	{"Demandas reais dos â”œâ”‚rgâ”œأ؛os subordinados e das COMDECs (via REDECs) como insumo para orientaâ”œآ؛â”œأ؛o dos programas","Capacidade executiva do CEPEDEC para operacionalizar os programas formalizados","Disponibilidade de IES e ICTs para celebraâ”œآ؛â”œأ؛o de parcerias de extensâ”œأ؛o","Aprovaâ”œآ؛â”œأ؛o da SUBSEGAD para formalizaâ”œآ؛â”œأ؛o dos convâ”œآ¬nios e termos de parceria","Parecer jurâ”œآ،dico da ASSEJUR sobre os instrumentos de cooperaâ”œآ؛â”œأ؛o"}	2026-02-21 12:05:31.311365+00
46	12	2	ICTDEC أ”أ‡أ¶ COEXECUTOR PARA SISTEMAS DE GESTâ”œأ¢O E GOVERNANâ”œأ§A	ICTDEC	COEXECUTOR PARA SISTEMAS DE GESTâ”œأ¢O E GOVERNANâ”œأ§A	O ICTDEC â”œآ® o â”œâ”‚rgâ”œأ؛o responsâ”œأ­vel pelas metodologias de gestâ”œأ؛o e governanâ”œآ؛a da Secretaria (gestâ”œأ؛o estratâ”œآ®gica, projetos, processos, indicadores, competâ”œآ¬ncias). Quando a contrataâ”œآ؛â”œأ؛o de um sistema tecnolâ”œâ”‚gico incide sobre essas â”œأ­reas, o ICTDEC deve participar da especificaâ”œآ؛â”œأ؛o de requisitos e validar a aderâ”œآ¬ncia da soluâ”œآ؛â”œأ؛o â”œأ،s metodologias institucionais. Sem essa participaâ”œآ؛â”œأ؛o, hâ”œأ­ risco de que a ferramenta imponha uma lâ”œâ”‚gica de gestâ”œأ؛o diferente da adotada pela instituiâ”œآ؛â”œأ؛o أ”أ‡أ¶ a ferramenta deve servir â”œأ، metodologia, nâ”œأ؛o o contrâ”œأ­rio. Esta participaâ”œآ؛â”œأ؛o nâ”œأ؛o se aplica a sistemas tâ”œآ®cnicos ou operacionais especializados (monitoramento, alerta, comunicaâ”œآ؛â”œأ؛o operacional), cuja especificaâ”œآ؛â”œأ؛o â”œآ® de responsabilidade do setor dono do processo.	{"Participar da especificaâ”œآ؛â”œأ؛o de requisitos de sistemas ligados â”œأ، gestâ”œأ؛o e governanâ”œآ؛a (gestâ”œأ؛o estratâ”œآ®gica, projetos, processos, indicadores, competâ”œآ¬ncias)","Validar a aderâ”œآ¬ncia das soluâ”œآ؛â”œأپes tecnolâ”œâ”‚gicas â”œأ،s metodologias institucionais vigentes","Apoiar a SUOP na avaliaâ”œآ؛â”œأ؛o tâ”œآ®cnica de soluâ”œآ؛â”œأپes de mercado para â”œأ­reas de gestâ”œأ؛o","Sinalizar quando uma demanda tecnolâ”œâ”‚gica depende de maturidade metodolâ”œâ”‚gica que ainda nâ”œأ؛o foi alcanâ”œآ؛ada (evitar contrataâ”œآ؛â”œأ؛o prematura)"}	{"Nâ”œأ؛o liderar a contrataâ”œآ؛â”œأ؛o de sistemas (competâ”œآ¬ncia da SUOP)","Nâ”œأ؛o especificar sistemas tâ”œآ®cnicos ou operacionais especializados (competâ”œآ¬ncia do setor dono do processo)","Nâ”œأ؛o operar ou administrar sistemas contratados (competâ”œآ¬ncia do â”œâ”‚rgâ”œأ؛o usuâ”œأ­rio)"}	{"Coordenaâ”œآ؛â”œأ؛o da SUOP para inclusâ”œأ؛o do ICTDEC no processo de especificaâ”œآ؛â”œأ؛o quando a demanda envolver gestâ”œأ؛o e governanâ”œآ؛a","Metodologias institucionais definidas e documentadas (AEs 2.1.1, 2.1.2, 2.1.6, 2.1.7) como referâ”œآ¬ncia para validaâ”œآ؛â”œأ؛o"}	2026-02-21 12:05:31.311365+00
47	12	3	â”œأ´rgâ”œأ؛os Subordinados (Direâ”œآ؛â”œأپes, Coordenaâ”œآ؛â”œأپes, REDECs e demais setores) أ”أ‡أ¶ DEMANDANTES, USUâ”œأ¼RIOS E Lâ”œأ¬DERES DE AUTOMAâ”œأ§â”œأ¢O SETORIAL	â”œأ´rgâ”œأ؛os Subordinados (Direâ”œآ؛â”œأپes, Coordenaâ”œآ؛â”œأپes, REDECs e demais setores)	DEMANDANTES, USUâ”œأ¼RIOS E Lâ”œأ¬DERES DE AUTOMAâ”œأ§â”œأ¢O SETORIAL	Os â”œâ”‚rgâ”œأ؛os subordinados tâ”œآ¬m triplo papel nesta aâ”œآ؛â”œأ؛o. Como demandantes, identificam as necessidades tecnolâ”œâ”‚gicas e especificam os requisitos das soluâ”œآ؛â”œأپes. Como usuâ”œأ­rios, operam os sistemas implantados e reportam necessidades de ajuste. Como lâ”œآ،deres de automaâ”œآ؛â”œأ؛o setorial, conduzem os projetos de automaâ”œآ؛â”œأ؛o dos seus prâ”œâ”‚prios processos, pois sâ”œأ؛o os donos dos processos e quem melhor conhece os gargalos a serem resolvidos.	{"Identificar e reportar â”œأ، SUOP as necessidades tecnolâ”œâ”‚gicas do setor, descrevendo o impacto operacional e os gargalos que a soluâ”œآ؛â”œأ؛o resolveria","Especificar os requisitos tâ”œآ®cnicos e funcionais das soluâ”œآ؛â”œأپes demandadas","Liderar os projetos de automaâ”œآ؛â”œأ؛o dos processos sob sua responsabilidade, com coordenaâ”œآ؛â”œأ؛o da SUOP","Operar e manter os sistemas implantados no setor","Reportar necessidades de ajuste, atualizaâ”œآ؛â”œأ؛o ou substituiâ”œآ؛â”œأ؛o de sistemas em uso","Capacitar o efetivo do setor na utilizaâ”œآ؛â”œأ؛o das ferramentas adotadas"}	{"Nâ”œأ؛o adquirir sistemas ou ferramentas sem coordenaâ”œآ؛â”œأ؛o e priorizaâ”œآ؛â”œأ؛o da SUOP","Nâ”œأ؛o automatizar processos que nâ”œأ؛o estejam compreendidos e estâ”œأ­veis (automatizar processo confuso sâ”œâ”‚ faz o erro acontecer mais râ”œأ­pido)","Nâ”œأ؛o criar soluâ”œآ؛â”œأپes tecnolâ”œâ”‚gicas paralelas que fragmentem a infraestrutura digital da Secretaria"}	{"Priorizaâ”œآ؛â”œأ؛o clara dos investimentos tecnolâ”œâ”‚gicos pela SUOP","Disponibilidade orâ”œآ؛amentâ”œأ­ria para aquisiâ”œآ؛â”œأ؛o ou contrataâ”œآ؛â”œأ؛o das soluâ”œآ؛â”œأپes","Suporte tâ”œآ®cnico para implantaâ”œآ؛â”œأ؛o e manutenâ”œآ؛â”œأ؛o dos sistemas","Processos mapeados (AE 2.1.6), quando disponâ”œآ،veis, como base para especificaâ”œآ؛â”œأ؛o de soluâ”œآ؛â”œأپes de automaâ”œآ؛â”œأ؛o","Retorno da SUOP sobre a priorizaâ”œآ؛â”œأ؛o das demandas (o setor deve saber o status da sua solicitaâ”œآ؛â”œأ؛o)"}	2026-02-21 12:05:31.311365+00
48	13	1	SUOP (sob aval da SUBSEGOP) أ”أ‡أ¶ Lâ”œأ¬DER COORDENADOR	SUOP (sob aval da SUBSEGOP)	Lâ”œأ¬DER COORDENADOR	Os contratos de serviâ”œآ؛os devem refletir as necessidades reais da operaâ”œآ؛â”œأ؛o, o que exige um olhar transversal sobre as demandas dos â”œâ”‚rgâ”œأ؛os. A SUOP consolida essas demandas, prioriza as contrataâ”œآ؛â”œأپes conforme o impacto operacional e monitora se os contratos vigentes continuam aderentes â”œأ،s necessidades da Secretaria. Sem essa coordenaâ”œآ؛â”œأ؛o, os contratos tendem a se renovar automaticamente sem revisâ”œأ؛o crâ”œآ،tica, perpetuando serviâ”œآ؛os que jâ”œأ­ nâ”œأ؛o correspondem â”œأ،s demandas atuais.	{"Consolidar as demandas de serviâ”œآ؛os contratados dos â”œâ”‚rgâ”œأ؛os subordinados","Priorizar as contrataâ”œآ؛â”œأپes e renovaâ”œآ؛â”œأپes conforme o impacto operacional e o alinhamento estratâ”œآ®gico","Avaliar periodicamente a aderâ”œآ¬ncia dos contratos vigentes â”œأ،s necessidades operacionais, propondo ajustes ou substituiâ”œآ؛â”œأپes","Articular com a SUBSEGOP a viabilizaâ”œآ؛â”œأ؛o orâ”œآ؛amentâ”œأ­ria das contrataâ”œآ؛â”œأپes priorizadas","Monitorar o desempenho dos serviâ”œآ؛os contratados com base nas informaâ”œآ؛â”œأپes dos â”œâ”‚rgâ”œأ؛os usuâ”œأ­rios"}	{"Nâ”œأ؛o instruir processos administrativos de contrataâ”œآ؛â”œأ؛o","Nâ”œأ؛o gerir contratos administrativamente","Nâ”œأ؛o aprovar investimentos novos (prerrogativa da SUBSEGOP/Alta Gestâ”œأ؛o)"}	{"Informaâ”œآ؛â”œأپes fidedignas dos â”œâ”‚rgâ”œأ؛os subordinados sobre necessidades e desempenho dos serviâ”œآ؛os contratados","Apoio administrativo da SUBSEGAD na tramitaâ”œآ؛â”œأ؛o e nas informaâ”œآ؛â”œأپes sobre vigâ”œآ¬ncia contratual","Disponibilidade orâ”œآ؛amentâ”œأ­ria para as contrataâ”œآ؛â”œأپes priorizadas"}	2026-02-21 12:05:31.311365+00
49	13	2	SUBSEGAD أ”أ‡أ¶ APOIO ADMINISTRATIVO	SUBSEGAD	APOIO ADMINISTRATIVO	A SUBSEGAD apoia a tramitaâ”œآ؛â”œأ؛o administrativa dos processos de contrataâ”œآ؛â”œأ؛o, fornecendo informaâ”œآ؛â”œأپes sobre viabilidade orâ”œآ؛amentâ”œأ­ria, vigâ”œآ¬ncia dos contratos vigentes e instrumentos administrativos disponâ”œآ،veis. A SUBSEGAD nâ”œأ؛o define prioridades de contrataâ”œآ؛â”œأ؛o (prerrogativa da SUOP/SUBSEGOP).	{"Apoiar a instruâ”œآ؛â”œأ؛o e tramitaâ”œآ؛â”œأ؛o administrativa dos processos de contrataâ”œآ؛â”œأ؛o e renovaâ”œآ؛â”œأ؛o","Fornecer â”œأ، SUOP informaâ”œآ؛â”œأپes sobre vigâ”œآ¬ncia contratual, prazos de renovaâ”œآ؛â”œأ؛o e viabilidade orâ”œآ؛amentâ”œأ­ria","Apoiar na identificaâ”œآ؛â”œأ؛o de instrumentos administrativos adequados (contratos, adesâ”œأپes, atas de registro de preâ”œآ؛os)"}	{"Nâ”œأ؛o priorizar contrataâ”œآ؛â”œأپes (competâ”œآ¬ncia da SUOP/SUBSEGOP)","Nâ”œأ؛o consolidar demandas operacionais dos â”œâ”‚rgâ”œأ؛os (competâ”œآ¬ncia da SUOP)","Nâ”œأ؛o fiscalizar a execuâ”œآ؛â”œأ؛o dos serviâ”œآ؛os contratados (competâ”œآ¬ncia do â”œâ”‚rgâ”œأ؛o fiscal designado)"}	{"Priorizaâ”œآ؛â”œأ؛o clara das contrataâ”œآ؛â”œأپes pela SUOP, com chancela da SUBSEGOP","Disponibilidade orâ”œآ؛amentâ”œأ­ria","Especificaâ”œآ؛â”œأپes tâ”œآ®cnicas das necessidades fornecidas pelos â”œâ”‚rgâ”œأ؛os demandantes"}	2026-02-21 12:05:31.311365+00
64	18	1	CEPEDEC أ”أ‡أ¶ Lâ”œأ¬DER E SISTEMATIZADOR	CEPEDEC	Lâ”œأ¬DER E SISTEMATIZADOR	O CEPEDEC â”œآ® o â”œâ”‚rgâ”œأ؛o de pesquisa da Secretaria e, nesta aâ”œآ؛â”œأ؛o, assume a lideranâ”œآ؛a do processo de captura, validaâ”œآ؛â”œأ؛o cientâ”œآ،fica e sistematizaâ”œآ؛â”œأ؛o do conhecimento gerado no â”œأ³mbito do Sistema Estadual. Compete-lhe definir a metodologia de coleta e anâ”œأ­lise, organizar as chamadas sistemâ”œأ­ticas para recebimento de estudos e relatos, conferir rigor cientâ”œآ،fico ao material recebido e transformar prâ”œأ­ticas dispersas em doutrina tâ”œآ®cnica acessâ”œآ،vel. O CEPEDEC nâ”œأ؛o coleta diretamente nos municâ”œآ،pios أ”أ‡أ¶ essa funâ”œآ؛â”œأ؛o â”œآ® das REDECs.	{"Definir a metodologia de captura, anâ”œأ­lise e sistematizaâ”œآ؛â”œأ؛o dos saberes/fazeres (critâ”œآ®rios de validaâ”œآ؛â”œأ؛o, formatos de registro, taxonomia)","Organizar chamadas sistemâ”œأ­ticas para recebimento de estudos e relatos dos municâ”œآ،pios e da estrutura SEDEC (fluxo receptivo)","Identificar, em articulaâ”œآ؛â”œأ؛o com as REDECs, expertises e experiâ”œآ¬ncias especâ”œآ،ficas em COMDECs que justifiquem projetos dirigidos de sistematizaâ”œآ؛â”œأ؛o (fluxo ativo)","Receber, analisar e validar cientificamente o material coletado pelas REDECs e pelos demais â”œâ”‚rgâ”œأ؛os","Sistematizar o conhecimento validado em formatos acessâ”œآ،veis: repositâ”œâ”‚rios, publicaâ”œآ؛â”œأپes, cadernos tâ”œآ®cnicos, bases de dados","Devolver o conhecimento consolidado ao Sistema, alimentando capacitaâ”œآ؛â”œأپes, protocolos e polâ”œآ،ticas","Manter o acervo de conhecimento sistematizado organizado e atualizado (AE 6.3.3)"}	{"Nâ”œأ؛o coletar saberes diretamente nos municâ”œآ،pios (competâ”œآ¬ncia das REDECs)","Nâ”œأ؛o definir prioridades temâ”œأ­ticas sem validaâ”œآ؛â”œأ؛o da SUOP quanto â”œأ، aderâ”œآ¬ncia â”œأ،s necessidades do Sistema","Nâ”œأ؛o publicar material sem curadoria e validaâ”œآ؛â”œأ؛o cientâ”œآ،fica (preservar a credibilidade institucional)"}	{"Coleta efetiva de saberes/fazeres pelas REDECs junto â”œأ،s COMDECs","Orientaâ”œآ؛â”œأ؛o estratâ”œآ®gica da SUOP sobre os temas prioritâ”œأ­rios para sistematizaâ”œآ؛â”œأ؛o","Adesâ”œأ؛o dos municâ”œآ،pios â”œأ،s chamadas (depende de comunicaâ”œآ؛â”œأ؛o clara sobre benefâ”œآ،cios e devolutiva)","Recursos para produâ”œآ؛â”œأ؛o e distribuiâ”œآ؛â”œأ؛o dos produtos de conhecimento (publicaâ”œآ؛â”œأپes, cadernos, plataforma digital)"}	2026-02-21 12:05:31.311365+00
50	13	3	â”œأ´rgâ”œأ؛os Subordinados (Direâ”œآ؛â”œأپes, Coordenaâ”œآ؛â”œأپes, REDECs e demais setores) أ”أ‡أ¶ DEMANDANTES, FISCAIS E USUâ”œأ¼RIOS	â”œأ´rgâ”œأ؛os Subordinados (Direâ”œآ؛â”œأپes, Coordenaâ”œآ؛â”œأپes, REDECs e demais setores)	DEMANDANTES, FISCAIS E USUâ”œأ¼RIOS	Os â”œâ”‚rgâ”œأ؛os subordinados sâ”œأ؛o os usuâ”œأ­rios finais dos serviâ”œآ؛os contratados e, por isso, sâ”œأ؛o quem melhor percebe a aderâ”œآ¬ncia (ou nâ”œأ؛o) dos contratos â”œأ،s necessidades reais. Desempenham tambâ”œآ®m o papel de fiscais da execuâ”œآ؛â”œأ؛o contratual, quando designados, assegurando que os serviâ”œآ؛os prestados correspondam ao contratado.	{"Identificar e reportar â”œأ، SUOP as necessidades de serviâ”œآ؛os contratados, descrevendo o impacto operacional","Reportar inadequaâ”œآ؛â”œأپes, lacunas ou excessâ”œâ”‚s nos contratos vigentes, subsidiando a revisâ”œأ؛o periâ”œâ”‚dica conduzida pela SUOP","Fiscalizar a execuâ”œآ؛â”œأ؛o dos serviâ”œآ؛os contratados, quando designados como fiscal do contrato","Fornecer especificaâ”œآ؛â”œأپes tâ”œآ®cnicas para novas contrataâ”œآ؛â”œأپes ou adequaâ”œآ؛â”œأپes de contratos existentes"}	{"Nâ”œأ؛o contratar serviâ”œآ؛os por fora do fluxo institucional","Nâ”œأ؛o alterar escopo contratual sem submissâ”œأ؛o ao processo formal","Nâ”œأ؛o renovar contratos automaticamente sem avaliaâ”œآ؛â”œأ؛o crâ”œآ،tica da aderâ”œآ¬ncia â”œأ،s necessidades atuais"}	{"Canal claro para reportar necessidades e inadequaâ”œآ؛â”œأپes de serviâ”œآ؛os contratados (definido pela SUOP)","Retorno sobre a priorizaâ”œآ؛â”œأ؛o das demandas (o setor deve saber o status da sua solicitaâ”œآ؛â”œأ؛o)","Apoio para o exercâ”œآ،cio da fiscalizaâ”œآ؛â”œأ؛o contratual (orientaâ”œآ؛â”œأ؛o, instrumentos, canal de escalonamento)","Serviâ”œآ؛os contratados com qualidade e prazo compatâ”œآ،veis com a necessidade operacional"}	2026-02-21 12:05:31.311365+00
51	14	1	ICTDEC أ”أ‡أ¶ Lâ”œأ¬DER E ARTICULADOR	ICTDEC	Lâ”œأ¬DER E ARTICULADOR	O ICTDEC â”œآ® o escritâ”œâ”‚rio de articulaâ”œآ؛â”œأ؛o institucional da Secretaria junto ao ecossistema de Ciâ”œآ¬ncia, Tecnologia e Inovaâ”œآ؛â”œأ؛o. Compete-lhe formalizar os acordos de cooperaâ”œآ؛â”œأ؛o tâ”œآ®cnica, gerir o ciclo de vida das parcerias, coordenar o portfâ”œâ”‚lio de projetos de pesquisa e assegurar que os produtos gerados sejam disseminados para a estrutura SEDEC e para o SIEPDEC. O ICTDEC nâ”œأ؛o executa pesquisa diretamente أ”أ‡أ¶ essa â”œآ® a competâ”œآ¬ncia do CEPEDEC أ”أ‡أ¶, mas garante que as parcerias estejam alinhadas â”œأ،s prioridades estratâ”œآ®gicas e que os projetos tenham viabilidade institucional. A formalizaâ”œآ؛â”œأ؛o dos instrumentos de cooperaâ”œآ؛â”œأ؛o depende da aprovaâ”œآ؛â”œأ؛o da SUBSEGAD e do parecer jurâ”œآ،dico da ASSEJUR.	{"Mapear e prospectar oportunidades de parceria com IES, ICTs e demais instituiâ”œآ؛â”œأپes de pesquisa, alinhadas aos gargalos operacionais da Secretaria e do SIEPDEC","Elaborar minutas de acordos de cooperaâ”œآ؛â”œأ؛o tâ”œآ®cnica, convâ”œآ¬nios e termos de parceria para projetos de pesquisa e extensâ”œأ؛o, submetendo-as â”œأ، aprovaâ”œآ؛â”œأ؛o da SUBSEGAD e ao parecer da ASSEJUR","Gerir o ciclo de vida das parcerias formalizadas, monitorando execuâ”œآ؛â”œأ؛o, vigâ”œآ¬ncia e resultados","Coordenar o portfâ”œâ”‚lio de projetos de pesquisa, assegurando alinhamento estratâ”œآ®gico e evitando sobreposiâ”œآ؛â”œأپes","Disseminar os produtos da pesquisa para a estrutura SEDEC e para o SIEPDEC, em articulaâ”œآ؛â”œأ؛o com a SUOP","Articular com a AE 1.1.3 (fontes de recursos) a submissâ”œأ؛o de projetos a editais de fomento que viabilizem as parcerias"}	{"Nâ”œأ؛o executar pesquisa diretamente (competâ”œآ¬ncia do CEPEDEC)","Nâ”œأ؛o definir prioridades de pesquisa sem validaâ”œآ؛â”œأ؛o da SUOP quanto â”œأ، aderâ”œآ¬ncia aos gargalos operacionais","Nâ”œأ؛o substituir a articulaâ”œآ؛â”œأ؛o polâ”œآ،tica com municâ”œآ،pios (prerrogativa da SUOP e da Alta Gestâ”œأ؛o)"}	{"Sinalizaâ”œآ؛â”œأ؛o pela SUOP dos gargalos operacionais prioritâ”œأ­rios que demandam pesquisa aplicada","Capacidade executiva do CEPEDEC para conduzir os projetos de pesquisa formalizados","Disponibilidade de IES e ICTs para celebraâ”œآ؛â”œأ؛o de parcerias","Apoio jurâ”œآ،dico da ASSEJUR para validaâ”œآ؛â”œأ؛o dos instrumentos de cooperaâ”œآ؛â”œأ؛o","Aprovaâ”œآ؛â”œأ؛o da SUBSEGAD para formalizaâ”œآ؛â”œأ؛o dos convâ”œآ¬nios e termos de parceria","Viabilizaâ”œآ؛â”œأ؛o orâ”œآ؛amentâ”œأ­ria ou captaâ”œآ؛â”œأ؛o de recursos externos (AE 1.1.3) para custeio dos projetos"}	2026-02-21 12:05:31.311365+00
52	14	2	CEPEDEC أ”أ‡أ¶ EXECUTOR DE PESQUISA	CEPEDEC	EXECUTOR DE PESQUISA	O CEPEDEC â”œآ® o braâ”œآ؛o de pesquisa da Secretaria. Compete-lhe conduzir os projetos de pesquisa e extensâ”œأ؛o formalizados pelo ICTDEC, em articulaâ”œآ؛â”œأ؛o direta com os parceiros acadâ”œآ¬micos. O CEPEDEC transforma os problemas operacionais sinalizados pela SUOP em projetos de investigaâ”œآ؛â”œأ؛o cientâ”œآ،fica aplicada, gerando produtos أ”أ‡أ¶ relatâ”œâ”‚rios, protocolos, metodologias, dados أ”أ‡أ¶ que alimentam a melhoria das prâ”œأ­ticas da Secretaria e do Sistema Estadual.	{"Conduzir os projetos de pesquisa e extensâ”œأ؛o formalizados, em articulaâ”œآ؛â”œأ؛o com os parceiros acadâ”œآ¬micos","Traduzir gargalos operacionais em projetos de investigaâ”œآ؛â”œأ؛o cientâ”œآ،fica com metodologia adequada","Produzir entregas aplicâ”œأ­veis: relatâ”œâ”‚rios tâ”œآ®cnicos, protocolos, metodologias, bases de dados, recomendaâ”œآ؛â”œأپes","Participar da elaboraâ”œآ؛â”œأ؛o de propostas para editais de fomento, no que se refere ao componente tâ”œآ®cnico-cientâ”œآ،fico","Reportar ao ICTDEC o andamento e os resultados dos projetos em execuâ”œآ؛â”œأ؛o"}	{"Nâ”œأ؛o formalizar parcerias ou instrumentos jurâ”œآ،dicos de cooperaâ”œآ؛â”œأ؛o (competâ”œآ¬ncia do ICTDEC, com aprovaâ”œآ؛â”œأ؛o da SUBSEGAD e parecer da ASSEJUR)","Nâ”œأ؛o definir linhas de pesquisa isoladamente, sem alinhamento com as prioridades estratâ”œآ®gicas validadas pela SUOP","Nâ”œأ؛o assumir funâ”œآ؛â”œأپes de disseminaâ”œآ؛â”œأ؛o institucional dos resultados (competâ”œآ¬ncia do ICTDEC)"}	{"Parcerias formalizadas pelo ICTDEC com IES e ICTs, com planos de trabalho definidos","Priorizaâ”œآ؛â”œأ؛o das linhas de pesquisa validada pela SUOP","Recursos (financeiros, humanos, materiais) para execuâ”œآ؛â”œأ؛o dos projetos","Acesso a dados operacionais da Secretaria e dos municâ”œآ،pios, quando necessâ”œأ­rio para a pesquisa"}	2026-02-21 12:05:31.311365+00
53	14	3	SUOP (sob aval da SUBSEGOP) أ”أ‡أ¶ ORIENTADOR ESTRATâ”œأ«GICO	SUOP (sob aval da SUBSEGOP)	ORIENTADOR ESTRATâ”œأ«GICO	A SUOP â”œآ® a instâ”œأ³ncia que conecta a pesquisa â”œأ، operaâ”œآ؛â”œأ؛o. Compete-lhe sinalizar os gargalos operacionais que demandam pesquisa aplicada, validar a priorizaâ”œآ؛â”œأ؛o dos projetos propostos pelo ICTDEC e articular as demandas oriundas das COMDECs. Sem essa orientaâ”œآ؛â”œأ؛o, a pesquisa corre o risco de se descolar dos problemas reais e gerar produâ”œآ؛â”œأ؛o acadâ”œآ¬mica sem impacto institucional.	{"Sinalizar ao ICTDEC os gargalos operacionais prioritâ”œأ­rios da estrutura SEDEC e das COMDECs que demandam pesquisa aplicada","Validar a priorizaâ”œآ؛â”œأ؛o dos projetos de pesquisa propostos, assegurando alinhamento â”œأ،s necessidades estratâ”œآ®gicas e operacionais","Articular com as COMDECs, por meio das REDECs, a identificaâ”œآ؛â”œأ؛o de demandas de pesquisa e extensâ”œأ؛o oriundas dos municâ”œآ،pios","Apoiar a disseminaâ”œآ؛â”œأ؛o dos produtos da pesquisa para os â”œâ”‚rgâ”œأ؛os subordinados e para o SIEPDEC"}	{"Nâ”œأ؛o formalizar parcerias acadâ”œآ¬micas (competâ”œآ¬ncia do ICTDEC)","Nâ”œأ؛o executar ou conduzir projetos de pesquisa (competâ”œآ¬ncia do CEPEDEC)","Nâ”œأ؛o definir metodologia cientâ”œآ،fica dos projetos (competâ”œآ¬ncia do CEPEDEC e dos parceiros acadâ”œآ¬micos)"}	{"Portfâ”œâ”‚lio de projetos de pesquisa organizado pelo ICTDEC, com descriâ”œآ؛â”œأ؛o do problema, escopo e produto esperado","Canal de comunicaâ”œآ؛â”œأ؛o com as COMDECs, por meio das REDECs, para levantamento de demandas","Produtos da pesquisa entregues em formato aplicâ”œأ­vel (nâ”œأ؛o apenas papers acadâ”œآ¬micos, mas relatâ”œâ”‚rios, protocolos e recomendaâ”œآ؛â”œأپes)"}	2026-02-21 12:05:31.311365+00
55	15	2	CEPEDEC أ”أ‡أ¶ EXECUTOR DOS PROGRAMAS DE EXTENSâ”œأ¢O	CEPEDEC	EXECUTOR DOS PROGRAMAS DE EXTENSâ”œأ¢O	O CEPEDEC â”œآ® quem operacionaliza os programas de extensâ”œأ؛o formalizados pelo ICTDEC. Compete-lhe receber e supervisionar estudantes e pesquisadores, articular com as IES a execuâ”œآ؛â”œأ؛o das atividades, e assegurar que os produtos gerados (relatâ”œâ”‚rios, diagnâ”œâ”‚sticos, propostas) tenham qualidade tâ”œآ®cnica e aplicabilidade. O CEPEDEC â”œآ® tambâ”œآ®m o elo entre os estudantes e os â”œâ”‚rgâ”œأ؛os da Secretaria que fornecem o campo de prâ”œأ­tica.	{"Operacionalizar os programas de estâ”œأ­gio tâ”œآ®cnico, residâ”œآ¬ncia e intercâ”œأ³mbio acadâ”œآ¬mico formalizados pelo ICTDEC","Supervisionar estudantes e pesquisadores durante a imersâ”œأ؛o na rotina operacional, em articulaâ”œآ؛â”œأ؛o com a IES de origem","Articular com os â”œâ”‚rgâ”œأ؛os subordinados a alocaâ”œآ؛â”œأ؛o de estudantes em atividades aderentes aos gargalos e demandas identificados","Assegurar que os produtos das atividades de extensâ”œأ؛o tenham qualidade tâ”œآ®cnica e aplicabilidade institucional","Reportar ao ICTDEC o andamento e os resultados dos programas em execuâ”œآ؛â”œأ؛o"}	{"Nâ”œأ؛o formalizar parcerias ou instrumentos jurâ”œآ،dicos de cooperaâ”œآ؛â”œأ؛o (competâ”œآ¬ncia do ICTDEC, com aprovaâ”œآ؛â”œأ؛o da SUBSEGAD e parecer da ASSEJUR)","Nâ”œأ؛o definir temas de extensâ”œأ؛o isoladamente, sem alinhamento com as demandas validadas pelos â”œâ”‚rgâ”œأ؛os da Secretaria","Nâ”œأ؛o substituir a supervisâ”œأ؛o acadâ”œآ¬mica da IES de origem (a supervisâ”œأ؛o â”œآ® compartilhada: CEPEDEC no campo, IES na formaâ”œآ؛â”œأ؛o)"}	{"Parcerias formalizadas pelo ICTDEC com IES e ICTs, com programas e planos de trabalho definidos","Demandas dos â”œâ”‚rgâ”œأ؛os subordinados para orientaâ”œآ؛â”œأ؛o dos temas de extensâ”œأ؛o","Espaâ”œآ؛o fâ”œآ،sico e condiâ”œآ؛â”œأپes operacionais para receber estudantes nos â”œâ”‚rgâ”œأ؛os (AE 4.1.1)","Recursos para custeio das atividades de extensâ”œأ؛o, quando nâ”œأ؛o cobertos pela IES parceira"}	2026-02-21 12:05:31.311365+00
56	15	3	â”œأ´rgâ”œأ؛os Subordinados (Direâ”œآ؛â”œأپes, Coordenaâ”œآ؛â”œأپes, REDECs e demais setores) أ”أ‡أ¶ FONTE DE DEMANDAS E CAMPO DE PRâ”œأ¼TICA	â”œأ´rgâ”œأ؛os Subordinados (Direâ”œآ؛â”œأپes, Coordenaâ”œآ؛â”œأپes, REDECs e demais setores)	FONTE DE DEMANDAS E CAMPO DE PRâ”œأ¼TICA	Os â”œâ”‚rgâ”œأ؛os subordinados sâ”œأ؛o a fonte primâ”œأ­ria de conhecimento sobre a realidade prâ”œأ­tica e os gargalos operacionais que devem orientar as atividades de extensâ”œأ؛o. Sâ”œأ؛o eles que fornecem o campo de prâ”œأ­tica para os estudantes e pesquisadores, e que validam a relevâ”œأ³ncia dos temas propostos. As REDECs, como â”œâ”‚rgâ”œأ؛os vocacionados para a interface com os municâ”œآ،pios, sâ”œأ؛o o canal natural para coleta de demandas das COMDECs que possam ser incorporadas aos programas de extensâ”œأ؛o.	{"Identificar e reportar gargalos operacionais e demandas do setor que possam ser endereâ”œآ؛ados por atividades de extensâ”œأ؛o","Receber estudantes e pesquisadores no ambiente operacional, oferecendo acesso â”œأ، rotina e aos dados necessâ”œأ­rios","Validar a relevâ”œأ³ncia e a aplicabilidade dos produtos gerados pelas atividades de extensâ”œأ؛o","As REDECs, especificamente, coletar e encaminhar demandas das COMDECs que possam ser incorporadas aos programas"}	{"Nâ”œأ؛o formalizar parcerias acadâ”œآ¬micas diretamente (competâ”œآ¬ncia do ICTDEC)","Nâ”œأ؛o definir o programa de extensâ”œأ؛o (competâ”œآ¬ncia do ICTDEC em articulaâ”œآ؛â”œأ؛o com o CEPEDEC e as IES)","Nâ”œأ؛o supervisionar academicamente os estudantes (competâ”œآ¬ncia do CEPEDEC e da IES de origem)"}	{"Comunicaâ”œآ؛â”œأ؛o prâ”œآ®via sobre a chegada de estudantes e o escopo das atividades no setor","Garantia de que a presenâ”œآ؛a de estudantes nâ”œأ؛o gere sobrecarga operacional desproporcionada ao setor","Retorno sobre os produtos gerados pelas atividades de extensâ”œأ؛o realizadas no setor"}	2026-02-21 12:05:31.311365+00
57	16	1	ICTDEC أ”أ‡أ¶ Lâ”œأ¬DER E ARTICULADOR INSTITUCIONAL	ICTDEC	Lâ”œأ¬DER E ARTICULADOR INSTITUCIONAL	O ICTDEC â”œآ® o escritâ”œâ”‚rio de articulaâ”œآ؛â”œأ؛o institucional da Secretaria junto ao ecossistema de Ciâ”œآ¬ncia, Tecnologia e Inovaâ”œآ؛â”œأ؛o. Nesta aâ”œآ؛â”œأ؛o, compete-lhe mapear redes relevantes, representar a Secretaria nas articulaâ”œآ؛â”œأپes institucionais, formalizar as adesâ”œأپes e parcerias (submetendo-as â”œأ، aprovaâ”œآ؛â”œأ؛o da SUBSEGAD e ao parecer da ASSEJUR) e coordenar o portfâ”œâ”‚lio de redes em que a instituiâ”œآ؛â”œأ؛o participa. A participaâ”œآ؛â”œأ؛o tâ”œآ®cnico-cientâ”œآ،fica nos projetos â”œآ® competâ”œآ¬ncia do CEPEDEC.	{"Mapear os principais grupos de estudos, redes de pesquisa e ecossistemas de inovaâ”œآ؛â”œأ؛o em defesa civil nas escalas estadual, nacional e internacional","Avaliar a aderâ”œآ¬ncia das redes identificadas â”œأ،s prioridades estratâ”œآ®gicas da Secretaria, propondo adesâ”œأپes seletivas","Representar institucionalmente a Secretaria nas articulaâ”œآ؛â”œأپes para ingresso em redes e projetos multi-institucionais","Elaborar minutas dos instrumentos de adesâ”œأ؛o e parceria, submetendo-as â”œأ، aprovaâ”œآ؛â”œأ؛o da SUBSEGAD e ao parecer da ASSEJUR","Gerir o portfâ”œâ”‚lio de redes em que a Secretaria participa, monitorando resultados e relevâ”œأ³ncia continuada","Articular com a AE 1.1.3 (fontes de recursos) a identificaâ”œآ؛â”œأ؛o de editais de fomento acessâ”œآ،veis por meio da participaâ”œآ؛â”œأ؛o em redes"}	{"Nâ”œأ؛o participar tecnicamente nos projetos de pesquisa das redes (competâ”œآ¬ncia do CEPEDEC)","Nâ”œأ؛o aderir a redes sem validaâ”œآ؛â”œأ؛o do alinhamento estratâ”œآ®gico pela SUOP","Nâ”œأ؛o manter participaâ”œآ؛â”œأپes nominais sem retorno institucional mensurâ”œأ­vel (projetos, publicaâ”œآ؛â”œأپes, recursos, transferâ”œآ¬ncia de conhecimento)"}	{"Orientaâ”œآ؛â”œأ؛o estratâ”œآ®gica da SUOP sobre os temas prioritâ”œأ­rios para a Secretaria e o SIEPDEC","Capacidade tâ”œآ®cnica do CEPEDEC para sustentar a participaâ”œآ؛â”œأ؛o ativa nas redes","Aprovaâ”œآ؛â”œأ؛o da SUBSEGAD para formalizaâ”œآ؛â”œأ؛o dos instrumentos de adesâ”œأ؛o e parceria","Parecer jurâ”œآ،dico da ASSEJUR sobre os instrumentos de cooperaâ”œآ؛â”œأ؛o","Recursos para custeio da participaâ”œآ؛â”œأ؛o (viagens, inscriâ”œآ؛â”œأپes, contrapartidas), quando aplicâ”œأ­vel"}	2026-02-21 12:05:31.311365+00
58	16	2	CEPEDEC أ”أ‡أ¶ PARTICIPANTE Tâ”œأ«CNICO-CIENTâ”œأ¬FICO	CEPEDEC	PARTICIPANTE Tâ”œأ«CNICO-CIENTâ”œأ¬FICO	O CEPEDEC â”œآ® o braâ”œآ؛o de pesquisa da Secretaria e, portanto, o â”œâ”‚rgâ”œأ؛o que sustenta a participaâ”œآ؛â”œأ؛o tâ”œآ®cnica nas redes formalizadas pelo ICTDEC. Compete-lhe conduzir projetos colaborativos, produzir e compartilhar conhecimento no â”œأ³mbito das redes, e garantir que a presenâ”œآ؛a institucional se traduza em contribuiâ”œآ؛â”œأ؛o cientâ”œآ،fica efetiva. Sem essa participaâ”œآ؛â”œأ؛o ativa, a adesâ”œأ؛o a redes se torna meramente nominal.	{"Participar ativamente dos projetos de pesquisa colaborativos no â”œأ³mbito das redes em que a Secretaria estâ”œأ­ inserida","Produzir e compartilhar conhecimento tâ”œآ®cnico-cientâ”œآ،fico com os demais membros das redes","Representar a Secretaria tecnicamente em eventos, grupos de trabalho e reuniâ”œأپes tâ”œآ®cnicas das redes","Identificar oportunidades de projetos colaborativos e editais de fomento acessâ”œآ،veis por meio das redes, reportando ao ICTDEC","Reportar ao ICTDEC os resultados e produtos gerados pela participaâ”œآ؛â”œأ؛o nas redes"}	{"Nâ”œأ؛o formalizar adesâ”œأپes ou instrumentos de parceria (competâ”œآ¬ncia do ICTDEC, com aprovaâ”œآ؛â”œأ؛o da SUBSEGAD e parecer da ASSEJUR)","Nâ”œأ؛o representar institucionalmente a Secretaria nas articulaâ”œآ؛â”œأپes polâ”œآ،ticas de ingresso em redes (competâ”œآ¬ncia do ICTDEC)","Nâ”œأ؛o definir isoladamente as redes em que a Secretaria deve participar (decisâ”œأ؛o validada pelo ICTDEC com orientaâ”œآ؛â”œأ؛o da SUOP)"}	{"Parcerias e adesâ”œأپes formalizadas pelo ICTDEC, com escopo e compromissos definidos","Recursos (humanos, materiais, financeiros) para sustentar a participaâ”œآ؛â”œأ؛o ativa nos projetos","Acesso a dados operacionais da Secretaria, quando necessâ”œأ­rio para os projetos colaborativos","Alinhamento com as prioridades estratâ”œآ®gicas para direcionar a contribuiâ”œآ؛â”œأ؛o tâ”œآ®cnica nas redes"}	2026-02-21 12:05:31.311365+00
93	25	6	ESDEC أ”أ‡أ¶ CAPACITADORA	ESDEC	CAPACITADORA	A ESDEC capacita agentes do SIEPDEC-RJ. Nesta aâ”œآ؛â”œأ؛o, forma agentes municipais para atuar em prevenâ”œآ؛â”œأ؛o e mitigaâ”œآ؛â”œأ؛o: mapeamento de riscos, planejamento de medidas nâ”œأ؛o estruturais, normatizaâ”œآ؛â”œأ؛o local e ordenamento territorial. Os conteâ”œâ•‘dos tâ”œآ®cnicos sâ”œأ؛o fornecidos pelo ICTDEC/CEPEDEC, pelo CEMADEN-RJ e pela Coordenadoria de Engenharia.	{"Estruturar e executar programas de capacitaâ”œآ؛â”œأ؛o para agentes municipais em prevenâ”œآ؛â”œأ؛o e mitigaâ”œآ؛â”œأ؛o","Incluir conteâ”œâ•‘dos de mapeamento de riscos, normatizaâ”œآ؛â”œأ؛o, ordenamento territorial e medidas nâ”œأ؛o estruturais","Avaliar o aprendizado e retroalimentar o modelo de capacitaâ”œآ؛â”œأ؛o"}	{"Nâ”œأ؛o definir padrâ”œأپes tâ”œآ®cnicos (competâ”œآ¬ncia dos â”œâ”‚rgâ”œأ؛os setoriais)","Nâ”œأ؛o executar medidas de prevenâ”œآ؛â”œأ؛o ou mitigaâ”œآ؛â”œأ؛o","Nâ”œأ؛o articular com municâ”œآ،pios sobre adesâ”œأ؛o (competâ”œآ¬ncia das REDECs via DREDEC)"}	{"Conteâ”œâ•‘dos tâ”œآ®cnicos fornecidos pelo ICTDEC/CEPEDEC, CEMADEN-RJ e Coord. Engenharia","Demanda dimensionada pela SUOP","Apoio logâ”œآ،stico das REDECs para capacitaâ”œآ؛â”œأ؛o no territâ”œâ”‚rio"}	2026-02-21 12:05:31.311365+00
59	16	3	SUOP (sob aval da SUBSEGOP) أ”أ‡أ¶ ORIENTADOR ESTRATâ”œأ«GICO	SUOP (sob aval da SUBSEGOP)	ORIENTADOR ESTRATâ”œأ«GICO	A SUOP â”œآ® a instâ”œأ³ncia que conecta a agenda de pesquisa â”œأ،s necessidades reais da operaâ”œآ؛â”œأ؛o e do Sistema Estadual. Compete-lhe validar o alinhamento estratâ”œآ®gico das redes propostas pelo ICTDEC, sinalizar os temas prioritâ”œأ­rios e articular, por meio das REDECs, as demandas das COMDECs que possam ser incorporadas â”œأ، agenda de pesquisa em rede. Sem essa orientaâ”œآ؛â”œأ؛o, a participaâ”œآ؛â”œأ؛o em redes pode se descolar das prioridades institucionais.	{"Validar o alinhamento estratâ”œآ®gico das redes propostas pelo ICTDEC, assegurando aderâ”œآ¬ncia â”œأ،s necessidades operacionais e â”œأ، estratâ”œآ®gia institucional","Sinalizar ao ICTDEC os temas prioritâ”œأ­rios da Secretaria e do SIEPDEC que devem orientar a seleâ”œآ؛â”œأ؛o de redes","Articular, por meio das REDECs, as demandas das COMDECs que possam ser incorporadas â”œأ، agenda de pesquisa em rede","Apoiar a disseminaâ”œآ؛â”œأ؛o dos resultados e produtos das redes para os â”œâ”‚rgâ”œأ؛os subordinados e para o SIEPDEC"}	{"Nâ”œأ؛o formalizar adesâ”œأپes a redes (competâ”œآ¬ncia do ICTDEC)","Nâ”œأ؛o participar tecnicamente nos projetos de pesquisa (competâ”œآ¬ncia do CEPEDEC)","Nâ”œأ؛o definir metodologia cientâ”œآ،fica dos projetos colaborativos (competâ”œآ¬ncia do CEPEDEC e dos parceiros)"}	{"Portfâ”œâ”‚lio de redes organizado pelo ICTDEC, com descriâ”œآ؛â”œأ؛o do escopo, compromissos e resultados esperados","Canal de comunicaâ”œآ؛â”œأ؛o com as COMDECs, por meio das REDECs, para levantamento de demandas","Produtos das redes entregues em formato aplicâ”œأ­vel â”œأ، operaâ”œآ؛â”œأ؛o e â”œأ، polâ”œآ،tica institucional"}	2026-02-21 12:05:31.311365+00
60	17	1	CEPEDEC أ”أ‡أ¶ Lâ”œأ¬DER DE PD&I	CEPEDEC	Lâ”œأ¬DER DE PD&I	O CEPEDEC â”œآ® o â”œâ”‚rgâ”œأ؛o de pesquisa da Secretaria e, nesta aâ”œآ؛â”œأ؛o, assume a lideranâ”œآ؛a do ciclo de Pesquisa, Desenvolvimento e Inovaâ”œآ؛â”œأ؛o institucional. Compete-lhe transformar problemas organizacionais em projetos de PD&I, conduzir a pesquisa aplicada, desenvolver e testar soluâ”œآ؛â”œأپes (novos produtos, serviâ”œآ؛os ou processos) e entregâ”œأ­-las validadas para incorporaâ”œآ؛â”œأ؛o pela SUOP. O CEPEDEC utiliza como matâ”œآ®ria-prima tanto os gargalos sinalizados pelos â”œâ”‚rgâ”œأ؛os subordinados quanto os diagnâ”œâ”‚sticos produzidos pelo ICTDEC nas aâ”œآ؛â”œأپes de governanâ”œآ؛a e gestâ”œأ؛o.	{"Conduzir o ciclo de PD&I institucional: pesquisa aplicada, desenvolvimento, prototipagem e validaâ”œآ؛â”œأ؛o de soluâ”œآ؛â”œأپes","Transformar problemas organizacionais identificados pelos â”œâ”‚rgâ”œأ؛os e pelo ICTDEC em projetos de inovaâ”œآ؛â”œأ؛o","Consultar referâ”œآ¬ncias externas, parceiros acadâ”œآ¬micos (AE 6.1.3) e conhecimento interno sistematizado (AE 6.3.2) para fundamentar as soluâ”œآ؛â”œأپes","Entregar soluâ”œآ؛â”œأپes validadas â”œأ، SUOP para incorporaâ”œآ؛â”œأ؛o na rotina institucional","Manter portfâ”œâ”‚lio de projetos de inovaâ”œآ؛â”œأ؛o em andamento, com registro de resultados e liâ”œآ؛â”œأپes aprendidas"}	{"Nâ”œأ؛o definir prioridades de inovaâ”œآ؛â”œأ؛o sem validaâ”œآ؛â”œأ؛o da SUOP quanto â”œأ، aderâ”œآ¬ncia aos problemas operacionais prioritâ”œأ­rios","Nâ”œأ؛o implantar inovaâ”œآ؛â”œأپes diretamente nos â”œâ”‚rgâ”œأ؛os (a incorporaâ”œآ؛â”œأ؛o â”œآ® coordenada pela SUOP)","Nâ”œأ؛o produzir inovaâ”œآ؛â”œأپes desconectadas de problemas reais da instituiâ”œآ؛â”œأ؛o"}	{"Sinalizaâ”œآ؛â”œأ؛o de problemas e gargalos prioritâ”œأ­rios pela SUOP e pelos â”œâ”‚rgâ”œأ؛os subordinados","Diagnâ”œâ”‚sticos de governanâ”œآ؛a e gestâ”œأ؛o produzidos pelo ICTDEC (mapeamento de processos, diagnâ”œâ”‚sticos de competâ”œآ¬ncias, avaliaâ”œآ؛â”œأپes de desempenho)","Conhecimento tâ”œأ­cito sistematizado (AE 6.3.2) como insumo para projetos de inovaâ”œآ؛â”œأ؛o","Parcerias acadâ”œآ¬micas formalizadas (AE 6.1.3) para suporte tâ”œآ®cnico-cientâ”œآ،fico quando necessâ”œأ­rio","Recursos para custeio dos projetos de PD&I"}	2026-02-21 12:05:31.311365+00
61	17	2	ICTDEC أ”أ‡أ¶ EXECUTOR E PROVEDOR DE INSUMOS	ICTDEC	EXECUTOR E PROVEDOR DE INSUMOS	O ICTDEC, ao conduzir as aâ”œآ؛â”œأپes de melhoria de governanâ”œآ؛a e gestâ”œأ؛o (mapeamento de processos, diagnâ”œâ”‚sticos de competâ”œآ¬ncias, avaliaâ”œآ؛â”œأپes de desempenho, anâ”œأ­lise institucional), gera um volume significativo de informaâ”œآ؛â”œأپes sobre gargalos, redundâ”œأ³ncias e oportunidades de melhoria. Esses diagnâ”œâ”‚sticos sâ”œأ؛o matâ”œآ®ria-prima para o ciclo PD&I liderado pelo CEPEDEC. O ICTDEC nâ”œأ؛o lidera a inovaâ”œآ؛â”œأ؛o, mas a alimenta com insumos estruturados e fomenta a organizaâ”œآ؛â”œأ؛o das informaâ”œآ؛â”œأپes que permitem identificar onde a inovaâ”œآ؛â”œأ؛o pode gerar maior impacto.	{"Fornecer ao CEPEDEC os diagnâ”œâ”‚sticos e dados produzidos nas aâ”œآ؛â”œأپes de governanâ”œآ؛a e gestâ”œأ؛o (AEs 2.1.1 a 2.1.7) como subsâ”œآ،dio para projetos de inovaâ”œآ؛â”œأ؛o","Fomentar a organizaâ”œآ؛â”œأ؛o e sistematizaâ”œآ؛â”œأ؛o de informaâ”œآ؛â”œأپes das aâ”œآ؛â”œأپes de melhoria que possam servir de subsâ”œآ،dios para criaâ”œآ؛â”œأ؛o de inovaâ”œآ؛â”œأپes","Sinalizar ao CEPEDEC gargalos recorrentes identificados nos diagnâ”œâ”‚sticos que demandem soluâ”œآ؛â”œأپes inovadoras","Apoiar a validaâ”œآ؛â”œأ؛o tâ”œآ®cnica de inovaâ”œآ؛â”œأپes que incidam sobre processos de gestâ”œأ؛o e governanâ”œآ؛a (assegurar aderâ”œآ¬ncia â”œأ،s metodologias institucionais)"}	{"Nâ”œأ؛o liderar o ciclo de PD&I (competâ”œآ¬ncia do CEPEDEC)","Nâ”œأ؛o conduzir pesquisa aplicada para desenvolvimento de soluâ”œآ؛â”œأپes (competâ”œآ¬ncia do CEPEDEC)","Nâ”œأ؛o incorporar inovaâ”œآ؛â”œأپes nos â”œâ”‚rgâ”œأ؛os (coordenaâ”œآ؛â”œأ؛o da SUOP)"}	{"Aâ”œآ؛â”œأپes de governanâ”œآ؛a e gestâ”œأ؛o em execuâ”œآ؛â”œأ؛o (AEs do OE 2) gerando diagnâ”œâ”‚sticos e dados utilizâ”œأ­veis","Canal claro de comunicaâ”œآ؛â”œأ؛o com o CEPEDEC para transferâ”œآ¬ncia dos insumos","Retroalimentaâ”œآ؛â”œأ؛o do CEPEDEC sobre quais insumos sâ”œأ؛o mais â”œâ•‘teis para o ciclo PD&I"}	2026-02-21 12:05:31.311365+00
62	17	3	SUOP (sob aval da SUBSEGOP) أ”أ‡أ¶ ORIENTADOR ESTRATâ”œأ«GICO	SUOP (sob aval da SUBSEGOP)	ORIENTADOR ESTRATâ”œأ«GICO	A SUOP conecta a inovaâ”œآ؛â”œأ؛o â”œأ، operaâ”œآ؛â”œأ؛o. Compete-lhe validar a priorizaâ”œآ؛â”œأ؛o dos projetos de PD&I, sinalizar os problemas operacionais mais urgentes e coordenar a incorporaâ”œآ؛â”œأ؛o das inovaâ”œآ؛â”œأپes validadas na rotina dos â”œâ”‚rgâ”œأ؛os.	{"Validar a priorizaâ”œآ؛â”œأ؛o dos projetos de PD&I propostos pelo CEPEDEC, assegurando alinhamento â”œأ،s necessidades operacionais","Sinalizar ao CEPEDEC os problemas operacionais prioritâ”œأ­rios da Secretaria","Coordenar a incorporaâ”œآ؛â”œأ؛o das inovaâ”œآ؛â”œأپes validadas na rotina dos â”œâ”‚rgâ”œأ؛os subordinados, com suporte â”œأ، adoâ”œآ؛â”œأ؛o e â”œأ، gestâ”œأ؛o da mudanâ”œآ؛a (AE 2.1.4)","Apoiar a disseminaâ”œآ؛â”œأ؛o dos resultados do PD&I para os â”œâ”‚rgâ”œأ؛os da Secretaria"}	{"Nâ”œأ؛o conduzir projetos de PD&I (competâ”œآ¬ncia do CEPEDEC)","Nâ”œأ؛o desenvolver soluâ”œآ؛â”œأپes inovadoras (competâ”œآ¬ncia do CEPEDEC)","Nâ”œأ؛o definir metodologia de pesquisa (competâ”œآ¬ncia do CEPEDEC)"}	{"Portfâ”œâ”‚lio de projetos de PD&I organizado pelo CEPEDEC, com descriâ”œآ؛â”œأ؛o do problema, soluâ”œآ؛â”œأ؛o proposta e produto esperado","Inovaâ”œآ؛â”œأپes entregues validadas e em formato incorporâ”œأ­vel â”œأ، rotina (nâ”œأ؛o apenas protâ”œâ”‚tipos)"}	2026-02-21 12:05:31.311365+00
63	17	4	â”œأ´rgâ”œأ؛os Subordinados (Direâ”œآ؛â”œأپes, Coordenaâ”œآ؛â”œأپes, REDECs e demais setores) أ”أ‡أ¶ FONTE DE PROBLEMAS E DESTINATâ”œأ¼RIOS	â”œأ´rgâ”œأ؛os Subordinados (Direâ”œآ؛â”œأپes, Coordenaâ”œآ؛â”œأپes, REDECs e demais setores)	FONTE DE PROBLEMAS E DESTINATâ”œأ¼RIOS	Os â”œâ”‚rgâ”œأ؛os subordinados desempenham duplo papel: sâ”œأ؛o a fonte primâ”œأ­ria dos problemas que o PD&I deve resolver (gargalos, ineficiâ”œآ¬ncias, necessidades nâ”œأ؛o atendidas) e os destinatâ”œأ­rios finais das inovaâ”œآ؛â”œأپes, que devem ser incorporadas â”œأ، sua rotina.	{"Identificar e reportar gargalos operacionais, ineficiâ”œآ¬ncias e necessidades que possam ser endereâ”œآ؛ados por inovaâ”œآ؛â”œأ؛o","Participar da validaâ”œآ؛â”œأ؛o de protâ”œâ”‚tipos e soluâ”œآ؛â”œأپes em desenvolvimento, fornecendo feedback sobre aplicabilidade","Adotar as inovaâ”œآ؛â”œأپes incorporadas â”œأ، rotina institucional, com apoio da SUOP na transiâ”œآ؛â”œأ؛o"}	{"Nâ”œأ؛o desenvolver soluâ”œآ؛â”œأپes de PD&I isoladamente (a conduâ”œآ؛â”œأ؛o â”œآ® do CEPEDEC)","Nâ”œأ؛o rejeitar inovaâ”œآ؛â”œأپes validadas e incorporadas sem justificativa tâ”œآ®cnica fundamentada"}	{"Comunicaâ”œآ؛â”œأ؛o prâ”œآ®via sobre inovaâ”œآ؛â”œأپes em desenvolvimento que afetarâ”œأ؛o o setor","Suporte â”œأ، adoâ”œآ؛â”œأ؛o (capacitaâ”œآ؛â”œأ؛o, transiâ”œآ؛â”œأ؛o gradual, canal de dâ”œâ•‘vidas) coordenado pela SUOP","Retorno sobre os resultados das inovaâ”œآ؛â”œأپes incorporadas (o setor deve saber se a mudanâ”œآ؛a gerou o impacto esperado)"}	2026-02-21 12:05:31.311365+00
65	18	2	SUOP (sob aval da SUBSEGOP) أ”أ‡أ¶ ORIENTADOR ESTRATâ”œأ«GICO	SUOP (sob aval da SUBSEGOP)	ORIENTADOR ESTRATâ”œأ«GICO	A SUOP conecta a produâ”œآ؛â”œأ؛o de conhecimento â”œأ،s necessidades do Sistema. Compete-lhe validar a priorizaâ”œآ؛â”œأ؛o temâ”œأ­tica das chamadas, orientar as REDECs na coleta de saberes e apoiar a disseminaâ”œآ؛â”œأ؛o do conhecimento sistematizado para os â”œâ”‚rgâ”œأ؛os subordinados e para o SIEPDEC.	{"Validar a priorizaâ”œآ؛â”œأ؛o temâ”œأ­tica das chamadas de saberes/fazeres, assegurando alinhamento â”œأ،s necessidades operacionais e estratâ”œآ®gicas do Sistema","Orientar as REDECs quanto â”œأ،s â”œأ­reas prioritâ”œأ­rias de coleta junto â”œأ،s COMDECs","Apoiar a disseminaâ”œآ؛â”œأ؛o do conhecimento sistematizado para os â”œâ”‚rgâ”œأ؛os subordinados e para o SIEPDEC","Identificar oportunidades de aplicaâ”œآ؛â”œأ؛o do conhecimento sistematizado em protocolos, capacitaâ”œآ؛â”œأپes e polâ”œآ،ticas"}	{"Nâ”œأ؛o sistematizar ou validar cientificamente o conhecimento (competâ”œآ¬ncia do CEPEDEC)","Nâ”œأ؛o coletar saberes diretamente nos municâ”œآ،pios (competâ”œآ¬ncia das REDECs)","Nâ”œأ؛o definir metodologia de anâ”œأ­lise ou publicaâ”œآ؛â”œأ؛o (competâ”œآ¬ncia do CEPEDEC)"}	{"Chamadas organizadas pelo CEPEDEC com cronograma e critâ”œآ®rios claros","Conhecimento sistematizado entregue em formato aplicâ”œأ­vel (nâ”œأ؛o apenas acadâ”œآ¬mico)","Capacidade das REDECs para executar a coleta nos municâ”œآ،pios"}	2026-02-21 12:05:31.311365+00
67	19	1	CEPEDEC أ”أ‡أ¶ COCRIADOR DA METODOLOGIA E ANALISTA	CEPEDEC	COCRIADOR DA METODOLOGIA E ANALISTA	O CEPEDEC â”œآ® o â”œâ”‚rgâ”œأ؛o de pesquisa da Secretaria. Nesta aâ”œآ؛â”œأ؛o, atua em duas frentes: na Fase 1, cocria as metodologias de captura em conjunto com o ICTDEC, aportando o rigor cientâ”œآ،fico necessâ”œأ­rio para que os instrumentos de registro produzam material analitisâ”œأ­vel; na Fase 3, recebe o material coletado (tanto pelo ICTDEC nas dinâ”œأ³micas transversais quanto pelos â”œâ”‚rgâ”œأ؛os nas aplicaâ”œآ؛â”œأپes setoriais), analisa, valida e sistematiza o conhecimento em formato aplicâ”œأ­vel a PD&I, capacitaâ”œآ؛â”œأپes e protocolos.	{"Cocriar, em conjunto com o ICTDEC, as metodologias de captura e registro do conhecimento tâ”œأ­cito (critâ”œآ®rios de validaâ”œآ؛â”œأ؛o, formatos, taxonomia, padrâ”œأپes de saâ”œآ،da)","Receber e analisar o material coletado pelo ICTDEC (dinâ”œأ³micas multiâ”œâ”‚rgâ”œأ؛os) e pelos â”œâ”‚rgâ”œأ؛os (aplicaâ”œآ؛â”œأپes setoriais)","Validar cientificamente o conhecimento coletado, separando prâ”œأ­tica fundamentada de anedota","Sistematizar o conhecimento validado em formatos acessâ”œآ،veis: repositâ”œâ”‚rios, publicaâ”œآ؛â”œأپes, cadernos tâ”œآ®cnicos, bases de dados","Disponibilizar o conhecimento sistematizado como insumo para PD&I (AE 6.2.1), capacitaâ”œآ؛â”œأپes (AE 3.1.1) e registro histâ”œâ”‚rico (AE 6.3.3)"}	{"Nâ”œأ؛o conduzir dinâ”œأ³micas de captura que envolvam mâ”œâ•‘ltiplos â”œâ”‚rgâ”œأ؛os (competâ”œآ¬ncia do ICTDEC)","Nâ”œأ؛o aplicar a metodologia diretamente nos setores (competâ”œآ¬ncia do prâ”œâ”‚prio â”œâ”‚rgâ”œأ؛o)","Nâ”œأ؛o publicar material sem curadoria e validaâ”œآ؛â”œأ؛o (preservar credibilidade institucional)"}	{"Material coletado pelo ICTDEC e pelos â”œâ”‚rgâ”œأ؛os com qualidade e aderâ”œآ¬ncia aos padrâ”œأپes de saâ”œآ،da definidos na Fase 1","Orientaâ”œآ؛â”œأ؛o estratâ”œآ®gica da SUOP sobre â”œأ­reas e temas prioritâ”œأ­rios para sistematizaâ”œآ؛â”œأ؛o","Recursos para produâ”œآ؛â”œأ؛o e manutenâ”œآ؛â”œأ؛o do repositâ”œâ”‚rio de conhecimento"}	2026-02-21 12:05:31.311365+00
68	19	2	ICTDEC أ”أ‡أ¶ COCRIADOR DA METODOLOGIA E EXECUTOR TRANSVERSAL	ICTDEC	COCRIADOR DA METODOLOGIA E EXECUTOR TRANSVERSAL	O ICTDEC tem como atribuiâ”œآ؛â”œأ؛o o desenvolvimento organizacional da Secretaria. As metodologias de captura e sistematizaâ”œآ؛â”œأ؛o de conhecimento tâ”œأ­cito sâ”œأ؛o, por natureza, instrumentos de desenvolvimento organizacional أ”أ‡أ¶ transformam experiâ”œآ¬ncia individual em capacidade institucional. Isso fundamenta a participaâ”œآ؛â”œأ؛o do ICTDEC na cocriaâ”œآ؛â”œأ؛o das metodologias (Fase 1), aportando a visâ”œأ؛o de governanâ”œآ؛a e de processos que assegura a aplicabilidade dos instrumentos na realidade dos setores. Na Fase 2, o ICTDEC conduz as dinâ”œأ³micas que envolvem mâ”œâ•‘ltiplos â”œâ”‚rgâ”œأ؛os como participantes أ”أ‡أ¶ painâ”œآ®is pâ”œâ”‚s-desastre, entrevistas de transferâ”œآ¬ncia, dinâ”œأ³micas de liâ”œآ؛â”œأپes aprendidas transversais أ”أ‡أ¶ exercendo a articulaâ”œآ؛â”œأ؛o transversal que lhe â”œآ® prâ”œâ”‚pria.	{"Cocriar, em conjunto com o CEPEDEC, as metodologias de captura e registro do conhecimento tâ”œأ­cito, aportando a visâ”œأ؛o de desenvolvimento organizacional e de governanâ”œآ؛a","Assegurar que as metodologias sejam autoexplicâ”œأ­veis, com padrâ”œأپes de saâ”œآ،da claros, para que os â”œâ”‚rgâ”œأ؛os possam aplicâ”œأ­-las de forma autâ”œâ”¤noma","Conduzir as dinâ”œأ³micas de captura que envolvam mâ”œâ•‘ltiplos â”œâ”‚rgâ”œأ؛os: painâ”œآ®is pâ”œâ”‚s-desastre, entrevistas de transferâ”œآ¬ncia de conhecimento, dinâ”œأ³micas transversais de liâ”œآ؛â”œأپes aprendidas","Encaminhar o material coletado nas dinâ”œأ³micas transversais ao CEPEDEC para anâ”œأ­lise e sistematizaâ”œآ؛â”œأ؛o (Fase 3)"}	{"Nâ”œأ؛o analisar ou validar cientificamente o conhecimento coletado (competâ”œآ¬ncia do CEPEDEC)","Nâ”œأ؛o substituir a aplicaâ”œآ؛â”œأ؛o setorial da metodologia pelos â”œâ”‚rgâ”œأ؛os (quando a captura â”œآ® interna ao setor, o â”œâ”‚rgâ”œأ؛o executa)","Nâ”œأ؛o publicar ou sistematizar o material coletado (competâ”œآ¬ncia do CEPEDEC)"}	{"Metodologia cocriada com o CEPEDEC, com instrumentos, formatos e padrâ”œأپes de saâ”œآ،da definidos","Tempo protegido dos â”œâ”‚rgâ”œأ؛os para participaâ”œآ؛â”œأ؛o nas dinâ”œأ³micas transversais (coordenado pela SUOP)","Capacidade de anâ”œأ­lise do CEPEDEC para processar o material encaminhado"}	2026-02-21 12:05:31.311365+00
69	19	3	SUOP (sob aval da SUBSEGOP) أ”أ‡أ¶ ORIENTADOR ESTRATâ”œأ«GICO	SUOP (sob aval da SUBSEGOP)	ORIENTADOR ESTRATâ”œأ«GICO	A SUOP conecta a sistematizaâ”œآ؛â”œأ؛o do conhecimento â”œأ،s necessidades operacionais. Compete-lhe validar a priorizaâ”œآ؛â”œأ؛o temâ”œأ­tica, apoiar a disseminaâ”œآ؛â”œأ؛o do conhecimento sistematizado e, criticamente, assegurar que os â”œâ”‚rgâ”œأ؛os disponham de tempo protegido para participar tanto das dinâ”œأ³micas transversais conduzidas pelo ICTDEC quanto das aplicaâ”œآ؛â”œأپes setoriais. Sem esse tempo, a aâ”œآ؛â”œأ؛o nâ”œأ؛o se viabiliza.	{"Validar a priorizaâ”œآ؛â”œأ؛o temâ”œأ­tica da sistematizaâ”œآ؛â”œأ؛o, assegurando alinhamento â”œأ،s necessidades operacionais","Assegurar que os â”œâ”‚rgâ”œأ؛os subordinados disponham de tempo protegido para participar das dinâ”œأ³micas transversais e para aplicar a metodologia setorialmente","Apoiar a disseminaâ”œآ؛â”œأ؛o do conhecimento sistematizado para os â”œâ”‚rgâ”œأ؛os da Secretaria","Identificar oportunidades de aplicaâ”œآ؛â”œأ؛o do conhecimento sistematizado em protocolos, capacitaâ”œآ؛â”œأپes e rotinas operacionais"}	{"Nâ”œأ؛o sistematizar ou validar cientificamente o conhecimento (competâ”œآ¬ncia do CEPEDEC)","Nâ”œأ؛o conduzir dinâ”œأ³micas de captura (competâ”œآ¬ncia do ICTDEC ou do â”œâ”‚rgâ”œأ؛o, conforme o caso)","Nâ”œأ؛o criar metodologias de registro (competâ”œآ¬ncia do CEPEDEC e do ICTDEC)"}	{"Metodologias definidas e cronograma de dinâ”œأ³micas estabelecido pelo ICTDEC e CEPEDEC","Conhecimento sistematizado entregue em formato aplicâ”œأ­vel â”œأ، operaâ”œآ؛â”œأ؛o","Colaboraâ”œآ؛â”œأ؛o dos â”œâ”‚rgâ”œأ؛os subordinados no processo de registro"}	2026-02-21 12:05:31.311365+00
70	19	4	â”œأ´rgâ”œأ؛os Subordinados (Direâ”œآ؛â”œأپes, Coordenaâ”œآ؛â”œأپes e demais setores) أ”أ‡أ¶ FONTE DE CONHECIMENTO, EXECUTORES SETORIAIS E DESTINATâ”œأ¼RIOS	â”œأ´rgâ”œأ؛os Subordinados (Direâ”œآ؛â”œأپes, Coordenaâ”œآ؛â”œأپes e demais setores)	FONTE DE CONHECIMENTO, EXECUTORES SETORIAIS E DESTINATâ”œأ¼RIOS	Os â”œâ”‚rgâ”œأ؛os subordinados sâ”œأ؛o os detentores do conhecimento tâ”œأ­cito que esta aâ”œآ؛â”œأ؛o busca sistematizar. Desempenham triplo papel: sâ”œأ؛o a fonte primâ”œأ­ria do conhecimento (vivenciam a operaâ”œآ؛â”œأ؛o e acumulam experiâ”œآ¬ncia), executores setoriais da metodologia (aplicam os instrumentos de captura de forma autâ”œâ”¤noma quando a atividade â”œآ® interna ao setor أ”أ‡أ¶ ex: avaliaâ”œآ؛â”œأپes pâ”œâ”‚s-simulado) e destinatâ”œأ­rios finais (recebem o conhecimento sistematizado de volta em formato aplicâ”œأ­vel â”œأ، sua rotina).	{"Aplicar a metodologia de captura de forma autâ”œâ”¤noma nas atividades internas ao setor (ex: avaliaâ”œآ؛â”œأپes pâ”œâ”‚s-simulado, registros de prâ”œأ­ticas setoriais), seguindo os padrâ”œأپes definidos na Fase 1","Participar das dinâ”œأ³micas transversais conduzidas pelo ICTDEC (painâ”œآ®is pâ”œâ”‚s-desastre, entrevistas de transferâ”œآ¬ncia, liâ”œآ؛â”œأپes aprendidas)","Compartilhar experiâ”œآ¬ncias, prâ”œأ­ticas, soluâ”œآ؛â”œأپes improvisadas e procedimentos nâ”œأ؛o documentados","Sinalizar ao ICTDEC conhecimentos crâ”œآ،ticos em risco de perda (agentes prâ”œâ”‚ximos de transferâ”œآ¬ncia ou aposentadoria)","Encaminhar o material coletado setorialmente ao CEPEDEC para anâ”œأ­lise e sistematizaâ”œآ؛â”œأ؛o","Adotar o conhecimento sistematizado devolvido pelo CEPEDEC, incorporando-o â”œأ،s prâ”œأ­ticas e protocolos do setor"}	{"Nâ”œأ؛o validar cientificamente o conhecimento registrado (competâ”œآ¬ncia do CEPEDEC)","Nâ”œأ؛o publicar relatos ou prâ”œأ­ticas sem curadoria do CEPEDEC","Nâ”œأ؛o criar metodologias prâ”œâ”‚prias de captura (usar as metodologias padronizadas definidas pelo ICTDEC e CEPEDEC)"}	{"Metodologia de captura autoexplicâ”œأ­vel, com padrâ”œأپes de saâ”œآ،da claros, definida pelo ICTDEC e CEPEDEC na Fase 1","Tempo protegido para participar das dinâ”œأ³micas transversais e para aplicar a metodologia setorialmente (coordenado pela SUOP)","Devolutiva sobre o uso e destino do conhecimento compartilhado (retroalimentaâ”œآ؛â”œأ؛o essencial para manter a adesâ”œأ؛o)","Reconhecimento institucional das contribuiâ”œآ؛â”œأپes individuais e setoriais"}	2026-02-21 12:05:31.311365+00
71	20	1	ICTDEC أ”أ‡أ¶ Lâ”œأ¬DER E GESTOR DA MEMâ”œأ´RIA Tâ”œأ«CNICA	ICTDEC	Lâ”œأ¬DER E GESTOR DA MEMâ”œأ´RIA Tâ”œأ«CNICA	A gestâ”œأ؛o da memâ”œâ”‚ria tâ”œآ®cnica e a difusâ”œأ؛o da produâ”œآ؛â”œأ؛o institucional sâ”œأ؛o atribuiâ”œآ؛â”œأپes do ICTDEC. Nesta aâ”œآ؛â”œأ؛o, compete-lhe definir a polâ”œآ،tica de registro (o que se preserva, em qual formato, com qual taxonomia), organizar e manter o acervo documental, digitalizar material histâ”œâ”‚rico e produzir a publicaâ”œآ؛â”œأ؛o institucional periâ”œâ”‚dica que consolida o registro pâ”œâ•‘blico. O ICTDEC nâ”œأ؛o produz o conteâ”œâ•‘do cientâ”œآ،fico أ”أ‡أ¶ essa â”œآ® a competâ”œآ¬ncia do CEPEDEC e dos demais â”œâ”‚rgâ”œأ؛os أ”أ‡أ¶, mas â”œآ® o guardiâ”œأ؛o da memâ”œâ”‚ria institucional.	{"Definir a polâ”œآ،tica de registro e preservaâ”œآ؛â”œأ؛o documental: critâ”œآ®rios de inclusâ”œأ؛o, taxonomia, formatos, periodicidade de atualizaâ”œآ؛â”œأ؛o","Organizar, indexar e manter o acervo documental e a memâ”œâ”‚ria tâ”œآ®cnica institucional em formato acessâ”œآ،vel e navegâ”œأ­vel","Digitalizar o acervo histâ”œâ”‚rico existente, assegurando preservaâ”œآ؛â”œأ؛o de longo prazo","Produzir a publicaâ”œآ؛â”œأ؛o institucional periâ”œâ”‚dica (anual ou semestral) que consolide o registro pâ”œâ•‘blico do histâ”œâ”‚rico institucional","Receber e incorporar ao acervo os produtos do CEPEDEC e dos â”œâ”‚rgâ”œأ؛os subordinados","Assegurar a rastreabilidade das evoluâ”œآ؛â”œأپes doutrinâ”œأ­rias, preservando versâ”œأپes histâ”œâ”‚ricas dos documentos"}	{"Nâ”œأ؛o produzir o conteâ”œâ•‘do cientâ”œآ،fico (competâ”œآ¬ncia do CEPEDEC)","Nâ”œأ؛o substituir os registros operacionais prâ”œâ”‚prios de cada â”œâ”‚rgâ”œأ؛o","Nâ”œأ؛o acumular material sem organizaâ”œآ؛â”œأ؛o (volume sem taxonomia â”œآ® inâ”œâ•‘til)"}	{"Entrega periâ”œâ”‚dica de produâ”œآ؛â”œأ؛o cientâ”œآ،fica pelo CEPEDEC em formato padronizado","Envio de registros operacionais pelos â”œâ”‚rgâ”œأ؛os subordinados, conforme polâ”œآ،tica definida","Recursos para digitalizaâ”œآ؛â”œأ؛o, armazenamento e manutenâ”œآ؛â”œأ؛o do acervo (AE 4.3.1)","Infraestrutura tecnolâ”œâ”‚gica para repositâ”œâ”‚rio digital acessâ”œآ،vel (AE 4.3.1)"}	2026-02-21 12:05:31.311365+00
72	20	2	CEPEDEC أ”أ‡أ¶ FONTE DE PRODUâ”œأ§â”œأ¢O CIENTâ”œأ¬FICA	CEPEDEC	FONTE DE PRODUâ”œأ§â”œأ¢O CIENTâ”œأ¬FICA	O CEPEDEC â”œآ® o principal produtor de conteâ”œâ•‘do tâ”œآ®cnico-cientâ”œآ،fico da Secretaria: pesquisas, publicaâ”œآ؛â”œأپes, cadernos tâ”œآ®cnicos, produtos de PD&I, conhecimento sistematizado das AEs 6.3.1 e 6.3.2. Toda essa produâ”œآ؛â”œأ؛o precisa ser entregue ao ICTDEC em formato padronizado para incorporaâ”œآ؛â”œأ؛o ao acervo e â”œأ، memâ”œâ”‚ria tâ”œآ®cnica. O CEPEDEC tambâ”œآ®m apoia a curadoria do acervo cientâ”œآ،fico, assegurando que os registros preservem o rigor e a contextualizaâ”œآ؛â”œأ؛o necessâ”œأ­rios para uso futuro.	{"Entregar ao ICTDEC, em formato padronizado, toda a produâ”œآ؛â”œأ؛o tâ”œآ®cnico-cientâ”œآ،fica: pesquisas, publicaâ”œآ؛â”œأپes, cadernos tâ”œآ®cnicos, produtos de PD&I","Entregar o conhecimento sistematizado nas AEs 6.3.1 e 6.3.2 para incorporaâ”œآ؛â”œأ؛o ao acervo","Apoiar a curadoria do acervo cientâ”œآ،fico, assegurando que os registros preservem rigor metodolâ”œâ”‚gico e contextualizaâ”œآ؛â”œأ؛o","Colaborar na definiâ”œآ؛â”œأ؛o dos critâ”œآ®rios de taxonomia para a produâ”œآ؛â”œأ؛o cientâ”œآ،fica dentro do acervo"}	{"Nâ”œأ؛o gerir o acervo documental (competâ”œآ¬ncia do ICTDEC)","Nâ”œأ؛o definir a polâ”œآ،tica geral de preservaâ”œآ؛â”œأ؛o (competâ”œآ¬ncia do ICTDEC)","Nâ”œأ؛o produzir a publicaâ”œآ؛â”œأ؛o institucional periâ”œâ”‚dica (competâ”œآ¬ncia do ICTDEC, com insumos do CEPEDEC)"}	{"Polâ”œآ،tica de registro definida pelo ICTDEC, com formatos e critâ”œآ®rios claros para entrega","Infraestrutura de repositâ”œâ”‚rio acessâ”œآ،vel para consulta ao acervo","Reconhecimento institucional da produâ”œآ؛â”œأ؛o cientâ”œآ،fica preservada (autoria, data, contexto)"}	2026-02-21 12:05:31.311365+00
73	20	3	â”œأ´rgâ”œأ؛os Subordinados (Direâ”œآ؛â”œأپes, Coordenaâ”œآ؛â”œأپes e demais setores) أ”أ‡أ¶ FONTE DE REGISTROS	â”œأ´rgâ”œأ؛os Subordinados (Direâ”œآ؛â”œأپes, Coordenaâ”œآ؛â”œأپes e demais setores)	FONTE DE REGISTROS	Os â”œâ”‚rgâ”œأ؛os subordinados sâ”œأ؛o produtores contâ”œآ،nuos de registros operacionais: relatâ”œâ”‚rios de operaâ”œآ؛â”œأپes, liâ”œآ؛â”œأپes aprendidas, avaliaâ”œآ؛â”œأپes de simulados, documentos administrativos e tâ”œآ®cnicos. Esse material â”œآ® matâ”œآ®ria-prima essencial para a memâ”œâ”‚ria tâ”œآ®cnica institucional. Compete aos â”œâ”‚rgâ”œأ؛os enviar seus registros ao ICTDEC conforme a polâ”œآ،tica de preservaâ”œآ؛â”œأ؛o definida, assegurando que o acervo reflita a realidade operacional da Secretaria.	{"Enviar ao ICTDEC registros operacionais, relatâ”œâ”‚rios, documentos tâ”œآ®cnicos e administrativos conforme a polâ”œآ،tica de preservaâ”œآ؛â”œأ؛o definida","Manter seus prâ”œâ”‚prios registros correntes organizados, facilitando a seleâ”œآ؛â”œأ؛o e envio do material para o acervo central","Sinalizar ao ICTDEC acervos histâ”œâ”‚ricos setoriais que necessitem de digitalizaâ”œآ؛â”œأ؛o ou preservaâ”œآ؛â”œأ؛o urgente","Consultar e utilizar o acervo preservado como referâ”œآ¬ncia para suas atividades"}	{"Nâ”œأ؛o gerir o acervo central (competâ”œآ¬ncia do ICTDEC)","Nâ”œأ؛o definir taxonomia ou polâ”œآ،tica de preservaâ”œآ؛â”œأ؛o (competâ”œآ¬ncia do ICTDEC)","Nâ”œأ؛o reter registros histâ”œâ”‚ricos exclusivamente no setor sem envio ao acervo central"}	{"Polâ”œآ،tica de registro clara com critâ”œآ®rios de envio, formatos e periodicidade (definida pelo ICTDEC)","Conformidade com a polâ”œآ،tica de envio assegurada pela SUOP (sob aval da SUBSEGOP)","Infraestrutura de repositâ”œâ”‚rio acessâ”œآ،vel para consulta ao acervo preservado","Devolutiva do ICTDEC sobre a incorporaâ”œآ؛â”œأ؛o do material enviado"}	2026-02-21 12:05:31.311365+00
74	21	1	CEPEDEC أ”أ‡أ¶ Lâ”œأ¬DER DA BUSCA DE SOLUâ”œأ§â”œأ²ES	CEPEDEC	Lâ”œأ¬DER DA BUSCA DE SOLUâ”œأ§â”œأ²ES	O CEPEDEC â”œآ® o â”œâ”‚rgâ”œأ؛o de pesquisa da Secretaria. Nesta aâ”œآ؛â”œأ؛o, recebe do ICTDEC e dos â”œâ”‚rgâ”œأ؛os a identificaâ”œآ؛â”œأ؛o de pontos de melhoria em produtos, processos e serviâ”œآ؛os jâ”œأ­ em operaâ”œآ؛â”œأ؛o e assume a responsabilidade de buscar soluâ”œآ؛â”œأپes أ”أ‡أ¶ seja no conhecimento produzido internamente (PD&I, saberes sistematizados), seja junto a parceiros externos (IES, ICTs, redes de pesquisa). O CEPEDEC avalia a viabilidade tâ”œآ®cnica das inovaâ”œآ؛â”œأپes incrementais identificadas, prioriza e recomenda a incorporaâ”œآ؛â”œأ؛o.	{"Receber os pontos de melhoria identificados pelo ICTDEC (a partir da anâ”œأ­lise de processos implantados) e pelos â”œâ”‚rgâ”œأ؛os (a partir da experiâ”œآ¬ncia operacional)","Buscar soluâ”œآ؛â”œأپes para os pontos de melhoria, tanto no conhecimento interno (AE 6.2.1, AE 6.3.2) quanto em fontes externas (AE 6.1.3, AE 6.1.6)","Avaliar a viabilidade tâ”œآ®cnica das inovaâ”œآ؛â”œأپes incrementais identificadas","Priorizar e recomendar a incorporaâ”œآ؛â”œأ؛o das melhorias, com indicaâ”œآ؛â”œأ؛o de impacto esperado","Manter portfâ”œâ”‚lio atualizado de inovaâ”œآ؛â”œأپes incrementais mapeadas, com status de incorporaâ”œآ؛â”œأ؛o"}	{"Nâ”œأ؛o identificar pontos de melhoria nos processos implantados (competâ”œآ¬ncia do ICTDEC, com apoio dos â”œâ”‚rgâ”œأ؛os)","Nâ”œأ؛o implantar as melhorias diretamente nos â”œâ”‚rgâ”œأ؛os (a adoâ”œآ؛â”œأ؛o â”œآ® do prâ”œâ”‚prio setor, com apoio da SUOP quando necessâ”œأ­rio)","Nâ”œأ؛o criar produtos ou processos novos nesta aâ”œآ؛â”œأ؛o (inovaâ”œآ؛â”œأ؛o radical â”œآ® competâ”œآ¬ncia da AE 6.2.1)"}	{"Pontos de melhoria identificados pelo ICTDEC e sinalizados pelos â”œâ”‚rgâ”œأ؛os como insumo primâ”œأ­rio","Conhecimento produzido pelo PD&I (AE 6.2.1) e sistematizado (AE 6.3.2) como base de soluâ”œآ؛â”œأپes","Produâ”œآ؛â”œأ؛o das IES e ICTs em cooperaâ”œآ؛â”œأ؛o tâ”œآ®cnica (AE 6.1.3) como fonte de soluâ”œآ؛â”œأپes externas","Processos mapeados pela AE 2.1.6 como referâ”œآ¬ncia dos fluxos existentes"}	2026-02-21 12:05:31.311365+00
75	21	2	ICTDEC أ”أ‡أ¶ IDENTIFICADOR DE PONTOS DE MELHORIA	ICTDEC	IDENTIFICADOR DE PONTOS DE MELHORIA	O ICTDEC tem como atribuiâ”œآ؛â”œأ؛o o desenvolvimento organizacional da Secretaria. No exercâ”œآ،cio dessa atribuiâ”œآ؛â”œأ؛o أ”أ‡أ¶ especialmente no mapeamento e na anâ”œأ­lise de processos (AE 2.1.6), nos diagnâ”œâ”‚sticos de competâ”œآ¬ncias (AE 2.1.7) e nas avaliaâ”œآ؛â”œأپes de desempenho أ”أ‡أ¶, o ICTDEC identifica pontos de melhoria em produtos, processos e serviâ”œآ؛os jâ”œأ­ implantados. Esses pontos sâ”œأ؛o encaminhados ao CEPEDEC como insumo para a busca de soluâ”œآ؛â”œأپes incrementais. O ICTDEC nâ”œأ؛o busca as soluâ”œآ؛â”œأپes nem avalia viabilidade cientâ”œآ،fica أ”أ‡أ¶ seu papel â”œآ® fornecer a visâ”œأ؛o de governanâ”œآ؛a que orienta onde a inovaâ”œآ؛â”œأ؛o incremental deve atuar.	{"Identificar pontos de melhoria em processos jâ”œأ­ implantados, a partir da anâ”œأ­lise de processos, diagnâ”œâ”‚sticos de competâ”œآ¬ncias e avaliaâ”œآ؛â”œأپes de desempenho","Encaminhar ao CEPEDEC os pontos de melhoria identificados, com contextualizaâ”œآ؛â”œأ؛o sobre o processo afetado e o impacto observado","Apoiar o CEPEDEC na compreensâ”œأ؛o do contexto organizacional dos pontos de melhoria, facilitando a busca de soluâ”œآ؛â”œأپes aplicâ”œأ­veis"}	{"Nâ”œأ؛o buscar soluâ”œآ؛â”œأپes para os pontos de melhoria (competâ”œآ¬ncia do CEPEDEC)","Nâ”œأ؛o avaliar viabilidade cientâ”œآ،fica das inovaâ”œآ؛â”œأپes incrementais (competâ”œآ¬ncia do CEPEDEC)","Nâ”œأ؛o implantar melhorias nos â”œâ”‚rgâ”œأ؛os (competâ”œآ¬ncia do prâ”œâ”‚prio setor)"}	{"Processos mapeados e em operaâ”œآ؛â”œأ؛o (AE 2.1.6) como base para identificaâ”œآ؛â”œأ؛o de pontos de melhoria","Diagnâ”œâ”‚sticos de competâ”œآ¬ncias (AE 2.1.7) e avaliaâ”œآ؛â”œأپes de desempenho como fontes complementares","Capacidade do CEPEDEC para processar os pontos de melhoria encaminhados"}	2026-02-21 12:05:31.311365+00
76	21	3	â”œأ´rgâ”œأ؛os Subordinados (Direâ”œآ؛â”œأپes, Coordenaâ”œآ؛â”œأپes e demais setores) أ”أ‡أ¶ DETENTORES DOS PROCESSOS E DESTINATâ”œأ¼RIOS	â”œأ´rgâ”œأ؛os Subordinados (Direâ”œآ؛â”œأپes, Coordenaâ”œآ؛â”œأپes e demais setores)	DETENTORES DOS PROCESSOS E DESTINATâ”œأ¼RIOS	Os â”œâ”‚rgâ”œأ؛os subordinados sâ”œأ؛o os detentores dos produtos, processos e serviâ”œآ؛os que esta aâ”œآ؛â”œأ؛o busca melhorar. Desempenham duplo papel: sâ”œأ؛o a fonte de oportunidades (sinalizam onde hâ”œأ­ espaâ”œآ؛o para melhoria, onde os processos travam, onde as ferramentas estâ”œأ؛o defasadas) e os destinatâ”œأ­rios das inovaâ”œآ؛â”œأپes incrementais (adotam as melhorias recomendadas pelo CEPEDEC, incorporando-as â”œأ، rotina). A validaâ”œآ؛â”œأ؛o de aplicabilidade no campo â”œآ® essencial: sâ”œâ”‚ o â”œâ”‚rgâ”œأ؛o que opera o processo sabe se a melhoria proposta â”œآ® viâ”œأ­vel na prâ”œأ­tica.	{"Sinalizar ao ICTDEC e ao CEPEDEC oportunidades de melhoria percebidas na operaâ”œآ؛â”œأ؛o de produtos, processos e serviâ”œآ؛os existentes","Validar a aplicabilidade das inovaâ”œآ؛â”œأپes incrementais propostas pelo CEPEDEC, fornecendo feedback sobre viabilidade operacional","Adotar as melhorias recomendadas e incorporâ”œأ­-las â”œأ، rotina do setor","Reportar os resultados da incorporaâ”œآ؛â”œأ؛o (a melhoria gerou o impacto esperado?)"}	{"Nâ”œأ؛o conduzir o mapeamento tâ”œآ®cnico de inovaâ”œآ؛â”œأپes (competâ”œآ¬ncia do CEPEDEC)","Nâ”œأ؛o avaliar viabilidade cientâ”œآ،fica das melhorias (competâ”œآ¬ncia do CEPEDEC)","Nâ”œأ؛o rejeitar melhorias validadas sem justificativa tâ”œآ®cnica fundamentada"}	{"Recomendaâ”œآ؛â”œأپes do CEPEDEC com indicaâ”œآ؛â”œأ؛o clara de impacto esperado e requisitos de incorporaâ”œآ؛â”œأ؛o","Conformidade com o plano de incorporaâ”œآ؛â”œأ؛o assegurada pela SUOP (sob aval da SUBSEGOP)","Suporte â”œأ، adoâ”œآ؛â”œأ؛o quando a melhoria exigir capacitaâ”œآ؛â”œأ؛o ou adaptaâ”œآ؛â”œأ؛o de rotina","Retorno do CEPEDEC sobre os resultados reportados (retroalimentaâ”œآ؛â”œأ؛o do ciclo)"}	2026-02-21 12:05:31.311365+00
77	22	1	ICTDEC أ”أ‡أ¶ Lâ”œأ¬DER DO MAPEAMENTO E DA GOVERNANâ”œأ§A INFORMACIONAL	ICTDEC	Lâ”œأ¬DER DO MAPEAMENTO E DA GOVERNANâ”œأ§A INFORMACIONAL	O ICTDEC tem como atribuiâ”œآ؛â”œأ؛o o desenvolvimento organizacional da Secretaria. A governanâ”œآ؛a da informaâ”œآ؛â”œأ؛o â”œآ® componente estruturante do desenvolvimento organizacional: sem saber como a informaâ”œآ؛â”œأ؛o flui, nâ”œأ؛o hâ”œأ­ como governar processos, medir desempenho ou tomar decisâ”œأپes fundamentadas. Compete ao ICTDEC conduzir o mapeamento do ciclo completo da informaâ”œآ؛â”œأ؛o (produâ”œآ؛â”œأ؛o, organizaâ”œآ؛â”œأ؛o, armazenamento, disseminaâ”œآ؛â”œأ؛o, divulgaâ”œآ؛â”œأ؛o, uso) em toda a estrutura SEDEC e, a partir desse diagnâ”œâ”‚stico, definir as diretrizes de governanâ”œآ؛a de dados e os protocolos de fluxo informacional.	{"Conduzir o mapeamento do ciclo da informaâ”œآ؛â”œأ؛o em toda a estrutura SEDEC, identificando atores, dispositivos legais, sistemas, fluxos e modos de uso","Diagnosticar lacunas, redundâ”œأ³ncias, gargalos e vulnerabilidades no ciclo informacional atual","Definir diretrizes de governanâ”œآ؛a de dados: padrâ”œأپes de classificaâ”œآ؛â”œأ؛o, formatos, polâ”œآ،ticas de acesso, responsabilidades e ciclos de atualizaâ”œآ؛â”œأ؛o","Definir protocolos de fluxo informacional: quem produz, para quem dissemina, em qual formato, com qual frequâ”œآ¬ncia","Articular o mapeamento com a AE 6.3.3 (memâ”œâ”‚ria tâ”œآ®cnica) e a AE 6.5.2 (Metafonte), assegurando coerâ”œآ¬ncia entre as aâ”œآ؛â”œأپes de gestâ”œأ؛o da informaâ”œآ؛â”œأ؛o"}	{"Nâ”œأ؛o operar os sistemas de informaâ”œآ؛â”œأ؛o dos setores (cada â”œâ”‚rgâ”œأ؛o opera os seus)","Nâ”œأ؛o produzir o conteâ”œâ•‘do informacional dos setores (cada â”œâ”‚rgâ”œأ؛o produz o seu)","Nâ”œأ؛o implantar sistemas tecnolâ”œâ”‚gicos (competâ”œآ¬ncia da AE 4.3.1, com apoio da SUBSEGAD)"}	{"Colaboraâ”œآ؛â”œأ؛o dos â”œâ”‚rgâ”œأ؛os subordinados e do CEPEDEC na descriâ”œآ؛â”œأ؛o de seus fluxos informacionais","Patrocâ”œآ،nio da SUOP (sob aval da SUBSEGOP) para assegurar que as rotinas de mapeamento e a adoâ”œآ؛â”œأ؛o dos protocolos sejam levadas a sâ”œآ®rio","Infraestrutura tecnolâ”œâ”‚gica existente como base do diagnâ”œâ”‚stico (AE 4.3.1)","Processos mapeados na AE 2.1.6 como referâ”œآ¬ncia complementar dos fluxos de trabalho"}	2026-02-21 12:05:31.311365+00
98	26	3	CESTAD أ”أ‡أ¶ FONTE DE CONHECIMENTO DE GESTâ”œأ¢O DE DESASTRES	CESTAD	FONTE DE CONHECIMENTO DE GESTâ”œأ¢O DE DESASTRES	O CESTAD â”œآ® o â”œâ”‚rgâ”œأ؛o responsâ”œأ­vel pela coordenaâ”œآ؛â”œأ؛o das aâ”œآ؛â”œأپes de resposta a desastres. Nesta aâ”œآ؛â”œأ؛o, â”œآ® fonte de conteâ”œâ•‘do sobre gestâ”œأ؛o de crises, coordenaâ”œآ؛â”œأ؛o multisetorial em situaâ”œآ؛â”œأ؛o de desastre, protocolos de acionamento e fluxos de informaâ”œآ؛â”œأ؛o durante operaâ”œآ؛â”œأپes. Contribui ao lado de outros â”œâ”‚rgâ”œأ؛os com experiâ”œآ¬ncia em resposta (DGDEC, REDECs, COMDECs) no fornecimento do conhecimento operacional que o ICTDEC sistematizarâ”œأ­ em doutrina.	{"Fornecer ao ICTDEC o conhecimento especializado sobre coordenaâ”œآ؛â”œأ؛o de resposta, gestâ”œأ؛o de crises e protocolos de acionamento","Participar do processo de extraâ”œآ؛â”œأ؛o de conhecimento, descrevendo fluxos de gestâ”œأ؛o de desastres e liâ”œآ؛â”œأپes aprendidas em operaâ”œآ؛â”œأپes reais","Validar operacionalmente os produtos doutrinâ”œأ­rios relacionados â”œأ، coordenaâ”œآ؛â”œأ؛o de resposta"}	{"Nâ”œأ؛o sistematizar nem formalizar a doutrina (competâ”œآ¬ncia do ICTDEC/CEPEDEC)","Nâ”œأ؛o produzir material didâ”œأ­tico (competâ”œآ¬ncia da ESDEC)","Nâ”œأ؛o definir padrâ”œأپes de formato dos produtos doutrinâ”œأ­rios"}	{"Processo de extraâ”œآ؛â”œأ؛o conduzido pelo ICTDEC com metodologia clara","Retorno dos produtos finalizados para validaâ”œآ؛â”œأ؛o antes da publicaâ”œآ؛â”œأ؛o"}	2026-02-21 12:05:31.311365+00
78	22	2	CEPEDEC أ”أ‡أ¶ DETENTOR DE FLUXO CIENTâ”œأ¬FICO	CEPEDEC	DETENTOR DE FLUXO CIENTâ”œأ¬FICO	O CEPEDEC â”œآ® o principal produtor de informaâ”œآ؛â”œأ؛o tâ”œآ®cnico-cientâ”œآ،fica da Secretaria e, como tal, detâ”œآ®m um fluxo informacional prâ”œâ”‚prio أ”أ‡أ¶ da produâ”œآ؛â”œأ؛o de pesquisas ao armazenamento de dados cientâ”œآ،ficos, da disseminaâ”œآ؛â”œأ؛o entre pares â”œأ، divulgaâ”œآ؛â”œأ؛o de resultados. Nesta aâ”œآ؛â”œأ؛o, o CEPEDEC participa do mapeamento descrevendo seu ciclo informacional e, uma vez definidas as diretrizes pelo ICTDEC, adota os protocolos de governanâ”œآ؛a de dados instituâ”œآ،dos.	{"Participar do mapeamento descrevendo o ciclo informacional prâ”œâ”‚prio: como produz, organiza, armazena, dissemina, divulga e utiliza a informaâ”œآ؛â”œأ؛o cientâ”œآ،fica","Colaborar com o ICTDEC na identificaâ”œآ؛â”œأ؛o de especificidades do fluxo cientâ”œآ،fico que exijam tratamento diferenciado nas diretrizes","Adotar os protocolos de governanâ”œآ؛a de dados e fluxo informacional definidos pelo ICTDEC","Assegurar que a produâ”œآ؛â”œأ؛o cientâ”œآ،fica esteja acessâ”œآ،vel conforme as diretrizes de disseminaâ”œآ؛â”œأ؛o instituâ”œآ،das"}	{"Nâ”œأ؛o definir diretrizes de governanâ”œآ؛a de dados para a Secretaria (competâ”œآ¬ncia do ICTDEC)","Nâ”œأ؛o conduzir o mapeamento dos fluxos dos demais â”œâ”‚rgâ”œأ؛os","Nâ”œأ؛o criar protocolos informacionais prâ”œâ”‚prios que contrariem as diretrizes institucionais"}	{"Diretrizes de governanâ”œآ؛a de dados definidas pelo ICTDEC com clareza e aplicabilidade","Respeito â”œأ،s especificidades do fluxo cientâ”œآ،fico nas diretrizes instituâ”œآ،das","Infraestrutura de repositâ”œâ”‚rio adequada para a produâ”œآ؛â”œأ؛o cientâ”œآ،fica (AE 4.3.1)"}	2026-02-21 12:05:31.311365+00
79	22	3	â”œأ´rgâ”œأ؛os Subordinados (Direâ”œآ؛â”œأپes, Coordenaâ”œآ؛â”œأپes e demais setores) أ”أ‡أ¶ DETENTORES DE FLUXOS INFORMACIONAIS	â”œأ´rgâ”œأ؛os Subordinados (Direâ”œآ؛â”œأپes, Coordenaâ”œآ؛â”œأپes e demais setores)	DETENTORES DE FLUXOS INFORMACIONAIS	Os â”œâ”‚rgâ”œأ؛os subordinados sâ”œأ؛o os detentores dos fluxos informacionais que esta aâ”œآ؛â”œأ؛o busca mapear. Cada setor produz, organiza, armazena, dissemina e usa informaâ”œآ؛â”œأ؛o no exercâ”œآ،cio de suas atribuiâ”œآ؛â”œأپes أ”أ‡أ¶ muitas vezes de forma implâ”œآ،cita e nâ”œأ؛o padronizada. Nesta aâ”œآ؛â”œأ؛o, os â”œâ”‚rgâ”œأ؛os participam do mapeamento descrevendo seus fluxos e, uma vez definidos os protocolos, adotam as diretrizes de governanâ”œآ؛a informacional instituâ”œآ،das pelo ICTDEC.	{"Participar do mapeamento descrevendo o ciclo informacional do setor: como produz, organiza, armazena, dissemina e usa a informaâ”œآ؛â”œأ؛o","Identificar e reportar ao ICTDEC lacunas, redundâ”œأ³ncias e gargalos percebidos nos fluxos informacionais do setor","Adotar os protocolos de governanâ”œآ؛a de dados e fluxo informacional definidos pelo ICTDEC","Manter os fluxos informacionais do setor em conformidade com as diretrizes instituâ”œآ،das"}	{"Nâ”œأ؛o definir diretrizes de governanâ”œآ؛a de dados (competâ”œآ¬ncia do ICTDEC)","Nâ”œأ؛o criar protocolos informacionais prâ”œâ”‚prios que contrariem as diretrizes institucionais","Nâ”œأ؛o reter informaâ”œآ؛â”œأپes de interesse institucional exclusivamente no setor, sem fluxo de disseminaâ”œآ؛â”œأ؛o definido"}	{"Diretrizes e protocolos definidos pelo ICTDEC com clareza, aplicabilidade e respeito â”œأ، realidade operacional dos setores","Patrocâ”œآ،nio da SUOP (sob aval da SUBSEGOP) para assegurar que as rotinas de adoâ”œآ؛â”œأ؛o dos protocolos sejam levadas a sâ”œآ®rio","Ferramentas e sistemas adequados para suportar os fluxos definidos (AE 4.3.1)","Capacitaâ”œآ؛â”œأ؛o quando necessâ”œأ­ria para operaâ”œآ؛â”œأ؛o dos novos protocolos"}	2026-02-21 12:05:31.311365+00
80	23	1	ICTDEC أ”أ‡أ¶ PROVEDOR DE INSUMOS Tâ”œأ«CNICOS	ICTDEC	PROVEDOR DE INSUMOS Tâ”œأ«CNICOS	O ICTDEC â”œآ® responsâ”œأ­vel pela produâ”œآ؛â”œأ؛o de inteligâ”œآ¬ncia estratâ”œآ®gica e pela anâ”œأ­lise tâ”œآ®cnica que subsidia a tomada de decisâ”œأ؛o na Secretaria. Nesta aâ”œآ؛â”œأ؛o, sua contribuiâ”œآ؛â”œأ؛o â”œآ® fornecer o substrato tâ”œآ®cnico que confere credibilidade â”œأ، atuaâ”œآ؛â”œأ؛o parlamentar: notas tâ”œآ®cnicas sobre projetos de lei, dados e indicadores sobre impacto de desastres, diagnâ”œâ”‚sticos de necessidade legislativa, anâ”œأ­lises de impacto de proposiâ”œآ؛â”œأپes e panoramas sobre oportunidades de melhoria do arcabouâ”œآ؛o legal أ”أ‡أ¶ desde reforâ”œآ؛os orâ”œآ؛amentâ”œأ­rios atâ”œآ® proposiâ”œآ؛â”œأ؛o de projetos de lei que propiciem melhora na atuaâ”œآ؛â”œأ؛o dos â”œâ”‚rgâ”œأ؛os de proteâ”œآ؛â”œأ؛o e defesa civil. O ICTDEC nâ”œأ؛o articula com parlamentares nem executa a estratâ”œآ®gia no parlamento أ”أ‡أ¶ essa â”œآ® competâ”œآ¬ncia do â”œâ”‚rgâ”œأ؛o responsâ”œأ­vel pela articulaâ”œآ؛â”œأ؛o com o Legislativo.	{"Produzir notas tâ”œآ®cnicas que fundamentem posiâ”œآ؛â”œأپes institucionais em discussâ”œأپes legislativas","Elaborar anâ”œأ­lises de impacto de projetos de lei e proposiâ”œآ؛â”œأپes que afetem a Defesa Civil","Fornecer dados, indicadores e diagnâ”œâ”‚sticos que subsidiem emendas orâ”œآ؛amentâ”œأ­rias e requerimentos","Produzir panoramas sobre necessidades de melhoria legislativa, identificando lacunas no arcabouâ”œآ؛o legal que impactem a atuaâ”œآ؛â”œأ؛o da Secretaria","Capacitar tecnicamente os representantes institucionais que atuam junto ao Legislativo, fornecendo conteâ”œâ•‘do e argumentaâ”œآ؛â”œأ؛o","Apoiar a elaboraâ”œآ؛â”œأ؛o de propostas legislativas com fundamentaâ”œآ؛â”œأ؛o tâ”œآ®cnica, quando demandado"}	{"Nâ”œأ؛o articular politicamente com parlamentares ou assessores (competâ”œآ¬ncia do â”œâ”‚rgâ”œأ؛o responsâ”œأ­vel pela articulaâ”œآ؛â”œأ؛o com o Legislativo)","Nâ”œأ؛o negociar alocaâ”œآ؛â”œأپes orâ”œآ؛amentâ”œأ­rias ou compromissos legislativos (competâ”œآ¬ncia da Alta Gestâ”œأ؛o)","Nâ”œأ؛o emitir posiâ”œآ؛â”œأپes institucionais sem validaâ”œآ؛â”œأ؛o da cadeia de comando","Nâ”œأ؛o executar a estratâ”œآ®gia de atuaâ”œآ؛â”œأ؛o no parlamento estadual ou federal"}	{"Demandas claras do â”œâ”‚rgâ”œأ؛o de articulaâ”œآ؛â”œأ؛o parlamentar ou da Alta Gestâ”œأ؛o sobre temas a serem subsidiados tecnicamente","Acesso a dados e indicadores atualizados sobre impacto de desastres e desempenho institucional","Sinalizaâ”œآ؛â”œأپes da SUOP e dos â”œâ”‚rgâ”œأ؛os subordinados sobre gargalos operacionais que demandem soluâ”œآ؛â”œأ؛o legislativa","Tempo hâ”œأ­bil para elaboraâ”œآ؛â”œأ؛o de notas tâ”œآ®cnicas quando demandas legislativas surgirem","Definiâ”œآ؛â”œأ؛o do arranjo institucional responsâ”œأ­vel pela articulaâ”œآ؛â”œأ؛o parlamentar (ver Nota sobre Arranjo Institucional)"}	2026-02-21 12:05:31.311365+00
81	24	1	SUBSEGOP أ”أ‡أ¶ LIDERANâ”œأ§A POLâ”œأ¬TICO-INSTITUCIONAL	SUBSEGOP	LIDERANâ”œأ§A POLâ”œأ¬TICO-INSTITUCIONAL	Esta aâ”œآ؛â”œأ؛o envolve a devoluâ”œآ؛â”œأ؛o de uma competâ”œآ¬ncia legal aos municâ”œآ،pios que o Estado assumiu ao longo dos anos. Essa transiâ”œآ؛â”œأ؛o nâ”œأ؛o â”œآ® apenas operacional أ”أ‡أ¶ â”œآ® polâ”œآ،tica. Exige posicionamento institucional perante os â”œâ”‚rgâ”œأ؛os de controle externo (TCE, MP), comunicaâ”œآ؛â”œأ؛o clara aos municâ”œآ،pios e gestâ”œأ؛o do risco de percepâ”œآ؛â”œأ؛o de أ”أ‡آ£abandonoأ”أ‡أک. A SUBSEGOP â”œآ® o â”œâ”‚rgâ”œأ؛o que faz o elo entre os temas operacionais e polâ”œآ،ticos, sendo a instâ”œأ³ncia adequada para assumir essa lideranâ”œآ؛a, protegendo os â”œâ”‚rgâ”œأ؛os operacionais de pressâ”œأپes polâ”œآ،ticas e conferindo legitimidade institucional ao processo.	{"Assumir o posicionamento institucional da SEDEC quanto â”œأ، transferâ”œآ¬ncia progressiva de responsabilidade aos municâ”œآ،pios","Conduzir o diâ”œأ­logo com os â”œâ”‚rgâ”œأ؛os de controle externo (TCE, MP), sensibilizando-os quanto ao risco orâ”œآ؛amentâ”œأ­rio e legal de a SEDEC manter competâ”œآ¬ncia municipal","Respaldar politicamente a SUOP e os â”œâ”‚rgâ”œأ؛os operacionais na execuâ”œآ؛â”œأ؛o do modelo de transiâ”œآ؛â”œأ؛o","Assegurar que o processo de transiâ”œآ؛â”œأ؛o esteja documentado e auditâ”œأ­vel, prevenindo questionamentos futuros"}	{"Nâ”œأ؛o executar aâ”œآ؛â”œأپes operacionais na ponta (competâ”œآ¬ncia dos â”œâ”‚rgâ”œأ؛os setoriais)","Nâ”œأ؛o definir padrâ”œأپes tâ”œآ®cnicos dos sistemas (competâ”œآ¬ncia do CEMADEN-RJ)","Nâ”œأ؛o capacitar agentes municipais (competâ”œآ¬ncia da ESDEC)"}	{"Suporte tâ”œآ®cnico dos â”œâ”‚rgâ”œأ؛os operacionais para fundamentar o posicionamento perante os â”œâ”‚rgâ”œأ؛os de controle","Documentaâ”œآ؛â”œأ؛o completa do modelo de transiâ”œآ؛â”œأ؛o (competâ”œآ¬ncias legais, cronograma, capacitaâ”œآ؛â”œأپes realizadas)","Apoio da ASSEJUR na validaâ”œآ؛â”œأ؛o jurâ”œآ،dica do posicionamento institucional"}	2026-02-21 12:05:31.311365+00
83	24	3	CEMADEN-RJ أ”أ‡أ¶ REFERâ”œأ¨NCIA Tâ”œأ«CNICA	CEMADEN-RJ	REFERâ”œأ¨NCIA Tâ”œأ«CNICA	O CEMADEN-RJ â”œآ® responsâ”œأ­vel pelo monitoramento, emissâ”œأ؛o de alertas e apoio aos municâ”œآ،pios em sistemas de alarme. Nesta aâ”œآ؛â”œأ؛o, â”œآ® a referâ”œآ¬ncia tâ”œآ®cnica: define padrâ”œأپes, especificaâ”œآ؛â”œأپes, requisitos de integraâ”œآ؛â”œأ؛o e protocolos de operaâ”œآ؛â”œأ؛o. Assessora a implantaâ”œآ؛â”œأ؛o e apoia a transiâ”œآ؛â”œأ؛o da manutenâ”œآ؛â”œأ؛o. O fortalecimento da autonomia municipal libera o CEMADEN-RJ para recuperar sua capacidade de investimento no que lhe compete: monitoramento e cobertura tecnolâ”œâ”‚gica estadual.	{"Definir padrâ”œأپes tâ”œآ®cnicos, especificaâ”œآ؛â”œأپes e protocolos para sistemas de alerta e alarme municipais","Assessorar tecnicamente a implantaâ”œآ؛â”œأ؛o nos municâ”œآ،pios priorizados","Apoiar a transiâ”œآ؛â”œأ؛o da manutenâ”œآ؛â”œأ؛o para a gestâ”œأ؛o municipal","Fornecer â”œأ، ESDEC os conteâ”œâ•‘dos tâ”œآ®cnicos para capacitaâ”œآ؛â”œأ؛o dos agentes municipais","Diagnosticar cobertura atual e lacunas nos sistemas do Estado"}	{"Nâ”œأ؛o custear sistemas municipais de forma permanente (competâ”œآ¬ncia municipal)","Nâ”œأ؛o operar alarmes locais (competâ”œآ¬ncia municipal)","Nâ”œأ؛o capacitar diretamente agentes municipais (competâ”œآ¬ncia da ESDEC)"}	{"Recursos para expansâ”œأ؛o subsidiâ”œأ­ria (articulados pela SUOP)","REDECs como elo operacional na implantaâ”œآ؛â”œأ؛o","ESDEC como executora da capacitaâ”œآ؛â”œأ؛o com base nos conteâ”œâ•‘dos fornecidos"}	2026-02-21 12:05:31.311365+00
84	24	4	DGDEC أ”أ‡أ¶ ARTICULADOR INSTITUCIONAL	DGDEC	ARTICULADOR INSTITUCIONAL	A DGDEC coordena as Regionais de Defesa Civil e â”œآ® o canal formal da relaâ”œآ؛â”œأ؛o estado-municâ”œآ،pio. Nesta aâ”œآ؛â”œأ؛o, articula com as COMDECs a adesâ”œأ؛o ao modelo de fomento e coordena as REDECs na execuâ”œآ؛â”œأ؛o territorial.	{"Articular com as COMDECs a adesâ”œأ؛o ao modelo de fomento e os compromissos de transferâ”œآ¬ncia de responsabilidade","Coordenar as REDECs na execuâ”œآ؛â”œأ؛o desta aâ”œآ؛â”œأ؛o no territâ”œâ”‚rio","Formalizar os termos de cooperaâ”œآ؛â”œأ؛o com os municâ”œآ،pios, com apoio da SUBSEGAD (formalizaâ”œآ؛â”œأ؛o) e da ASSEJUR (validaâ”œآ؛â”œأ؛o jurâ”œآ،dica)","Reportar â”œأ، SUOP o status da adesâ”œأ؛o municipal e obstâ”œأ­culos identificados"}	{"Nâ”œأ؛o definir padrâ”œأپes tâ”œآ®cnicos (competâ”œآ¬ncia do CEMADEN-RJ)","Nâ”œأ؛o capacitar agentes municipais (competâ”œآ¬ncia da ESDEC)","Nâ”œأ؛o executar aâ”œآ؛â”œأپes no territâ”œâ”‚rio sem coordenaâ”œآ؛â”œأ؛o com as REDECs"}	{"Critâ”œآ®rios de priorizaâ”œآ؛â”œأ؛o definidos pela SUOP","Padrâ”œأپes tâ”œآ®cnicos definidos pelo CEMADEN-RJ","Aprovaâ”œآ؛â”œأ؛o da SUBSEGAD para formalizaâ”œآ؛â”œأ؛o de convâ”œآ¬nios e validaâ”œآ؛â”œأ؛o da ASSEJUR"}	2026-02-21 12:05:31.311365+00
85	24	5	REDECs (Regionais de Defesa Civil) أ”أ‡أ¶ EXECUTORAS NA PONTA	REDECs (Regionais de Defesa Civil)	EXECUTORAS NA PONTA	As REDECs sâ”œأ؛o o elo entre o Estado e os municâ”œآ،pios no territâ”œâ”‚rio. Nesta aâ”œآ؛â”œأ؛o, acompanham a implantaâ”œآ؛â”œأ؛o, apoiam a realizaâ”œآ؛â”œأ؛o de simulados de desocupaâ”œآ؛â”œأ؛o, coletam informaâ”œآ؛â”œأپes sobre adesâ”œأ؛o e dificuldades e atuam como elo operacional entre os â”œâ”‚rgâ”œأ؛os estaduais e as COMDECs. Podem atuar em conjunto com vâ”œأ­rios â”œâ”‚rgâ”œأ؛os (CEMADEN-RJ, ESDEC, DGAC), realizando a aâ”œآ؛â”œأ؛o na ponta de forma integrada.	{"Acompanhar a implantaâ”œآ؛â”œأ؛o dos sistemas nos municâ”œآ،pios de sua regiâ”œأ؛o","Apoiar a realizaâ”œآ؛â”œأ؛o de simulados de desocupaâ”œآ؛â”œأ؛o nas comunidades atendidas","Coletar e reportar â”œأ، DGDEC informaâ”œآ؛â”œأپes sobre adesâ”œأ؛o, dificuldades e necessidades","Atuar como elo operacional entre os â”œâ”‚rgâ”œأ؛os estaduais e as COMDECs no territâ”œâ”‚rio"}	{"Nâ”œأ؛o definir padrâ”œأپes tâ”œآ®cnicos (competâ”œآ¬ncia do CEMADEN-RJ)","Nâ”œأ؛o capacitar formalmente agentes municipais (competâ”œآ¬ncia da ESDEC)","Nâ”œأ؛o formalizar compromissos sem coordenaâ”œآ؛â”œأ؛o da DGDEC"}	{"Orientaâ”œآ؛â”œأپes do CEMADEN-RJ para acompanhamento","Coordenaâ”œآ؛â”œأ؛o da DGDEC sobre prioridades e cronograma","Apoio dos â”œâ”‚rgâ”œأ؛os tâ”œآ®cnicos conforme necessidade de cada municâ”œآ،pio"}	2026-02-21 12:05:31.311365+00
86	24	6	ESDEC أ”أ‡أ¶ CAPACITADORA	ESDEC	CAPACITADORA	A ESDEC capacita agentes do SIEPDEC-RJ. Nesta aâ”œآ؛â”œأ؛o, seu papel â”œآ® estruturante: formar agentes municipais nâ”œأ؛o apenas na operaâ”œآ؛â”œأ؛o dos sistemas, mas tambâ”œآ®m na dimensâ”œأ؛o administrativa da autonomia أ”أ‡أ¶ ajuste orâ”œآ؛amentâ”œأ­rio para absorver a despesa de manutenâ”œآ؛â”œأ؛o, elaboraâ”œآ؛â”œأ؛o de Estudos Tâ”œآ®cnicos Preliminares (ETP), Termos de Referâ”œآ¬ncia (TR) e gestâ”œأ؛o contratual. Esse â”œآ® o pilar que garante sustentabilidade: sem capacitaâ”œآ؛â”œأ؛o, a transferâ”œآ¬ncia de responsabilidade falha e o ciclo de dependâ”œآ¬ncia recomeâ”œآ؛a.	{"Estruturar programas de capacitaâ”œآ؛â”œأ؛o para agentes municipais abrangendo: operaâ”œآ؛â”œأ؛o e manutenâ”œآ؛â”œأ؛o dos sistemas; ajuste orâ”œآ؛amentâ”œأ­rio municipal para absorver a despesa; elaboraâ”œآ؛â”œأ؛o de ETP e TR; gestâ”œأ؛o contratual da manutenâ”œآ؛â”œأ؛o","Executar a capacitaâ”œآ؛â”œأ؛o, preferencialmente no territâ”œâ”‚rio (com apoio das REDECs), ou de forma centralizada","Avaliar o aprendizado e a eficâ”œأ­cia da capacitaâ”œآ؛â”œأ؛o, retroalimentando o modelo"}	{"Nâ”œأ؛o definir padrâ”œأپes tâ”œآ®cnicos dos sistemas (competâ”œآ¬ncia do CEMADEN-RJ)","Nâ”œأ؛o implantar ou operar sistemas","Nâ”œأ؛o articular com municâ”œآ،pios sobre adesâ”œأ؛o (competâ”œآ¬ncia da DGDEC)"}	{"Conteâ”œâ•‘dos tâ”œآ®cnicos do CEMADEN-RJ como base da capacitaâ”œآ؛â”œأ؛o operacional","Demanda dimensionada pela SUOP com base na priorizaâ”œآ؛â”œأ؛o de municâ”œآ،pios","Apoio logâ”œآ،stico das REDECs para capacitaâ”œآ؛â”œأ؛o no territâ”œâ”‚rio"}	2026-02-21 12:05:31.311365+00
87	24	7	DGAC أ”أ‡أ¶ CONSCIENTIZAâ”œأ§â”œأ¢O COMUNITâ”œأ¼RIA	DGAC	CONSCIENTIZAâ”œأ§â”œأ¢O COMUNITâ”œأ¼RIA	A DGAC â”œآ® responsâ”œأ­vel pela percepâ”œآ؛â”œأ؛o de riscos e conscientizaâ”œآ؛â”œأ؛o comunitâ”œأ­ria. Nesta aâ”œآ؛â”œأ؛o, seu papel â”œآ® complementar e essencial: preparar as comunidades para responder aos sinais de alerta e alarme. Um sistema que toca sem que a populaâ”œآ؛â”œأ؛o saiba reagir â”œآ® infraestrutura ociosa.	{"Desenvolver e executar aâ”œآ؛â”œأپes de conscientizaâ”œآ؛â”œأ؛o comunitâ”œأ­ria sobre alertas, alarmes e procedimentos de evacuaâ”œآ؛â”œأ؛o","Articular com REDECs e COMDECs a realizaâ”œآ؛â”œأ؛o de aâ”œآ؛â”œأپes nos municâ”œآ،pios com sistemas implantados","Produzir materiais de orientaâ”œآ؛â”œأ؛o para a populaâ”œآ؛â”œأ؛o"}	{"Nâ”œأ؛o implantar ou operar sistemas","Nâ”œأ؛o capacitar agentes municipais em operaâ”œآ؛â”œأ؛o tâ”œآ®cnica (competâ”œآ¬ncia da ESDEC)","Nâ”œأ؛o definir padrâ”œأپes tâ”œآ®cnicos (competâ”œآ¬ncia do CEMADEN-RJ)"}	{"Sistemas implantados e operacionais como prâ”œآ®-condiâ”œآ؛â”œأ؛o","Apoio das REDECs e COMDECs para execuâ”œآ؛â”œأ؛o territorial","Coordenaâ”œآ؛â”œأ؛o da SUOP para alinhamento de cronograma"}	2026-02-21 12:05:31.311365+00
88	25	1	SUOP (sob aval da SUBSEGOP) أ”أ‡أ¶ COORDENADOR DA Aâ”œأ§â”œأ¢O	SUOP (sob aval da SUBSEGOP)	COORDENADOR DA Aâ”œأ§â”œأ¢O	Aâ”œآ؛â”œأ؛o multifacetada que envolve mâ”œâ•‘ltiplos â”œâ”‚rgâ”œأ؛os da Defesa Civil Estadual exige coordenaâ”œآ؛â”œأ؛o centralizada. A SUOP comanda os â”œâ”‚rgâ”œأ؛os setoriais e coordena aâ”œآ؛â”œأپes multissetoriais. Nesta aâ”œآ؛â”œأ؛o, compete-lhe priorizar municâ”œآ،pios, articular recursos, alinhar cronogramas e assegurar que a cooperaâ”œآ؛â”œأ؛o chegue ao territâ”œâ”‚rio de forma integrada أ”أ‡أ¶ nâ”œأ؛o como iniciativas avulsas de cada â”œâ”‚rgâ”œأ؛o.	{"Coordenar a atuaâ”œآ؛â”œأ؛o integrada dos â”œâ”‚rgâ”œأ؛os envolvidos, assegurando alinhamento de cronogramas e recursos","Definir critâ”œآ®rios de priorizaâ”œآ؛â”œأ؛o de municâ”œآ،pios para cooperaâ”œآ؛â”œأ؛o em prevenâ”œآ؛â”œأ؛o e mitigaâ”œآ؛â”œأ؛o","Articular recursos orâ”œآ؛amentâ”œأ­rios e logâ”œآ،sticos para apoio a projetos municipais","Monitorar a execuâ”œآ؛â”œأ؛o da cooperaâ”œآ؛â”œأ؛o e seus resultados"}	{"Nâ”œأ؛o executar na ponta (competâ”œآ¬ncia das REDECs e â”œâ”‚rgâ”œأ؛os tâ”œآ®cnicos)","Nâ”œأ؛o definir padrâ”œأپes tâ”œآ®cnicos especâ”œآ،ficos (competâ”œآ¬ncia de cada â”œâ”‚rgâ”œأ؛o setorial)","Nâ”œأ؛o articular diretamente com COMDECs (competâ”œآ¬ncia das REDECs via DREDEC)"}	{"Colaboraâ”œآ؛â”œأ؛o dos â”œâ”‚rgâ”œأ؛os setoriais na execuâ”œآ؛â”œأ؛o de suas partes","Informaâ”œآ؛â”œأپes sobre necessidades municipais coletadas pelas REDECs","Disponibilidade orâ”œآ؛amentâ”œأ­ria para apoio a projetos de prevenâ”œآ؛â”œأ؛o e mitigaâ”œآ؛â”œأ؛o"}	2026-02-21 12:05:31.311365+00
89	25	2	CEMADEN-RJ أ”أ‡أ¶ ALERTAS E PANORAMAS DE RISCO	CEMADEN-RJ	ALERTAS E PANORAMAS DE RISCO	O CEMADEN-RJ â”œآ® responsâ”œأ­vel pelo monitoramento meteorolâ”œâ”‚gico, hidrolâ”œâ”‚gico e geolâ”œâ”‚gico do Estado e pela emissâ”œأ؛o de alertas. Nesta aâ”œآ؛â”œأ؛o, fornece aos municâ”œآ،pios alertas geohidrometeorolâ”œâ”‚gicos, panoramas de risco e recomendaâ”œآ؛â”œأپes de acionamento de sirenes, subsidiando a tomada de decisâ”œأ؛o municipal sobre medidas de prevenâ”œآ؛â”œأ؛o e mitigaâ”œآ؛â”œأ؛o.	{"Fornecer alertas geohidrometeorolâ”œâ”‚gicos e panoramas de risco aos municâ”œآ،pios","Emitir recomendaâ”œآ؛â”œأپes de acionamento de sirenes para as COMDECs","Disponibilizar informaâ”œآ؛â”œأپes sobre cenâ”œأ­rios de risco que subsidiem o planejamento de medidas preventivas"}	{"Nâ”œأ؛o produzir mapas de risco ou de suscetibilidade (competâ”œآ¬ncia do ICTDEC/CEPEDEC em orientaâ”œآ؛â”œأ؛o aos municâ”œآ،pios)","Nâ”œأ؛o fornecer dados brutos para mapeamento municipal","Nâ”œأ؛o executar medidas estruturais ou nâ”œأ؛o estruturais nos municâ”œآ،pios","Nâ”œأ؛o capacitar agentes municipais (competâ”œآ¬ncia da ESDEC)"}	{"Infraestrutura de monitoramento adequada para gerar alertas confiâ”œأ­veis","REDECs como canal de transmissâ”œأ؛o de alertas e panoramas ao nâ”œآ،vel municipal"}	2026-02-21 12:05:31.311365+00
90	25	3	Coordenadoria de Engenharia em Defesa Civil أ”أ‡أ¶ SUPORTE ESTRUTURAL E ARTICULAâ”œأ§â”œأ¢O	Coordenadoria de Engenharia em Defesa Civil	SUPORTE ESTRUTURAL E ARTICULAâ”œأ§â”œأ¢O	A Coordenadoria de Engenharia foi criada para pensar e coordenar aâ”œآ؛â”œأپes de engenharia em defesa civil. Nesta aâ”œآ؛â”œأ؛o, desempenha duplo papel: apoia municâ”œآ،pios na avaliaâ”œآ؛â”œأ؛o tâ”œآ®cnica de intervenâ”œآ؛â”œأپes fâ”œآ،sicas preventivas e articula com â”œâ”‚rgâ”œأ؛os estaduais com competâ”œآ¬ncia na execuâ”œآ؛â”œأ؛o de obras (como SEINFRA e demais â”œâ”‚rgâ”œأ؛os de infraestrutura) a viabilizaâ”œآ؛â”œأ؛o de medidas estruturais. A capacidade atual do â”œâ”‚rgâ”œأ؛o â”œآ® limitada (carâ”œآ¬ncia de quadro tâ”œآ®cnico), o que reforâ”œآ؛a a importâ”œأ³ncia do papel articulador: mobilizar capacidade tâ”œآ®cnica onde ela existe no aparato estatal.	{"Apoiar municâ”œآ،pios na avaliaâ”œآ؛â”œأ؛o tâ”œآ®cnica de intervenâ”œآ؛â”œأپes fâ”œآ،sicas preventivas e de mitigaâ”œآ؛â”œأ؛o","Articular com â”œâ”‚rgâ”œأ؛os estaduais de infraestrutura (SEINFRA e correlatos) a viabilizaâ”œآ؛â”œأ؛o de medidas estruturais nos municâ”œآ،pios","Emitir pareceres tâ”œآ®cnicos sobre viabilidade de medidas estruturais, quando demandado","Orientar projetos de obras de prevenâ”œآ؛â”œأ؛o (contenâ”œآ؛â”œأ؛o, drenagem, infraestrutura preventiva)"}	{"Nâ”œأ؛o executar obras (competâ”œآ¬ncia municipal ou de â”œâ”‚rgâ”œأ؛os estaduais de infraestrutura)","Nâ”œأ؛o monitorar riscos (competâ”œآ¬ncia do CEMADEN-RJ)","Nâ”œأ؛o mapear â”œأ­reas de risco (competâ”œآ¬ncia do ICTDEC/CEPEDEC em orientaâ”œآ؛â”œأ؛o aos municâ”œآ،pios)"}	{"Demandas priorizadas pela SUOP dado o quadro limitado de pessoal","Panoramas de risco fornecidos pelo CEMADEN-RJ para subsidiar avaliaâ”œآ؛â”œأپes","REDECs como canal de coleta de demandas municipais","Receptividade dos â”œâ”‚rgâ”œأ؛os estaduais de infraestrutura para aâ”œآ؛â”œأپes articuladas"}	2026-02-21 12:05:31.311365+00
91	25	4	CEAMA (Coordenadoria Estadual de Aâ”œآ؛â”œأپes de Meio Ambiente) أ”أ‡أ¶ ARTICULAâ”œأ§â”œأ¢O AMBIENTAL	CEAMA (Coordenadoria Estadual de Aâ”œآ؛â”œأپes de Meio Ambiente)	ARTICULAâ”œأ§â”œأ¢O AMBIENTAL	A CEAMA coordena aâ”œآ؛â”œأپes de meio ambiente com impacto em defesa civil. Nesta aâ”œآ؛â”œأ؛o, conecta as polâ”œآ،ticas ambientais estaduais â”œأ،s aâ”œآ؛â”œأپes de reduâ”œآ؛â”œأ؛o de riscos nos municâ”œآ،pios, identificando onde intervenâ”œآ؛â”œأپes ambientais (recuperaâ”œآ؛â”œأ؛o de encostas, gestâ”œأ؛o de recursos hâ”œآ،dricos, proteâ”œآ؛â”œأ؛o de APP) contribuem diretamente para a prevenâ”œآ؛â”œأ؛o de desastres.	{"Identificar aâ”œآ؛â”œأپes ambientais com impacto direto na reduâ”œآ؛â”œأ؛o de riscos de desastres nos municâ”œآ،pios","Articular com â”œâ”‚rgâ”œأ؛os ambientais estaduais aâ”œآ؛â”œأپes conjuntas de prevenâ”œآ؛â”œأ؛o","Orientar municâ”œآ،pios sobre a integraâ”œآ؛â”œأ؛o de polâ”œآ،ticas ambientais e de defesa civil"}	{"Nâ”œأ؛o avaliar riscos de desastres (competâ”œآ¬ncia do CEMADEN-RJ para alertas e do ICTDEC/CEPEDEC para mapeamento)","Nâ”œأ؛o executar obras de engenharia (competâ”œآ¬ncia da Coordenadoria de Engenharia e â”œâ”‚rgâ”œأ؛os de infraestrutura)","Nâ”œأ؛o capacitar agentes municipais (competâ”œآ¬ncia da ESDEC)"}	{"Panoramas de risco do CEMADEN-RJ para identificar onde aâ”œآ؛â”œأپes ambientais impactam","REDECs como elo territorial para implementaâ”œآ؛â”œأ؛o conjunta"}	2026-02-21 12:05:31.311365+00
99	26	4	REDECs (via DREDEC) أ”أ‡أ¶ FONTE DE EXPERIâ”œأ¨NCIA DE CAMPO	REDECs (via DREDEC)	FONTE DE EXPERIâ”œأ¨NCIA DE CAMPO	As REDECs sâ”œأ؛o o elo entre o Estado e os municâ”œآ،pios e acumulam experiâ”œآ¬ncia de campo diversificada: operam em contextos geogrâ”œأ­ficos, climâ”œأ­ticos e sociais distintos. Nesta aâ”œآ؛â”œأ؛o, fornecem ao ICTDEC a perspectiva territorial que enriquece a doutrina: o que funciona numa REDEC pode nâ”œأ؛o funcionar em outra, e essa diversidade precisa estar refletida nos produtos doutrinâ”œأ­rios. As REDECs tambâ”œآ®m sâ”œأ؛o as primeiras a identificar lacunas أ”أ‡أ¶ situaâ”œآ؛â”œأپes em que nâ”œأ؛o hâ”œأ­ manual, POP ou guia disponâ”œآ،vel.	{"Fornecer ao ICTDEC a experiâ”œآ¬ncia territorial e as liâ”œآ؛â”œأپes aprendidas na ponta","Sinalizar lacunas doutrinâ”œأ­rias percebidas na operaâ”œآ؛â”œأ؛o: situaâ”œآ؛â”œأپes sem manual, POP ou guia disponâ”œآ،vel","Validar a aplicabilidade territorial dos produtos doutrinâ”œأ­rios, garantindo que reflitam a diversidade de contextos"}	{"Nâ”œأ؛o sistematizar nem formalizar a doutrina (competâ”œآ¬ncia do ICTDEC/CEPEDEC)","Nâ”œأ؛o produzir material didâ”œأ­tico (competâ”œآ¬ncia da ESDEC)"}	{"Processo de extraâ”œآ؛â”œأ؛o conduzido pelo ICTDEC que respeite o tempo operacional e a diversidade regional","Retorno dos produtos para validaâ”œآ؛â”œأ؛o territorial antes da publicaâ”œآ؛â”œأ؛o"}	2026-02-21 12:05:31.311365+00
92	25	5	ICTDEC (com CEPEDEC) أ”أ‡أ¶ SUPORTE Tâ”œأ«CNICO-CIENTâ”œأ¬FICO	ICTDEC (com CEPEDEC)	SUPORTE Tâ”œأ«CNICO-CIENTâ”œأ¬FICO	O ICTDEC, por meio do CEPEDEC, â”œآ® o produtor de conhecimento cientâ”œآ،fico e metodologias da Secretaria. Nesta aâ”œآ؛â”œأ؛o, fornece o suporte tâ”œآ®cnico-cientâ”œآ،fico que embasa a cooperaâ”œآ؛â”œأ؛o com os municâ”œآ،pios: orientaâ”œآ؛â”œأ؛o no mapeamento de riscos e vulnerabilidades, produâ”œآ؛â”œأ؛o de estudos aplicados e desenvolvimento de metodologias que subsidiam tanto as medidas estruturais quanto as nâ”œأ؛o estruturais. O ICTDEC nâ”œأ؛o atua diretamente nos municâ”œآ،pios أ”أ‡أ¶ seus produtos chegam ao territâ”œâ”‚rio por meio dos â”œâ”‚rgâ”œأ؛os operacionais e das REDECs.	{"Orientar municâ”œآ،pios no mapeamento de riscos e vulnerabilidades, por meio do CEPEDEC","Produzir estudos e metodologias de avaliaâ”œآ؛â”œأ؛o de riscos aplicâ”œأ­veis ao territâ”œâ”‚rio fluminense","Desenvolver pesquisas aplicadas que subsidiem medidas de prevenâ”œآ؛â”œأ؛o e mitigaâ”œآ؛â”œأ؛o","Fornecer soluâ”œآ؛â”œأپes tâ”œآ®cnicas e referâ”œآ¬ncias cientâ”œآ،ficas aos â”œâ”‚rgâ”œأ؛os operacionais para qualificar o suporte aos municâ”œآ،pios","Apoiar a ESDEC com conteâ”œâ•‘dos tâ”œآ®cnico-cientâ”œآ،ficos para a capacitaâ”œآ؛â”œأ؛o municipal em prevenâ”œآ؛â”œأ؛o e mitigaâ”œآ؛â”œأ؛o"}	{"Nâ”œأ؛o atuar diretamente nos municâ”œآ،pios (competâ”œآ¬ncia dos â”œâ”‚rgâ”œأ؛os operacionais e das REDECs)","Nâ”œأ؛o executar medidas estruturais ou nâ”œأ؛o estruturais na ponta","Nâ”œأ؛o emitir alertas geohidrometeorolâ”œâ”‚gicos (competâ”œآ¬ncia do CEMADEN-RJ)"}	{"Demandas dos â”œâ”‚rgâ”œأ؛os operacionais sobre necessidades de estudos e metodologias","Panoramas de risco do CEMADEN-RJ como insumo para pesquisas aplicadas","Parcerias com IES e ICTs (AE 6.1.3) como fonte complementar de conhecimento"}	2026-02-21 12:05:31.311365+00
95	25	8	REDECs (via DREDEC) أ”أ‡أ¶ EXECUTORAS NA PONTA	REDECs (via DREDEC)	EXECUTORAS NA PONTA	As REDECs sâ”œأ؛o o elo entre o Estado e os municâ”œآ،pios no territâ”œâ”‚rio, coordenadas pela Diretoria das Regionais de Defesa Civil (DREDEC). Nesta aâ”œآ؛â”œأ؛o, atuam como integradoras na ponta: recebem as contribuiâ”œآ؛â”œأپes dos â”œâ”‚rgâ”œأ؛os especializados e operacionalizam a cooperaâ”œآ؛â”œأ؛o junto â”œأ،s COMDECs. Podem atuar em conjunto com vâ”œأ­rios â”œâ”‚rgâ”œأ؛os (CEMADEN-RJ, Coord. Engenharia, CEAMA, ESDEC, DGAC), integrando as frentes no territâ”œâ”‚rio. Coletam necessidades, reportam dificuldades e asseguram que o apoio estadual chegue ao municâ”œآ،pio de forma coordenada.	{"Operacionalizar a cooperaâ”œآ؛â”œأ؛o no territâ”œâ”‚rio, integrando as contribuiâ”œآ؛â”œأپes dos â”œâ”‚rgâ”œأ؛os estaduais junto â”œأ،s COMDECs","Articular com as COMDECs a adesâ”œأ؛o ao regime de cooperaâ”œآ؛â”œأ؛o e identificar necessidades municipais","Coletar e reportar necessidades municipais em prevenâ”œآ؛â”œأ؛o e mitigaâ”œآ؛â”œأ؛o","Apoiar a realizaâ”œآ؛â”œأ؛o de aâ”œآ؛â”œأپes de capacitaâ”œآ؛â”œأ؛o e conscientizaâ”œآ؛â”œأ؛o no territâ”œâ”‚rio","Acompanhar a implementaâ”œآ؛â”œأ؛o de medidas e reportar resultados"}	{"Nâ”œأ؛o definir padrâ”œأپes tâ”œآ®cnicos (competâ”œآ¬ncia dos â”œâ”‚rgâ”œأ؛os setoriais)","Nâ”œأ؛o capacitar formalmente agentes municipais (competâ”œآ¬ncia da ESDEC)","Nâ”œأ؛o formalizar convâ”œآ¬nios sem aprovaâ”œآ؛â”œأ؛o da SUBSEGAD e validaâ”œآ؛â”œأ؛o da ASSEJUR"}	{"Orientaâ”œآ؛â”œأپes dos â”œâ”‚rgâ”œأ؛os tâ”œآ®cnicos para atuaâ”œآ؛â”œأ؛o no territâ”œâ”‚rio","Priorizaâ”œآ؛â”œأ؛o de municâ”œآ،pios definida pela SUOP","Aprovaâ”œآ؛â”œأ؛o da SUBSEGAD para formalizaâ”œآ؛â”œأ؛o de convâ”œآ¬nios e validaâ”œآ؛â”œأ؛o da ASSEJUR","Recursos logâ”œآ،sticos para aâ”œآ؛â”œأپes territoriais"}	2026-02-21 12:05:31.311365+00
96	26	1	ICTDEC (com CEPEDEC e ESDEC) أ”أ‡أ¶ Lâ”œأ¬DER DA PRODUâ”œأ§â”œأ¢O DOUTRINâ”œأ¼RIA	ICTDEC (com CEPEDEC e ESDEC)	Lâ”œأ¬DER DA PRODUâ”œأ§â”œأ¢O DOUTRINâ”œأ¼RIA	O ICTDEC â”œآ® responsâ”œأ­vel pela produâ”œآ؛â”œأ؛o de conhecimento e pelo desenvolvimento organizacional da Secretaria. Nesta aâ”œآ؛â”œأ؛o, lidera o ciclo completo de produâ”œآ؛â”œأ؛o doutrinâ”œأ­ria: o CEPEDEC sistematiza e formaliza o conhecimento operacional extraâ”œآ،do dos â”œâ”‚rgâ”œأ؛os que executam (DGDEC, CESTAD, REDECs), transformando prâ”œأ­ticas em manuais tâ”œآ®cnicos, POPs e guias de referâ”œآ¬ncia; a ESDEC transforma esse conteâ”œâ•‘do em material didâ”œأ­tico para capacitaâ”œآ؛â”œأ؛o das equipes e dos municâ”œآ،pios. O ICTDEC nâ”œأ؛o â”œآ® a fonte primâ”œأ­ria do conhecimento operacional de resposta أ”أ‡أ¶ â”œآ® quem o extrai, organiza, formaliza e difunde.	{"Conduzir o processo de extraâ”œآ؛â”œأ؛o do conhecimento operacional junto aos â”œâ”‚rgâ”œأ؛os de preparaâ”œآ؛â”œأ؛o e resposta (DGDEC, CESTAD, REDECs)","Sistematizar e formalizar o conteâ”œâ•‘do extraâ”œآ،do em manuais tâ”œآ®cnicos, POPs e guias de referâ”œآ¬ncia, por meio do CEPEDEC","Transformar o conteâ”œâ•‘do doutrinâ”œأ­rio em material didâ”œأ­tico para capacitaâ”œآ؛â”œأ؛o, por meio da ESDEC","Definir padrâ”œأپes de formato, linguagem e estrutura para os produtos doutrinâ”œأ­rios","Instituir ciclo de revisâ”œأ؛o periâ”œâ”‚dica dos produtos, incorporando liâ”œآ؛â”œأپes aprendidas e atualizaâ”œآ؛â”œأپes operacionais"}	{"Nâ”œأ؛o substituir a experiâ”œآ¬ncia operacional dos â”œâ”‚rgâ”œأ؛os de resposta أ”أ‡أ¶ a doutrina deve refletir a prâ”œأ­tica, nâ”œأ؛o ser produzida isoladamente","Nâ”œأ؛o validar o alinhamento estratâ”œآ®gico dos produtos (competâ”œآ¬ncia da SUOP)","Nâ”œأ؛o operar aâ”œآ؛â”œأپes de preparaâ”œآ؛â”œأ؛o e resposta"}	{"Colaboraâ”œآ؛â”œأ؛o ativa da DGDEC, do CESTAD e das REDECs no fornecimento de conteâ”œâ•‘do operacional","Validaâ”œآ؛â”œأ؛o da SUOP quanto ao alinhamento estratâ”œآ®gico e â”œأ، aplicabilidade dos produtos","Acervo de liâ”œآ؛â”œأپes aprendidas e memâ”œâ”‚ria tâ”œآ®cnica (AE 6.3.3) como insumo"}	2026-02-21 12:05:31.311365+00
97	26	2	DGDEC أ”أ‡أ¶ FONTE DE CONHECIMENTO DE RESPOSTA	DGDEC	FONTE DE CONHECIMENTO DE RESPOSTA	A DGDEC â”œآ® o â”œâ”‚rgâ”œأ؛o responsâ”œأ­vel pelas aâ”œآ؛â”œأپes de resposta da Secretaria e detâ”œآ®m o conhecimento operacional acumulado em assistâ”œآ¬ncia humanitâ”œأ­ria, logâ”œآ،stica de desastres e suporte â”œأ،s operaâ”œآ؛â”œأپes. Nesta aâ”œآ؛â”œأ؛o, â”œآ® fonte primâ”œأ­ria de conteâ”œâ•‘do: fornece ao ICTDEC o saber operacional que serâ”œأ­ sistematizado em doutrina. Sem a participaâ”œآ؛â”œأ؛o da DGDEC, os manuais seriam documentos teâ”œâ”‚ricos desconectados da realidade operacional.	{"Fornecer ao ICTDEC o conhecimento operacional acumulado nas aâ”œآ؛â”œأپes de resposta e assistâ”œآ¬ncia humanitâ”œأ­ria","Participar ativamente do processo de extraâ”œآ؛â”œأ؛o de conhecimento, descrevendo fluxos, protocolos e prâ”œأ­ticas consolidadas","Validar operacionalmente os produtos doutrinâ”œأ­rios produzidos pelo ICTDEC, assegurando aderâ”œآ¬ncia â”œأ، realidade de campo","Sinalizar necessidades de novos manuais, POPs ou guias com base nas lacunas percebidas na operaâ”œآ؛â”œأ؛o"}	{"Nâ”œأ؛o sistematizar nem formalizar a doutrina (competâ”œآ¬ncia do ICTDEC/CEPEDEC)","Nâ”œأ؛o produzir material didâ”œأ­tico (competâ”œآ¬ncia da ESDEC)","Nâ”œأ؛o definir padrâ”œأپes de formato dos produtos doutrinâ”œأ­rios"}	{"Processo de extraâ”œآ؛â”œأ؛o conduzido pelo ICTDEC com metodologia clara e respeitâ”œأ­vel do tempo operacional","Retorno dos produtos finalizados para validaâ”œآ؛â”œأ؛o antes da publicaâ”œآ؛â”œأ؛o"}	2026-02-21 12:05:31.311365+00
100	26	5	SUOP (sob aval da SUBSEGOP) أ”أ‡أ¶ VALIDADOR ESTRATâ”œأ«GICO	SUOP (sob aval da SUBSEGOP)	VALIDADOR ESTRATâ”œأ«GICO	A SUOP comanda os â”œâ”‚rgâ”œأ؛os setoriais e â”œآ® responsâ”œأ­vel pelo alinhamento estratâ”œآ®gico das aâ”œآ؛â”œأپes operacionais. Nesta aâ”œآ؛â”œأ؛o, valida os produtos doutrinâ”œأ­rios quanto ao alinhamento ao Plano Estratâ”œآ®gico e â”œأ، aplicabilidade operacional. A validaâ”œآ؛â”œأ؛o da SUOP confere legitimidade institucional aos produtos e assegura que a doutrina produzida seja efetivamente adotada pelos â”œâ”‚rgâ”œأ؛os.	{"Validar os produtos doutrinâ”œأ­rios quanto ao alinhamento ao Plano Estratâ”œآ®gico e â”œأ،s prioridades da SEDEC","Assegurar que os produtos tenham aplicabilidade operacional e sejam adotados pelos â”œâ”‚rgâ”œأ؛os","Priorizar as demandas de produâ”œآ؛â”œأ؛o doutrinâ”œأ­ria conforme as necessidades estratâ”œآ®gicas","Arbitrar divergâ”œآ¬ncias entre â”œâ”‚rgâ”œأ؛os sobre conteâ”œâ•‘do doutrinâ”œأ­rio, quando necessâ”œأ­rio"}	{"Nâ”œأ؛o produzir conteâ”œâ•‘do doutrinâ”œأ­rio (competâ”œآ¬ncia do ICTDEC)","Nâ”œأ؛o extrair conhecimento operacional (competâ”œآ¬ncia dos â”œâ”‚rgâ”œأ؛os de resposta)","Nâ”œأ؛o transformar doutrina em capacitaâ”œآ؛â”œأ؛o (competâ”œآ¬ncia da ESDEC)"}	{"Produtos apresentados pelo ICTDEC com tempo hâ”œأ­bil para revisâ”œأ؛o","Informaâ”œآ؛â”œأپes dos â”œâ”‚rgâ”œأ؛os sobre aderâ”œآ¬ncia dos produtos â”œأ، realidade operacional"}	2026-02-21 12:05:31.311365+00
101	27	1	SUOP (sob aval da SUBSEGOP) أ”أ‡أ¶ COORDENADOR DA Aâ”œأ§â”œأ¢O	SUOP (sob aval da SUBSEGOP)	COORDENADOR DA Aâ”œأ§â”œأ¢O	Aâ”œآ؛â”œأ؛o que envolve mâ”œâ•‘ltiplos â”œâ”‚rgâ”œأ؛os da Defesa Civil Estadual exige coordenaâ”œآ؛â”œأ؛o centralizada. A SUOP comanda os â”œâ”‚rgâ”œأ؛os setoriais e coordena aâ”œآ؛â”œأپes multissetoriais. Nesta aâ”œآ؛â”œأ؛o, compete-lhe priorizar municâ”œآ،pios, articular recursos, alinhar cronogramas e assegurar que a colaboraâ”œآ؛â”œأ؛o em preparaâ”œآ؛â”œأ؛o e resposta chegue ao territâ”œâ”‚rio de forma integrada.	{"Coordenar a atuaâ”œآ؛â”œأ؛o integrada dos â”œâ”‚rgâ”œأ؛os envolvidos nas duas dimensâ”œأپes da aâ”œآ؛â”œأ؛o (preparaâ”œآ؛â”œأ؛o e resposta)","Definir critâ”œآ®rios de priorizaâ”œآ؛â”œأ؛o de municâ”œآ،pios para assessoria e suporte operacional","Articular recursos orâ”œآ؛amentâ”œأ­rios e logâ”œآ،sticos para apoio a projetos de preparaâ”œآ؛â”œأ؛o e resposta","Monitorar a execuâ”œآ؛â”œأ؛o da colaboraâ”œآ؛â”œأ؛o e seus resultados"}	{"Nâ”œأ؛o executar na ponta (competâ”œآ¬ncia das REDECs e â”œâ”‚rgâ”œأ؛os operacionais)","Nâ”œأ؛o definir protocolos tâ”œآ®cnicos de resposta (competâ”œآ¬ncia dos â”œâ”‚rgâ”œأ؛os setoriais)","Nâ”œأ؛o articular diretamente com COMDECs (competâ”œآ¬ncia das REDECs via DREDEC)"}	{"Colaboraâ”œآ؛â”œأ؛o dos â”œâ”‚rgâ”œأ؛os setoriais na execuâ”œآ؛â”œأ؛o de suas partes","Informaâ”œآ؛â”œأپes sobre necessidades municipais coletadas pelas REDECs","Disponibilidade orâ”œآ؛amentâ”œأ­ria para apoio a projetos"}	2026-02-21 12:05:31.311365+00
102	27	2	DGDEC أ”أ‡أ¶ RESPOSTA E ASSISTâ”œأ¨NCIA HUMANITâ”œأ¼RIA	DGDEC	RESPOSTA E ASSISTâ”œأ¨NCIA HUMANITâ”œأ¼RIA	A DGDEC â”œآ® o â”œâ”‚rgâ”œأ؛o responsâ”œأ­vel pelas aâ”œآ؛â”œأپes de resposta e detâ”œآ®m o conhecimento e a logâ”œآ،stica de assistâ”œآ¬ncia humanitâ”œأ­ria da Secretaria. Nesta aâ”œآ؛â”œأ؛o, atua nas duas dimensâ”œأپes: na preparaâ”œآ؛â”œأ؛o, assessora municâ”œآ،pios na elaboraâ”œآ؛â”œأ؛o de planos de contingâ”œآ¬ncia e na estruturaâ”œآ؛â”œأ؛o de suas capacidades de resposta; durante a crise, mobiliza suporte operacional direto أ”أ‡أ¶ logâ”œآ،stica, produtos de assistâ”œآ¬ncia humanitâ”œأ­ria e equipes de apoio أ”أ‡أ¶ quando a capacidade municipal for excedida.	{"Assessorar municâ”œآ،pios na elaboraâ”œآ؛â”œأ؛o e atualizaâ”œآ؛â”œأ؛o de planos de contingâ”œآ¬ncia","Mobilizar suporte operacional direto (logâ”œآ،stica, assistâ”œآ¬ncia humanitâ”œأ­ria, equipes) quando a capacidade municipal for excedida","Orientar municâ”œآ،pios na estruturaâ”œآ؛â”œأ؛o de suas capacidades de resposta","Apoiar a realizaâ”œآ؛â”œأ؛o de exercâ”œآ،cios simulados nos municâ”œآ،pios"}	{"Nâ”œأ؛o monitorar riscos (competâ”œآ¬ncia do CEMADEN-RJ)","Nâ”œأ؛o capacitar formalmente agentes municipais (competâ”œآ¬ncia da ESDEC)","Nâ”œأ؛o articular â”œâ”‚rgâ”œأ؛os externos para resposta multisetorial (competâ”œآ¬ncia do GRAC)"}	{"Alertas do CEMADEN-RJ para antecipar mobilizaâ”œآ؛â”œأ؛o de recursos","REDECs como canal de execuâ”œآ؛â”œأ؛o territorial","Recursos orâ”œآ؛amentâ”œأ­rios e logâ”œآ،sticos articulados pela SUOP"}	2026-02-21 12:05:31.311365+00
104	27	4	CEMADEN-RJ أ”أ‡أ¶ ALERTAS E SUPORTE EM CRISE	CEMADEN-RJ	ALERTAS E SUPORTE EM CRISE	O CEMADEN-RJ â”œآ® responsâ”œأ­vel pelo monitoramento e pela emissâ”œأ؛o de alertas geohidrometeorolâ”œâ”‚gicos. Nesta aâ”œآ؛â”œأ؛o, fornece os alertas e panoramas de risco que orientam tanto a preparaâ”œآ؛â”œأ؛o quanto a resposta: na preparaâ”œآ؛â”œأ؛o, seus panoramas subsidiam o planejamento de contingâ”œآ¬ncia; durante a crise, seus alertas e recomendaâ”œآ؛â”œأپes de acionamento de sirenes orientam a tomada de decisâ”œأ؛o municipal e a mobilizaâ”œآ؛â”œأ؛o estadual.	{"Fornecer alertas geohidrometeorolâ”œâ”‚gicos e panoramas de risco que subsidiem o planejamento de contingâ”œآ¬ncia municipal","Emitir alertas e recomendaâ”œآ؛â”œأپes de acionamento de sirenes durante eventos adversos","Disponibilizar informaâ”œآ؛â”œأپes sobre cenâ”œأ­rios de risco que orientem a mobilizaâ”œآ؛â”œأ؛o de recursos de resposta"}	{"Nâ”œأ؛o coordenar a resposta a desastres (competâ”œآ¬ncia do CESTAD)","Nâ”œأ؛o mobilizar logâ”œآ،stica ou assistâ”œآ¬ncia humanitâ”œأ­ria (competâ”œآ¬ncia da DGDEC)","Nâ”œأ؛o produzir mapas de risco ou de suscetibilidade"}	{"Infraestrutura de monitoramento adequada para gerar alertas confiâ”œأ­veis","Fluxos de comunicaâ”œآ؛â”œأ؛o definidos com o CESTAD e a DGDEC para acionamento tempestivo"}	2026-02-21 12:05:31.311365+00
115	29	3	SUOP (sob aval da SUBSEGOP) أ”أ‡أ¶ VALIDAâ”œأ§â”œأ¢O E COORDENAâ”œأ§â”œأ¢O	SUOP (sob aval da SUBSEGOP)	VALIDAâ”œأ§â”œأ¢O E COORDENAâ”œأ§â”œأ¢O	A SUOP comanda os â”œâ”‚rgâ”œأ؛os setoriais e â”œآ® responsâ”œأ­vel pelo alinhamento estratâ”œآ®gico das aâ”œآ؛â”œأپes operacionais. Nesta aâ”œآ؛â”œأ؛o, valida os produtos quanto ao alinhamento ao Plano Estratâ”œآ®gico e coordena a execuâ”œآ؛â”œأ؛o interna, assegurando que o conteâ”œâ•‘do produzido pelo ICTDEC e pela Coordenadoria de Engenharia esteja pronto para difusâ”œأ؛o.	{"Validar as diretrizes quanto ao alinhamento ao Plano Estratâ”œآ®gico e â”œأ،s prioridades da SEDEC","Coordenar a execuâ”œآ؛â”œأ؛o interna da aâ”œآ؛â”œأ؛o (cronograma, integraâ”œآ؛â”œأ؛o entre ICTDEC e Coord. Engenharia)","Articular com a SUBSEGOP o encaminhamento para difusâ”œأ؛o junto aos â”œâ”‚rgâ”œأ؛os estaduais"}	{"Nâ”œأ؛o produzir conteâ”œâ•‘do tâ”œآ®cnico (competâ”œآ¬ncia do ICTDEC e da Coord. Engenharia)","Nâ”œأ؛o articular politicamente com â”œâ”‚rgâ”œأ؛os estaduais externos (competâ”œآ¬ncia da SUBSEGOP)","Nâ”œأ؛o executar atividades de nivelamento"}	{"Produtos apresentados pelo ICTDEC com tempo hâ”œأ­bil para revisâ”œأ؛o","Disponibilidade da SUBSEGOP para conduzir a articulaâ”œآ؛â”œأ؛o polâ”œآ،tica"}	2026-02-21 12:05:31.311365+00
105	27	5	GRAC (Grupo de Aâ”œآ؛â”œأپes Coordenadas) أ”أ‡أ¶ INTEGRAâ”œأ§â”œأ¢O MULTISETORIAL	GRAC (Grupo de Aâ”œآ؛â”œأپes Coordenadas)	INTEGRAâ”œأ§â”œأ¢O MULTISETORIAL	O GRAC â”œآ® responsâ”œأ­vel pela integraâ”œآ؛â”œأ؛o dos â”œâ”‚rgâ”œأ؛os participantes do SIEPDEC-RJ para preparaâ”œآ؛â”œأ؛o e resposta a desastres, sob coordenaâ”œآ؛â”œأ؛o da SEDEC. Nesta aâ”œآ؛â”œأ؛o, articula â”œâ”‚rgâ”œأ؛os estaduais, entidades da Rede Salvar e demais integrantes do sistema para atuaâ”œآ؛â”œأ؛o coordenada. Na preparaâ”œآ؛â”œأ؛o, promove o entrosamento entre os â”œâ”‚rgâ”œأ؛os e a definiâ”œآ؛â”œأ؛o de protocolos de atuaâ”œآ؛â”œأ؛o conjunta. Durante a resposta, viabiliza a mobilizaâ”œآ؛â”œأ؛o multisetorial de recursos e capacidades.	{"Articular â”œâ”‚rgâ”œأ؛os estaduais, entidades da Rede Salvar e demais integrantes do SIEPDEC-RJ para atuaâ”œآ؛â”œأ؛o coordenada em desastres","Promover exercâ”œآ،cios de entrosamento entre os â”œâ”‚rgâ”œأ؛os participantes","Definir protocolos de atuaâ”œآ؛â”œأ؛o conjunta para situaâ”œآ؛â”œأپes de desastre","Viabilizar a mobilizaâ”œآ؛â”œأ؛o multisetorial de recursos e capacidades durante a resposta"}	{"Nâ”œأ؛o executar aâ”œآ؛â”œأپes operacionais diretas de resposta (competâ”œآ¬ncia da DGDEC e do CESTAD)","Nâ”œأ؛o assessorar municâ”œآ،pios em planos de contingâ”œآ¬ncia (competâ”œآ¬ncia da DGDEC)","Nâ”œأ؛o monitorar riscos (competâ”œآ¬ncia do CEMADEN-RJ)"}	{"Definiâ”œآ؛â”œأ؛o clara das atribuiâ”œآ؛â”œأپes dos â”œâ”‚rgâ”œأ؛os participantes","Protocolo de acionamento integrado ao CESTAD","Disponibilidade dos â”œâ”‚rgâ”œأ؛os para participaâ”œآ؛â”œأ؛o em exercâ”œآ،cios e na resposta"}	2026-02-21 12:05:31.311365+00
106	27	6	ESDEC أ”أ‡أ¶ CAPACITADORA	ESDEC	CAPACITADORA	A ESDEC capacita agentes do SIEPDEC-RJ. Nesta aâ”œآ؛â”œأ؛o, forma agentes municipais em preparaâ”œآ؛â”œأ؛o e resposta a desastres: planejamento de contingâ”œآ¬ncia, coordenaâ”œآ؛â”œأ؛o de resposta, assistâ”œآ¬ncia humanitâ”œأ­ria e gestâ”œأ؛o de crises. Os conteâ”œâ•‘dos tâ”œآ®cnicos sâ”œأ؛o fornecidos pela DGDEC, pelo CESTAD e pelo CEMADEN-RJ.	{"Estruturar e executar programas de capacitaâ”œآ؛â”œأ؛o para agentes municipais em preparaâ”œآ؛â”œأ؛o e resposta","Incluir conteâ”œâ•‘dos de planejamento de contingâ”œآ¬ncia, coordenaâ”œآ؛â”œأ؛o de resposta, assistâ”œآ¬ncia humanitâ”œأ­ria e gestâ”œأ؛o de crises","Avaliar o aprendizado e retroalimentar o modelo de capacitaâ”œآ؛â”œأ؛o"}	{"Nâ”œأ؛o assessorar municâ”œآ،pios em planos de contingâ”œآ¬ncia (competâ”œآ¬ncia da DGDEC)","Nâ”œأ؛o executar aâ”œآ؛â”œأپes de resposta","Nâ”œأ؛o articular com municâ”œآ،pios sobre adesâ”œأ؛o (competâ”œآ¬ncia das REDECs via DREDEC)"}	{"Conteâ”œâ•‘dos tâ”œآ®cnicos fornecidos pela DGDEC, CESTAD e CEMADEN-RJ","Demanda dimensionada pela SUOP","Apoio logâ”œآ،stico das REDECs para capacitaâ”œآ؛â”œأ؛o no territâ”œâ”‚rio","Conteâ”œâ•‘do doutrinâ”œأ­rio produzido na AE 8.2.5 como base didâ”œأ­tica"}	2026-02-21 12:05:31.311365+00
108	28	1	SUOP (sob aval da SUBSEGOP) أ”أ‡أ¶ Lâ”œأ¬DER DA Aâ”œأ§â”œأ¢O	SUOP (sob aval da SUBSEGOP)	Lâ”œأ¬DER DA Aâ”œأ§â”œأ¢O	A recuperaâ”œآ؛â”œأ؛o pâ”œâ”‚s-desastre envolve â”œâ”‚rgâ”œأ؛os estaduais que nâ”œأ؛o estâ”œأ؛o subordinados â”œأ، SEDEC. A articulaâ”œآ؛â”œأ؛o do aparato estatal exige coordenaâ”œآ؛â”œأ؛o centralizada dentro da Secretaria para que as demandas municipais sejam recebidas, avaliadas tecnicamente, priorizadas e encaminhadas de forma integrada. A SUOP lidera esse fluxo internamente, definindo critâ”œآ®rios de priorizaâ”œآ؛â”œأ؛o e monitorando o andamento das aâ”œآ؛â”œأپes articuladas.	{"Normatizar o procedimento de recebimento, avaliaâ”œآ؛â”œأ؛o e encaminhamento de demandas municipais de recuperaâ”œآ؛â”œأ؛o","Definir critâ”œآ®rios tâ”œآ®cnicos de priorizaâ”œآ؛â”œأ؛o (infraestruturas crâ”œآ،ticas, populaâ”œآ؛â”œأ؛o afetada, risco residual)","Coordenar o fluxo interno de demandas entre os â”œâ”‚rgâ”œأ؛os da SEDEC (DGDEC, REDECs, Coord. Engenharia)","Monitorar o andamento das aâ”œآ؛â”œأپes de recuperaâ”œآ؛â”œأ؛o articuladas por meio do GRAC"}	{"Nâ”œأ؛o executar projetos de recuperaâ”œآ؛â”œأ؛o (competâ”œآ¬ncia dos â”œâ”‚rgâ”œأ؛os setoriais do Estado)","Nâ”œأ؛o articular diretamente com â”œâ”‚rgâ”œأ؛os estaduais externos (competâ”œآ¬ncia do GRAC)","Nâ”œأ؛o avaliar danos na ponta (competâ”œآ¬ncia das REDECs e da Coord. Engenharia)"}	{"Avaliaâ”œآ؛â”œأپes de danos consolidadas pela DGDEC e pela Coord. Engenharia","Colaboraâ”œآ؛â”œأ؛o do GRAC na mobilizaâ”œآ؛â”œأ؛o dos â”œâ”‚rgâ”œأ؛os setoriais","REDECs como canal de levantamento territorial"}	2026-02-21 12:05:31.311365+00
109	28	2	GRAC (Grupo de Aâ”œآ؛â”œأپes Coordenadas) أ”أ‡أ¶ ARTICULADOR COM â”œأ´RGâ”œأ¢OS SETORIAIS	GRAC (Grupo de Aâ”œآ؛â”œأپes Coordenadas)	ARTICULADOR COM â”œأ´RGâ”œأ¢OS SETORIAIS	O GRAC â”œآ® a instâ”œأ³ncia de integraâ”œآ؛â”œأ؛o dos â”œâ”‚rgâ”œأ؛os participantes do SIEPDEC-RJ. Nesta aâ”œآ؛â”œأ؛o, â”œآ® o executor no nâ”œآ،vel articulatâ”œâ”‚rio: recebe da SUOP as demandas priorizadas e mobiliza os â”œâ”‚rgâ”œأ؛os estaduais competentes (infraestrutura, habitaâ”œآ؛â”œأ؛o, saneamento, energia, rodovias e demais) para a execuâ”œآ؛â”œأ؛o dos projetos de recuperaâ”œآ؛â”œأ؛o. O GRAC nâ”œأ؛o executa a recuperaâ”œآ؛â”œأ؛o أ”أ‡أ¶ articula quem a executa.	{"Mobilizar â”œâ”‚rgâ”œأ؛os estaduais competentes para execuâ”œآ؛â”œأ؛o dos projetos de recuperaâ”œآ؛â”œأ؛o priorizados pela SUOP","Estabelecer e manter fluxos transversais de comunicaâ”œآ؛â”œأ؛o intersetorial para as aâ”œآ؛â”œأپes de recuperaâ”œآ؛â”œأ؛o","Acompanhar junto aos â”œâ”‚rgâ”œأ؛os setoriais o andamento dos projetos articulados","Reportar â”œأ، SUOP o status das aâ”œآ؛â”œأپes e eventuais obstâ”œأ­culos na mobilizaâ”œآ؛â”œأ؛o intersetorial"}	{"Nâ”œأ؛o avaliar danos (competâ”œآ¬ncia da DGDEC, das REDECs e da Coord. Engenharia)","Nâ”œأ؛o priorizar demandas (competâ”œآ¬ncia da SUOP)","Nâ”œأ؛o executar projetos de recuperaâ”œآ؛â”œأ؛o (competâ”œآ¬ncia dos â”œâ”‚rgâ”œأ؛os setoriais do Estado)"}	{"Demandas priorizadas pela SUOP com critâ”œآ®rios tâ”œآ®cnicos auditâ”œأ­veis","Avaliaâ”œآ؛â”œأپes de danos que fundamentem a solicitaâ”œآ؛â”œأ؛o aos â”œâ”‚rgâ”œأ؛os setoriais","Receptividade dos â”œâ”‚rgâ”œأ؛os estaduais para atuaâ”œآ؛â”œأ؛o articulada"}	2026-02-21 12:05:31.311365+00
110	28	3	DGDEC أ”أ‡أ¶ CANAL COM MUNICâ”œأ¬PIOS E CONSOLIDAâ”œأ§â”œأ¢O DE DANOS	DGDEC	CANAL COM MUNICâ”œأ¬PIOS E CONSOLIDAâ”œأ§â”œأ¢O DE DANOS	A DGDEC â”œآ® o canal formal da relaâ”œآ؛â”œأ؛o estado-municâ”œآ،pio nas aâ”œآ؛â”œأپes de resposta e recuperaâ”œآ؛â”œأ؛o. Nesta aâ”œآ؛â”œأ؛o, recebe as demandas municipais de apoio â”œأ، recuperaâ”œآ؛â”œأ؛o, consolida as avaliaâ”œآ؛â”œأپes de danos realizadas pelas REDECs e pela Coordenadoria de Engenharia e apresenta â”œأ، SUOP o panorama consolidado que fundamentarâ”œأ­ a priorizaâ”œآ؛â”œأ؛o.	{"Receber e registrar as demandas municipais de apoio â”œأ، recuperaâ”œآ؛â”œأ؛o","Consolidar as avaliaâ”œآ؛â”œأپes de danos realizadas pelas REDECs e pela Coordenadoria de Engenharia","Apresentar â”œأ، SUOP o panorama consolidado de danos e necessidades, fundamentando a priorizaâ”œآ؛â”œأ؛o","Manter o registro auditâ”œأ­vel das demandas recebidas e das avaliaâ”œآ؛â”œأپes realizadas"}	{"Nâ”œأ؛o priorizar demandas (competâ”œآ¬ncia da SUOP)","Nâ”œأ؛o articular com â”œâ”‚rgâ”œأ؛os estaduais externos (competâ”œآ¬ncia do GRAC)","Nâ”œأ؛o avaliar tecnicamente infraestrutura (competâ”œآ¬ncia da Coord. Engenharia)"}	{"Levantamentos das REDECs como base da consolidaâ”œآ؛â”œأ؛o","Pareceres da Coordenadoria de Engenharia sobre infraestrutura","Procedimento normatizado pela SUOP para recebimento e encaminhamento"}	2026-02-21 12:05:31.311365+00
111	28	4	Coordenadoria de Engenharia em Defesa Civil أ”أ‡أ¶ AVALIAâ”œأ§â”œأ¢O Tâ”œأ«CNICA DE INFRAESTRUTURA	Coordenadoria de Engenharia em Defesa Civil	AVALIAâ”œأ§â”œأ¢O Tâ”œأ«CNICA DE INFRAESTRUTURA	A Coordenadoria de Engenharia avalia danos em infraestrutura e emite pareceres tâ”œآ®cnicos que fundamentam a priorizaâ”œآ؛â”œأ؛o e o encaminhamento das demandas de recuperaâ”œآ؛â”œأ؛o. Nesta aâ”œآ؛â”œأ؛o, sua contribuiâ”œآ؛â”œأ؛o â”œآ® tâ”œآ®cnica: avaliar o estado de infraestruturas crâ”œآ،ticas (pontes, vias, encostas, edificaâ”œآ؛â”œأپes pâ”œâ•‘blicas) e emitir pareceres que subsidiem a SUOP na priorizaâ”œآ؛â”œأ؛o e o GRAC na solicitaâ”œآ؛â”œأ؛o aos â”œâ”‚rgâ”œأ؛os setoriais. A carâ”œآ¬ncia de quadro tâ”œآ®cnico exige priorizaâ”œآ؛â”œأ؛o rigorosa das avaliaâ”œآ؛â”œأپes.	{"Avaliar danos em infraestruturas crâ”œآ،ticas nos municâ”œآ،pios afetados, quando demandado","Emitir pareceres tâ”œآ®cnicos sobre o estado da infraestrutura e a necessidade de intervenâ”œآ؛â”œأ؛o","Subsidiar a SUOP com informaâ”œآ؛â”œأپes tâ”œآ®cnicas para a priorizaâ”œآ؛â”œأ؛o das demandas de recuperaâ”œآ؛â”œأ؛o","Articular com â”œâ”‚rgâ”œأ؛os estaduais de infraestrutura quando necessâ”œأ­rio para complementar avaliaâ”œآ؛â”œأپes"}	{"Nâ”œأ؛o executar obras de recuperaâ”œآ؛â”œأ؛o (competâ”œآ¬ncia dos â”œâ”‚rgâ”œأ؛os setoriais do Estado)","Nâ”œأ؛o consolidar avaliaâ”œآ؛â”œأپes gerais de danos (competâ”œآ¬ncia da DGDEC)","Nâ”œأ؛o priorizar demandas (competâ”œآ¬ncia da SUOP)"}	{"Demandas priorizadas pela SUOP dado o quadro limitado de pessoal","Levantamentos das REDECs como informaâ”œآ؛â”œأ؛o preliminar","Acesso ao territâ”œâ”‚rio afetado em condiâ”œآ؛â”œأپes adequadas de seguranâ”œآ؛a"}	2026-02-21 12:05:31.311365+00
112	28	5	REDECs (via DREDEC) أ”أ‡أ¶ LEVANTAMENTO NA PONTA	REDECs (via DREDEC)	LEVANTAMENTO NA PONTA	As REDECs sâ”œأ؛o o primeiro elo do levantamento de danos no territâ”œâ”‚rio. Nesta aâ”œآ؛â”œأ؛o, realizam o levantamento preliminar de danos nos municâ”œآ،pios afetados, coletam as demandas de recuperaâ”œآ؛â”œأ؛o junto â”œأ،s COMDECs e reportam â”œأ، DGDEC. Suas informaâ”œآ؛â”œأپes alimentam tanto a consolidaâ”œآ؛â”œأ؛o da DGDEC quanto as avaliaâ”œآ؛â”œأپes da Coordenadoria de Engenharia.	{"Realizar levantamento preliminar de danos nos municâ”œآ،pios afetados de sua regiâ”œأ؛o","Coletar e reportar â”œأ، DGDEC as demandas municipais de apoio â”œأ، recuperaâ”œآ؛â”œأ؛o","Apoiar a Coordenadoria de Engenharia no acesso ao territâ”œâ”‚rio para avaliaâ”œآ؛â”œأپes tâ”œآ®cnicas","Acompanhar e reportar o andamento das aâ”œآ؛â”œأپes de recuperaâ”œآ؛â”œأ؛o nos municâ”œآ،pios de sua regiâ”œأ؛o"}	{"Nâ”œأ؛o avaliar tecnicamente infraestrutura (competâ”œآ¬ncia da Coord. Engenharia)","Nâ”œأ؛o priorizar demandas (competâ”œآ¬ncia da SUOP)","Nâ”œأ؛o articular com â”œâ”‚rgâ”œأ؛os estaduais externos (competâ”œآ¬ncia do GRAC)"}	{"Procedimento normatizado pela SUOP para coleta e reporte","Acesso ao territâ”œâ”‚rio afetado em condiâ”œآ؛â”œأپes adequadas de seguranâ”œآ؛a","Coordenaâ”œآ؛â”œأ؛o da DGDEC sobre prioridades e cronograma de levantamento"}	2026-02-21 12:05:31.311365+00
113	29	1	ICTDEC (com CEPEDEC) أ”أ‡أ¶ Lâ”œأ¬DER DA PRODUâ”œأ§â”œأ¢O DE DIRETRIZES	ICTDEC (com CEPEDEC)	Lâ”œأ¬DER DA PRODUâ”œأ§â”œأ¢O DE DIRETRIZES	O ICTDEC, por meio do CEPEDEC, â”œآ® o produtor de conhecimento cientâ”œآ،fico e metodologias da Secretaria. Nesta aâ”œآ؛â”œأ؛o, lidera a produâ”œآ؛â”œأ؛o das diretrizes de reconstruâ”œآ؛â”œأ؛o resiliente أ”أ‡أ¶ fundamentadas nos princâ”œآ،pios do Marco de Sendai, do PN-PDC 2025أ”أ‡أ´2035 e na legislaâ”œآ؛â”œأ؛o vigente أ”أ‡أ¶ e estrutura o conteâ”œâ•‘do para atividades de nivelamento e mâ”œآ،dias de difusâ”œأ؛o. O ICTDEC nâ”œأ؛o articula politicamente com os â”œâ”‚rgâ”œأ؛os estaduais executores (competâ”œآ¬ncia da SUBSEGOP), mas produz o conteâ”œâ•‘do que fundamenta e legitima a interlocuâ”œآ؛â”œأ؛o.	{"Produzir diretrizes de reduâ”œآ؛â”œأ؛o de riscos aplicâ”œأ­veis â”œأ، recuperaâ”œآ؛â”œأ؛o pâ”œâ”‚s-desastre, fundamentadas no Marco de Sendai e no PN-PDC","Estruturar conteâ”œâ•‘do para atividades de nivelamento dirigidas aos â”œâ”‚rgâ”œأ؛os estaduais executores","Desenvolver mâ”œآ،dias e materiais de difusâ”œأ؛o dos princâ”œآ،pios de reconstruâ”œآ؛â”œأ؛o resiliente","Integrar o conteâ”œâ•‘do tâ”œآ®cnico de engenharia fornecido pela Coordenadoria de Engenharia â”œأ،s diretrizes"}	{"Nâ”œأ؛o articular politicamente com â”œâ”‚rgâ”œأ؛os estaduais executores (competâ”œآ¬ncia da SUBSEGOP)","Nâ”œأ؛o executar obras ou projetos de recuperaâ”œآ؛â”œأ؛o","Nâ”œأ؛o validar o alinhamento estratâ”œآ®gico dos produtos (competâ”œآ¬ncia da SUOP)"}	{"Conteâ”œâ•‘do tâ”œآ®cnico de engenharia fornecido pela Coordenadoria de Engenharia","Validaâ”œآ؛â”œأ؛o da SUOP quanto ao alinhamento estratâ”œآ®gico","Articulaâ”œآ؛â”œأ؛o da SUBSEGOP para acesso aos â”œâ”‚rgâ”œأ؛os estaduais executores","Referâ”œآ¬ncias do PN-PDC e do Marco de Sendai como base conceitual"}	2026-02-21 12:05:31.311365+00
114	29	2	Coordenadoria de Engenharia em Defesa Civil أ”أ‡أ¶ CONTEâ”œأœDO Tâ”œأ«CNICO DE ENGENHARIA	Coordenadoria de Engenharia em Defesa Civil	CONTEâ”œأœDO Tâ”œأ«CNICO DE ENGENHARIA	A Coordenadoria de Engenharia detâ”œآ®m o conhecimento tâ”œآ®cnico sobre intervenâ”œآ؛â”œأپes fâ”œآ،sicas em defesa civil. Nesta aâ”œآ؛â”œأ؛o, fornece ao ICTDEC o conteâ”œâ•‘do tâ”œآ®cnico de engenharia resiliente aplicâ”œأ­vel â”œأ، recuperaâ”œآ؛â”œأ؛o: especificaâ”œآ؛â”œأپes tâ”œآ®cnicas para reconstruâ”œآ؛â”œأ؛o de infraestrutura com reduâ”œآ؛â”œأ؛o de risco, critâ”œآ®rios de resiliâ”œآ¬ncia para obras e exemplos de boas prâ”œأ­ticas. Esse conteâ”œâ•‘do serâ”œأ­ integrado â”œأ،s diretrizes produzidas pelo ICTDEC.	{"Fornecer ao ICTDEC conteâ”œâ•‘do tâ”œآ®cnico de engenharia resiliente aplicâ”œأ­vel â”œأ، recuperaâ”œآ؛â”œأ؛o pâ”œâ”‚s-desastre","Contribuir com especificaâ”œآ؛â”œأپes tâ”œآ®cnicas, critâ”œآ®rios de resiliâ”œآ¬ncia e exemplos de boas prâ”œأ­ticas","Validar tecnicamente o conteâ”œâ•‘do de engenharia nas diretrizes antes da difusâ”œأ؛o"}	{"Nâ”œأ؛o produzir diretrizes conceituais de reconstruâ”œآ؛â”œأ؛o resiliente (competâ”œآ¬ncia do ICTDEC/CEPEDEC)","Nâ”œأ؛o difundir conteâ”œâ•‘do junto aos â”œâ”‚rgâ”œأ؛os estaduais","Nâ”œأ؛o executar obras de recuperaâ”œآ؛â”œأ؛o"}	{"Demandas do ICTDEC sobre conteâ”œâ•‘dos especâ”œآ،ficos necessâ”œأ­rios","Acesso a referâ”œآ¬ncias tâ”œآ®cnicas nacionais e internacionais sobre engenharia resiliente"}	2026-02-21 12:05:31.311365+00
121	30	5	DGAC أ”أ‡أ¶ DIMENSâ”œأ¢O COMUNITâ”œأ¼RIA	DGAC	DIMENSâ”œأ¢O COMUNITâ”œأ¼RIA	A DGAC desenvolve percepâ”œآ؛â”œأ؛o de risco e participaâ”œآ؛â”œأ؛o social. Nesta aâ”œآ؛â”œأ؛o, contribui com a dimensâ”œأ؛o comunitâ”œأ­ria nas discussâ”œأپes intersetoriais: assegura que as polâ”œآ،ticas transversais de RRD incorporem a perspectiva das comunidades, a percepâ”œآ؛â”œأ؛o de risco da populaâ”œآ؛â”œأ؛o e os mecanismos de participaâ”œآ؛â”œأ؛o social.	{"Contribuir com conteâ”œâ•‘do sobre percepâ”œآ؛â”œأ؛o de risco e participaâ”œآ؛â”œأ؛o social nas discussâ”œأپes intersetoriais","Assegurar que as polâ”œآ،ticas transversais incorporem a perspectiva comunitâ”œأ­ria","Participar das instâ”œأ³ncias de discussâ”œأ؛o representando a dimensâ”œأ؛o de conscientizaâ”œآ؛â”œأ؛o e participaâ”œآ؛â”œأ؛o social"}	{"Nâ”œأ؛o articular com â”œâ”‚rgâ”œأ؛os estaduais fora do tema comunitâ”œأ­rio","Nâ”œأ؛o produzir diretrizes de polâ”œآ،tica pâ”œâ•‘blica","Nâ”œأ؛o conduzir capacitaâ”œآ؛â”œأپes formais (competâ”œآ¬ncia da ESDEC)"}	{"Coordenaâ”œآ؛â”œأ؛o da SUOP sobre participaâ”œآ؛â”œأ؛o nas discussâ”œأپes","Conteâ”œâ•‘do tâ”œآ®cnico do ICTDEC como referâ”œآ¬ncia para contribuiâ”œآ؛â”œأپes"}	2026-02-21 12:05:31.311365+00
116	29	4	SUBSEGOP أ”أ‡أ¶ ARTICULAâ”œأ§â”œأ¢O POLâ”œأ¬TICO-INSTITUCIONAL PARA DIFUSâ”œأ¢O	SUBSEGOP	ARTICULAâ”œأ§â”œأ¢O POLâ”œأ¬TICO-INSTITUCIONAL PARA DIFUSâ”œأ¢O	A SUBSEGOP â”œآ® a instâ”œأ³ncia que faz o elo entre os temas operacionais e polâ”œآ،ticos da Secretaria. Nesta aâ”œآ؛â”œأ؛o, seu papel â”œآ® conferir legitimidade institucional â”œأ، difusâ”œأ؛o das diretrizes: articular o acesso aos â”œâ”‚rgâ”œأ؛os estaduais executores de obras e infraestrutura, viabilizando que as atividades de nivelamento e os materiais produzidos pelo ICTDEC cheguem aos interlocutores corretos com o peso institucional necessâ”œأ­rio. Sem essa articulaâ”œآ؛â”œأ؛o, o conteâ”œâ•‘do tâ”œآ®cnico nâ”œأ؛o alcanâ”œآ؛a quem decide sobre a recuperaâ”œآ؛â”œأ؛o.	{"Articular o acesso institucional aos â”œâ”‚rgâ”œأ؛os estaduais executores de obras e infraestrutura","Conferir legitimidade institucional â”œأ، difusâ”œأ؛o das diretrizes, representando a Secretaria no nâ”œآ،vel polâ”œآ،tico adequado","Viabilizar a realizaâ”œآ؛â”œأ؛o de atividades de nivelamento junto aos â”œâ”‚rgâ”œأ؛os estaduais","Respaldar politicamente o ICTDEC e a SUOP na execuâ”œآ؛â”œأ؛o da aâ”œآ؛â”œأ؛o"}	{"Nâ”œأ؛o produzir conteâ”œâ•‘do tâ”œآ®cnico (competâ”œآ¬ncia do ICTDEC e da Coord. Engenharia)","Nâ”œأ؛o conduzir atividades de nivelamento (competâ”œآ¬ncia do ICTDEC)","Nâ”œأ؛o executar obras ou projetos de recuperaâ”œآ؛â”œأ؛o"}	{"Diretrizes produzidas e validadas pelo ICTDEC e pela SUOP","Receptividade dos â”œâ”‚rgâ”œأ؛os estaduais executores para o diâ”œأ­logo institucional","Agenda polâ”œآ،tica favorâ”œأ­vel â”œأ، pauta de reconstruâ”œآ؛â”œأ؛o resiliente"}	2026-02-21 12:05:31.311365+00
117	30	1	SUBSEGOP أ”أ‡أ¶ Lâ”œأ¬DER DA ARTICULAâ”œأ§â”œأ¢O POLâ”œأ¬TICO-INSTITUCIONAL	SUBSEGOP	Lâ”œأ¬DER DA ARTICULAâ”œأ§â”œأ¢O POLâ”œأ¬TICO-INSTITUCIONAL	A SUBSEGOP â”œآ® a instâ”œأ³ncia que faz o elo entre os temas operacionais e polâ”œآ،ticos da Secretaria. Nesta aâ”œآ؛â”œأ؛o, lidera a articulaâ”œآ؛â”œأ؛o polâ”œآ،tico-institucional com â”œâ”‚rgâ”œأ؛os estaduais, atores externos e parceiros estratâ”œآ®gicos para o estabelecimento de instâ”œأ³ncias de discussâ”œأ؛o sobre polâ”œآ،ticas transversais de RRD. A interlocuâ”œآ؛â”œأ؛o com â”œâ”‚rgâ”œأ؛os de outros setores de governo exige peso institucional que somente a SUBSEGOP pode conferir. Atualmente, essa funâ”œآ؛â”œأ؛o nâ”œأ؛o conta com â”œâ”‚rgâ”œأ؛o de assessoramento dedicado (ver Nota sobre Arranjo Institucional).	{"Conduzir o diâ”œأ­logo institucional com â”œâ”‚rgâ”œأ؛os estaduais de outros setores (ordenamento territorial, saâ”œâ•‘de, educaâ”œآ؛â”œأ؛o, meio ambiente, infraestrutura, habitaâ”œآ؛â”œأ؛o)","Viabilizar a criaâ”œآ؛â”œأ؛o e o funcionamento de instâ”œأ³ncias de discussâ”œأ؛o intersetorial sobre polâ”œآ،ticas de RRD","Articular a participaâ”œآ؛â”œأ؛o de atores externos e parceiros estratâ”œآ®gicos nas discussâ”œأپes","Representar a SEDEC nos fâ”œâ”‚runs intersetoriais de polâ”œآ،ticas pâ”œâ•‘blicas"}	{"Nâ”œأ؛o produzir conteâ”œâ•‘do tâ”œآ®cnico (competâ”œآ¬ncia do ICTDEC/CEPEDEC)","Nâ”œأ؛o conduzir capacitaâ”œآ؛â”œأپes (competâ”œآ¬ncia da ESDEC)","Nâ”œأ؛o coordenar internamente os â”œâ”‚rgâ”œأ؛os da SEDEC para esta aâ”œآ؛â”œأ؛o (competâ”œآ¬ncia da SUOP)"}	{"Conteâ”œâ•‘do tâ”œآ®cnico produzido pelo ICTDEC para fundamentar as discussâ”œأپes","Coordenaâ”œآ؛â”œأ؛o interna da SUOP para alinhar a participaâ”œآ؛â”œأ؛o dos â”œâ”‚rgâ”œأ؛os da SEDEC","Receptividade dos â”œâ”‚rgâ”œأ؛os estaduais para o diâ”œأ­logo intersetorial"}	2026-02-21 12:05:31.311365+00
118	30	2	ICTDEC (com CEPEDEC) أ”أ‡أ¶ CONTEâ”œأœDO Tâ”œأ«CNICO E METODOLâ”œأ´GICO	ICTDEC (com CEPEDEC)	CONTEâ”œأœDO Tâ”œأ«CNICO E METODOLâ”œأ´GICO	O ICTDEC, por meio do CEPEDEC, â”œآ® o produtor de conhecimento cientâ”œآ،fico e metodologias da Secretaria. Nesta aâ”œآ؛â”œأ؛o, fornece o subsâ”œآ،dio tâ”œآ®cnico que fundamenta e qualifica as discussâ”œأپes intersetoriais: estudos sobre transversalidade da RRD, metodologias para integraâ”œآ؛â”œأ؛o de polâ”œآ،ticas pâ”œâ•‘blicas, anâ”œأ­lises de impacto e propostas de diretrizes. O ICTDEC nâ”œأ؛o conduz a articulaâ”œآ؛â”œأ؛o polâ”œآ،tica (competâ”œآ¬ncia da SUBSEGOP), mas produz o conteâ”œâ•‘do que lhe dâ”œأ­ substâ”œأ³ncia.	{"Produzir estudos e metodologias sobre transversalidade da RRD nas polâ”œآ،ticas pâ”œâ•‘blicas estaduais","Elaborar subsâ”œآ،dios tâ”œآ®cnicos para as discussâ”œأپes intersetoriais (notas tâ”œآ®cnicas, anâ”œأ­lises, propostas de diretrizes)","Apoiar a ESDEC com conteâ”œâ•‘do para capacitaâ”œآ؛â”œأ؛o em produâ”œآ؛â”œأ؛o de polâ”œآ،ticas transversais de RRD","Sistematizar os resultados das discussâ”œأپes intersetoriais em documentos tâ”œآ®cnicos"}	{"Nâ”œأ؛o articular politicamente com â”œâ”‚rgâ”œأ؛os estaduais externos (competâ”œآ¬ncia da SUBSEGOP)","Nâ”œأ؛o conduzir capacitaâ”œآ؛â”œأپes (competâ”œآ¬ncia da ESDEC)","Nâ”œأ؛o representar a SEDEC em fâ”œâ”‚runs polâ”œآ،ticos"}	{"Demandas da SUBSEGOP e da SUOP sobre temas prioritâ”œأ­rios","Acesso a dados e informaâ”œآ؛â”œأپes dos â”œâ”‚rgâ”œأ؛os setoriais para produâ”œآ؛â”œأ؛o de estudos","Parcerias com IES e ICTs (AE 6.1.3) como fonte complementar de conhecimento"}	2026-02-21 12:05:31.311365+00
119	30	3	SUOP (sob aval da SUBSEGOP) أ”أ‡أ¶ COORDENAâ”œأ§â”œأ¢O INTERNA	SUOP (sob aval da SUBSEGOP)	COORDENAâ”œأ§â”œأ¢O INTERNA	A SUOP comanda os â”œâ”‚rgâ”œأ؛os setoriais da Defesa Civil Estadual. Nesta aâ”œآ؛â”œأ؛o, coordena internamente a participaâ”œآ؛â”œأ؛o dos â”œâ”‚rgâ”œأ؛os da SEDEC nas discussâ”œأپes intersetoriais (DGAC, CEAMA, REDECs, ESDEC), valida o alinhamento estratâ”œآ®gico das contribuiâ”œآ؛â”œأپes e assegura coerâ”œآ¬ncia entre as frentes.	{"Coordenar a participaâ”œآ؛â”œأ؛o dos â”œâ”‚rgâ”œأ؛os da SEDEC nas discussâ”œأپes intersetoriais","Validar o alinhamento estratâ”œآ®gico das contribuiâ”œآ؛â”œأپes tâ”œآ®cnicas e setoriais","Assegurar coerâ”œآ¬ncia entre as frentes internas (conteâ”œâ•‘do, capacitaâ”œآ؛â”œأ؛o, temas setoriais, participaâ”œآ؛â”œأ؛o municipal)","Articular com a SUBSEGOP o encaminhamento de propostas validadas"}	{"Nâ”œأ؛o articular com â”œâ”‚rgâ”œأ؛os estaduais externos (competâ”œآ¬ncia da SUBSEGOP)","Nâ”œأ؛o produzir conteâ”œâ•‘do tâ”œآ®cnico (competâ”œآ¬ncia do ICTDEC)","Nâ”œأ؛o conduzir capacitaâ”œآ؛â”œأپes (competâ”œآ¬ncia da ESDEC)"}	{"Direcionamento da SUBSEGOP sobre temas e prioridades","Contribuiâ”œآ؛â”œأپes dos â”œâ”‚rgâ”œأ؛os setoriais em seus temas"}	2026-02-21 12:05:31.311365+00
120	30	4	ESDEC أ”أ‡أ¶ CAPACITADORA	ESDEC	CAPACITADORA	A ESDEC capacita agentes do SIEPDEC-RJ. Nesta aâ”œآ؛â”œأ؛o, forma agentes para a produâ”œآ؛â”œأ؛o de polâ”œآ،ticas pâ”œâ•‘blicas transversais e integradas de RRD. O pâ”œâ•‘blico-alvo inclui tanto agentes da SEDEC quanto agentes de outros â”œâ”‚rgâ”œأ؛os estaduais e municipais envolvidos nas discussâ”œأپes intersetoriais.	{"Estruturar e executar capacitaâ”œآ؛â”œأپes voltadas para produâ”œآ؛â”œأ؛o de polâ”œآ،ticas pâ”œâ•‘blicas transversais e integradas de RRD","Incluir conteâ”œâ•‘dos sobre integraâ”œآ؛â”œأ؛o de polâ”œآ،ticas pâ”œâ•‘blicas, transversalidade da RRD e Marco de Sendai","Avaliar o aprendizado e retroalimentar o modelo de capacitaâ”œآ؛â”œأ؛o"}	{"Nâ”œأ؛o articular com â”œâ”‚rgâ”œأ؛os estaduais externos (competâ”œآ¬ncia da SUBSEGOP)","Nâ”œأ؛o produzir diretrizes de polâ”œآ،tica pâ”œâ•‘blica (competâ”œآ¬ncia do ICTDEC/CEPEDEC)","Nâ”œأ؛o representar a SEDEC em fâ”œâ”‚runs polâ”œآ،ticos"}	{"Conteâ”œâ•‘dos tâ”œآ®cnicos fornecidos pelo ICTDEC/CEPEDEC","Demanda dimensionada pela SUOP e SUBSEGOP","Articulaâ”œآ؛â”œأ؛o da SUBSEGOP para acesso aos agentes de outros â”œâ”‚rgâ”œأ؛os"}	2026-02-21 12:05:31.311365+00
122	30	6	CEAMA (Coordenadoria Estadual de Aâ”œآ؛â”œأپes de Meio Ambiente) أ”أ‡أ¶ DIMENSâ”œأ¢O AMBIENTAL	CEAMA (Coordenadoria Estadual de Aâ”œآ؛â”œأپes de Meio Ambiente)	DIMENSâ”œأ¢O AMBIENTAL	A CEAMA coordena aâ”œآ؛â”œأپes de meio ambiente com impacto em defesa civil. Nesta aâ”œآ؛â”œأ؛o, contribui com a dimensâ”œأ؛o ambiental nas discussâ”œأپes intersetoriais: integraâ”œآ؛â”œأ؛o de polâ”œآ،ticas ambientais e de RRD, identificaâ”œآ؛â”œأ؛o de aâ”œآ؛â”œأپes ambientais com impacto na reduâ”œآ؛â”œأ؛o de riscos e articulaâ”œآ؛â”œأ؛o com â”œâ”‚rgâ”œأ؛os ambientais estaduais.	{"Contribuir com conteâ”œâ•‘do sobre integraâ”œآ؛â”œأ؛o de polâ”œآ،ticas ambientais e de RRD nas discussâ”œأپes intersetoriais","Identificar pontos de convergâ”œآ¬ncia entre agenda ambiental e agenda de reduâ”œآ؛â”œأ؛o de riscos","Participar das instâ”œأ³ncias de discussâ”œأ؛o representando a dimensâ”œأ؛o ambiental"}	{"Nâ”œأ؛o articular com â”œâ”‚rgâ”œأ؛os estaduais fora do tema ambiental","Nâ”œأ؛o produzir diretrizes gerais de polâ”œآ،tica de RRD","Nâ”œأ؛o conduzir capacitaâ”œآ؛â”œأپes (competâ”œآ¬ncia da ESDEC)"}	{"Coordenaâ”œآ؛â”œأ؛o da SUOP sobre participaâ”œآ؛â”œأ؛o nas discussâ”œأپes","Conteâ”œâ•‘do tâ”œآ®cnico do ICTDEC como referâ”œآ¬ncia"}	2026-02-21 12:05:31.311365+00
123	30	7	REDECs (via DREDEC) أ”أ‡أ¶ PARTICIPAâ”œأ§â”œأ¢O MUNICIPAL	REDECs (via DREDEC)	PARTICIPAâ”œأ§â”œأ¢O MUNICIPAL	As REDECs sâ”œأ؛o o elo entre o Estado e os municâ”œآ،pios. Nesta aâ”œآ؛â”œأ؛o, articulam a participaâ”œآ؛â”œأ؛o dos municâ”œآ،pios nas discussâ”œأپes sobre polâ”œآ،ticas transversais de RRD, assegurando que as propostas reflitam as realidades locais. Coletam demandas e percepâ”œآ؛â”œأپes municipais e reportam â”œأ، SUOP, enriquecendo o debate com a perspectiva territorial.	{"Articular a participaâ”œآ؛â”œأ؛o de municâ”œآ،pios nas instâ”œأ³ncias de discussâ”œأ؛o sobre polâ”œآ،ticas transversais de RRD","Coletar demandas e percepâ”œآ؛â”œأپes municipais sobre a transversalidade da RRD","Reportar â”œأ، SUOP as contribuiâ”œآ؛â”œأپes e necessidades municipais identificadas"}	{"Nâ”œأ؛o produzir conteâ”œâ•‘do tâ”œآ®cnico (competâ”œآ¬ncia do ICTDEC)","Nâ”œأ؛o articular com â”œâ”‚rgâ”œأ؛os estaduais (competâ”œآ¬ncia da SUBSEGOP)","Nâ”œأ؛o produzir diretrizes de polâ”œآ،tica pâ”œâ•‘blica"}	{"Coordenaâ”œآ؛â”œأ؛o da SUOP sobre participaâ”œآ؛â”œأ؛o nas discussâ”œأپes","Priorizaâ”œآ؛â”œأ؛o de municâ”œآ،pios para participaâ”œآ؛â”œأ؛o"}	2026-02-21 12:05:31.311365+00
124	30	8	CONEPDEC (Conselho Estadual de Proteâ”œآ؛â”œأ؛o e Defesa Civil) أ”أ‡أ¶ INSTâ”œأ©NCIA CONSULTIVA E PROPOSITIVA	CONEPDEC (Conselho Estadual de Proteâ”œآ؛â”œأ؛o e Defesa Civil)	INSTâ”œأ©NCIA CONSULTIVA E PROPOSITIVA	O CONEPDEC â”œآ® o conselho estadual de proteâ”œآ؛â”œأ؛o e defesa civil, composto por representantes de â”œâ”‚rgâ”œأ؛os estaduais, municipais e entidades da sociedade civil. Nâ”œأ؛o â”œآ® â”œâ”‚rgâ”œأ؛o da SEDEC أ”أ‡أ¶ â”œآ® instâ”œأ³ncia multiparticipativa do SIEPDEC-RJ, liderada pela Secretaria mas com autonomia consultiva e propositiva prâ”œâ”‚pria. Nesta aâ”œآ؛â”œأ؛o, atua como espaâ”œآ؛o de validaâ”œآ؛â”œأ؛o e proposiâ”œآ؛â”œأ؛o para as polâ”œآ،ticas transversais de RRD, conferindo legitimidade multisetorial â”œأ،s propostas. Conforme Art. 13 da PEPDEC, compete ao CONEPDEC propor normas e procedimentos para articulaâ”œآ؛â”œأ؛o das aâ”œآ؛â”œأپes estaduais com os municâ”œآ،pios e com entidades privadas.	{"Validar e emitir parecer consultivo sobre propostas de polâ”œآ،ticas transversais de RRD","Propor normas e procedimentos para articulaâ”œآ؛â”œأ؛o das aâ”œآ؛â”œأپes de RRD com outros setores","Recomendar aâ”œآ؛â”œأپes prioritâ”œأ­rias de RRD aos â”œâ”‚rgâ”œأ؛os integrantes do SIEPDEC-RJ","Conferir legitimidade multisetorial â”œأ،s propostas, dado que reâ”œâ•‘ne representantes de mâ”œâ•‘ltiplos â”œâ”‚rgâ”œأ؛os e entidades"}	{"Nâ”œأ؛o executar aâ”œآ؛â”œأپes operacionais de RRD (competâ”œآ¬ncia dos â”œâ”‚rgâ”œأ؛os integrantes do SIEPDEC-RJ)"}	{"Propostas estruturadas apresentadas pela SUBSEGOP e pela SUOP para apreciaâ”œآ؛â”œأ؛o","Subsâ”œآ،dios tâ”œآ®cnicos do ICTDEC para fundamentar pareceres e recomendaâ”œآ؛â”œأپes","Funcionamento regular do conselho com participaâ”œآ؛â”œأ؛o efetiva de seus membros","Compromisso dos â”œâ”‚rgâ”œأ؛os e entidades representados em internalizar e implementar as deliberaâ”œآ؛â”œأپes e recomendaâ”œآ؛â”œأپes do conselho em suas respectivas agendas"}	2026-02-21 12:05:31.311365+00
107	27	7	REDECs (via DREDEC) أ”أ‡أ¶ EXECUTORAS NA PONTA	REDECs (via DREDEC)	EXECUTORAS NA PONTA	As REDECs sâ”œأ؛o o elo entre o Estado e os municâ”œآ،pios no territâ”œâ”‚rio. Nesta aâ”œآ؛â”œأ؛o, atuam nas duas dimensâ”œأپes: na preparaâ”œآ؛â”œأ؛o, apoiam a realizaâ”œآ؛â”œأ؛o de exercâ”œآ،cios simulados, a articulaâ”œآ؛â”œأ؛o com COMDECs e a identificaâ”œآ؛â”œأ؛o de necessidades municipais; durante a resposta, operacionalizam o suporte estadual no territâ”œâ”‚rio, servindo como elo entre os â”œâ”‚rgâ”œأ؛os estaduais e as estruturas municipais de resposta. Podem atuar em conjunto com vâ”œأ­rios â”œâ”‚rgâ”œأ؛os (DGDEC, CESTAD, ESDEC), integrando as frentes no territâ”œâ”‚rio.	{"Articular com as COMDECs a adesâ”œأ؛o ao regime de colaboraâ”œآ؛â”œأ؛o e identificar necessidades municipais em preparaâ”œآ؛â”œأ؛o e resposta","Apoiar a realizaâ”œآ؛â”œأ؛o de exercâ”œآ،cios simulados nos municâ”œآ،pios de sua regiâ”œأ؛o","Apoiar a realizaâ”œآ؛â”œأ؛o de capacitaâ”œآ؛â”œأپes nos municâ”œآ،pios da sua regiâ”œأ؛o","Operacionalizar o suporte estadual no territâ”œâ”‚rio durante situaâ”œآ؛â”œأپes de resposta","Coletar e reportar necessidades, dificuldades e liâ”œآ؛â”œأپes aprendidas","Assessorar tecnicamente os municâ”œآ،pios na elaboraâ”œآ؛â”œأ؛o e revisâ”œأ؛o dos Planos de Contingâ”œآ¬ncias"}	{"Nâ”œأ؛o definir protocolos de resposta (competâ”œآ¬ncia do CESTAD e da DGDEC)","Nâ”œأ؛o capacitar formalmente agentes municipais (competâ”œآ¬ncia da ESDEC)","Nâ”œأ؛o formalizar convâ”œآ¬nios sem aprovaâ”œآ؛â”œأ؛o da SUBSEGAD e validaâ”œآ؛â”œأ؛o da ASSEJUR"}	{"Orientaâ”œآ؛â”œأپes da DGDEC e do CESTAD para atuaâ”œآ؛â”œأ؛o em preparaâ”œآ؛â”œأ؛o e resposta","Priorizaâ”œآ؛â”œأ؛o de municâ”œآ،pios definida pela SUOP","Aprovaâ”œآ؛â”œأ؛o da SUBSEGAD para formalizaâ”œآ؛â”œأ؛o de convâ”œآ¬nios e validaâ”œآ؛â”œأ؛o da ASSEJUR"}	2026-02-21 12:05:31.311365+00
125	27	8	CESTGEN - EXECUTOR ENERGIA NUCLEAR	CESTGEN	Executor para Energia Nuclear	Possui a missâ”œأ؛o de implementar o Plano de emergâ”œآ¬ncia externo (PEE/RJ); prestar assessoria para decisâ”œأ؛o do Governo Estadual, na ocorrâ”œآ¬ncia de uma situaâ”œآ؛â”œأ؛o de emergâ”œآ¬ncia; coordenar o apoio dos â”œâ”‚rgâ”œأ؛os pâ”œâ•‘blicos e privados sediados em sua â”œأ­rea de influâ”œآ¬ncia para complementar as aâ”œآ؛â”œأپes empreendidas e os meios utilizados na resposta a uma situaâ”œآ؛â”œأ؛o de emergâ”œآ¬ncia nuclear. O CESTGEN alâ”œآ®m de realizar o gerenciamento da emergâ”œآ¬ncia nuclear â”œأ، nâ”œآ،vel estadual, fornece aos munâ”œآ،cipios, que possuem instalaâ”œآ؛â”œأپes de natureza nuclear, apoio tâ”œآ®cnico, a partir de sua â”œأ­rea de influâ”œآ¬ncia no Estado. Representantes de instituiâ”œآ؛â”œأپes pâ”œâ•‘blicas e privadas, de nâ”œآ،vel estadual e federal, fazem parte de uma rede com proficiâ”œآ¬ncias especâ”œآ،ficas, a fim de auxiliar na soluâ”œآ؛â”œأ؛o da emergâ”œآ¬ncia.	{"Implementar o Plano de emergâ”œآ¬ncia externo (PEE/RJ)","Prestar assessoria para decisâ”œأ؛o do Governo Estadual, na ocorrâ”œآ¬ncia de uma situaâ”œآ؛â”œأ؛o de emergâ”œآ¬ncia nuclear","Validar o conjunto de indicadores estratâ”œآ®gicos propostos pelo ICTDEC","Coordenar o apoio dos â”œâ”‚rgâ”œأ؛os pâ”œâ•‘blicos e privados sediados em sua â”œأ­rea de influâ”œآ¬ncia para complementar as aâ”œآ؛â”œأپes empreendidas e os meios utilizados na resposta a uma situaâ”œآ؛â”œأ؛o de emergâ”œآ¬ncia nuclear","Atuar sob coordenaâ”œآ؛â”œأ؛o do SIPRON para promover e executar aâ”œآ؛â”œأپes de preparaâ”œآ؛â”œأ؛o para eventos relacionados a emergâ”œآ¬ncias nucleares"}	{"Atuar em aâ”œآ؛â”œأپes que nâ”œأ؛o possuem relaâ”œآ؛â”œأ؛o direta ou indireta com emergâ”œآ¬ncias nucleares"}	{"Bom relacionamento da SEDEC-RJ com os â”œâ”‚rgâ”œأ؛os de coordenaâ”œآ؛â”œأ؛o do SIPRON","Apoio para atividades coordenadas externas"}	2026-03-06 14:23:35.15669+00
103	27	3	CESTAD أ”أ‡أ¶ COORDENAâ”œأ§â”œأ¢O DE RESPOSTA	CESTAD	COORDENAâ”œأ§â”œأ¢O DE RESPOSTA	O CESTAD â”œآ® o â”œâ”‚rgâ”œأ؛o responsâ”œأ­vel pela coordenaâ”œآ؛â”œأ؛o das aâ”œآ؛â”œأپes de resposta a desastres. Nesta aâ”œآ؛â”œأ؛o, atua na preparaâ”œآ؛â”œأ؛o (estruturaâ”œآ؛â”œأ؛o de protocolos de coordenaâ”œآ؛â”œأ؛o, operaâ”œآ؛â”œأ؛o de estruturas de gestâ”œأ؛o de crises) e durante a resposta (coordenaâ”œآ؛â”œأ؛o da atuaâ”œآ؛â”œأ؛o integrada em situaâ”œآ؛â”œأ؛o de desastre, fluxos de informaâ”œآ؛â”œأ؛o e articulaâ”œآ؛â”œأ؛o entre os â”œâ”‚rgâ”œأ؛os envolvidos).	{"Estruturar e manter atualizados os protocolos de coordenaâ”œآ؛â”œأ؛o de resposta","Operar as estruturas de gestâ”œأ؛o de crises durante desastres","Coordenar os fluxos de informaâ”œآ؛â”œأ؛o entre â”œâ”‚rgâ”œأ؛os durante a resposta","Apoiar os municâ”œآ،pios na estruturaâ”œآ؛â”œأ؛o de seus prâ”œâ”‚prios mecanismos de coordenaâ”œآ؛â”œأ؛o de resposta"}	{"Nâ”œأ؛o prestar assistâ”œآ¬ncia humanitâ”œأ­ria direta (competâ”œآ¬ncia da DGDEC)","Nâ”œأ؛o monitorar riscos (competâ”œآ¬ncia do CEMADEN-RJ)","Nâ”œأ؛o capacitar formalmente agentes municipais (competâ”œآ¬ncia da ESDEC)"}	{"Alertas do CEMADEN-RJ para ativaâ”œآ؛â”œأ؛o das estruturas de gestâ”œأ؛o de crises","Colaboraâ”œآ؛â”œأ؛o da DGDEC e das REDECs na execuâ”œآ؛â”œأ؛o da resposta coordenada","Protocolos do GRAC para integraâ”œآ؛â”œأ؛o multisetorial","Alinhamento institucional que garanta o suporte de profissionais de outras â”œأ­reas (jurâ”œآ،dico, engenharia entre outros) necessâ”œأ­rios para a prestaâ”œآ؛â”œأ؛o de assessoria tâ”œآ®cnica referente a assuntos especâ”œآ،ficos (decretaâ”œآ؛â”œأ؛o e S2ID, por exemplo)"}	2026-02-21 12:05:31.311365+00
66	18	3	â”œأ´rgâ”œأ؛os Subordinados (com destaque para REDECs) أ”أ‡أ¶ CAPTADORES E FONTE DE SABERES	â”œأ´rgâ”œأ؛os Subordinados (com destaque para REDECs)	CAPTADORES E FONTE DE SABERES	Os â”œâ”‚rgâ”œأ؛os subordinados desempenham duplo papel nesta aâ”œآ؛â”œأ؛o. Os demais â”œâ”‚rgâ”œأ؛os da estrutura SEDEC contribuem com suas prâ”œâ”‚prias experiâ”œآ¬ncias e prâ”œأ­ticas operacionais internas. As REDECs, porâ”œآ®m, tâ”œآ¬m um papel preponderante: como â”œâ”‚rgâ”œأ؛os vocacionados para a interface com os municâ”œآ،pios, sâ”œأ؛o o canal natural de captura dos saberes/fazeres produzidos pelas COMDECs. Sâ”œأ؛o elas que operam na ponta, coletando relatos, experiâ”œآ¬ncias e estudos que alimentarâ”œأ؛o o trabalho de sistematizaâ”œآ؛â”œأ؛o do CEPEDEC.	{"REDECs: coletar saberes, fazeres, relatos e experiâ”œآ¬ncias das COMDECs, conforme orientaâ”œآ؛â”œأ؛o da SUOP e metodologia definida pelo CEPEDEC","REDECs: divulgar as chamadas sistemâ”œأ­ticas junto â”œأ،s COMDECs, estimulando a participaâ”œآ؛â”œأ؛o e o envio de contribuiâ”œآ؛â”œأپes (fluxo receptivo)","REDECs: sinalizar ao CEPEDEC expertises e experiâ”œآ¬ncias especâ”œآ،ficas identificadas em COMDECs que mereâ”œآ؛am prospecâ”œآ؛â”œأ؛o dirigida (fluxo ativo)","REDECs: apoiar o CEPEDEC na execuâ”œآ؛â”œأ؛o de projetos dirigidos de sistematizaâ”œآ؛â”œأ؛o em COMDECs especâ”œآ،ficas, facilitando o acesso e a articulaâ”œآ؛â”œأ؛o local","Rede Salvar: captar experiâ”œآ¬ncias de interesse com os parceiros.","Demais â”œâ”‚rgâ”œأ؛os: contribuir com suas prâ”œâ”‚prias experiâ”œآ¬ncias operacionais e prâ”œأ­ticas internas para as chamadas","Todos: validar a aplicabilidade do conhecimento sistematizado devolvido pelo CEPEDEC"}	{"Nâ”œأ؛o validar cientificamente o material coletado (competâ”œآ¬ncia do CEPEDEC)","Nâ”œأ؛o publicar relatos ou experiâ”œآ¬ncias sem curadoria do CEPEDEC (risco de disseminar prâ”œأ­ticas nâ”œأ؛o validadas)","Nâ”œأ؛o definir prioridades temâ”œأ­ticas da coleta (competâ”œآ¬ncia da SUOP em articulaâ”œآ؛â”œأ؛o com o CEPEDEC)"}	{"Metodologia de coleta clara e acessâ”œآ،vel, definida pelo CEPEDEC (formatos, critâ”œآ®rios, prazos)","Orientaâ”œآ؛â”œأ؛o da SUOP sobre as â”œأ­reas prioritâ”œأ­rias de coleta","Devolutiva do CEPEDEC sobre o uso e o destino do material coletado (retroalimentaâ”œآ؛â”œأ؛o essencial para manter a adesâ”œأ؛o dos municâ”œآ،pios)","Reconhecimento institucional das contribuiâ”œآ؛â”œأپes municipais (crâ”œآ®dito, citaâ”œآ؛â”œأ؛o, participaâ”œآ؛â”œأ؛o em eventos)"}	2026-02-21 12:05:31.311365+00
126	25	9	REDE SALVAR - ARTICULAâ”œأ§â”œأ¢O COM PARCEIROS	Rede SALVAR	Articulaâ”œآ؛â”œأ؛o com Parceiros	â”œأ´rgâ”œأ؛o de articulaâ”œآ؛â”œأ؛o com parceiros da Sociedade Civil que podem atuar sob coordenaâ”œآ؛â”œأ؛o da SEDEC em iniciativas de prevenâ”œآ؛â”œأ؛o e mitigaâ”œآ؛â”œأ؛o. 	{"Captar parceiros para atuar em aâ”œآ؛â”œأپes especâ”œآ،ficas","Coordenar as aâ”œآ؛â”œأپes dos parceiros","Acompanhandar e monitorar as aâ”œآ؛â”œأپes"}	{"Nâ”œأ؛o demandar parceiros sem a autorizaâ”œآ؛â”œأ؛o da SUOP"}	{"Apoio para manutenâ”œآ؛â”œأ؛o de dispositvos de cooperaâ”œآ؛â”œأ؛o tâ”œآ®cnica com parceiros","Meios para acompanhamento das aâ”œآ؛â”œأپes dos parceiros","Respaldo legal para eventuais acidentes com parceiros"}	2026-03-06 17:15:30.16033+00
\.


--
-- Data for Name: ficha_setores; Type: TABLE DATA; Schema: public; Owner: postgres
--

COPY public.ficha_setores (id, ficha_id, setor_id, tipo_participacao, created_at) FROM stdin;
1	1	10	principal	2026-02-21 12:05:31.311365+00
2	2	17	principal	2026-02-21 12:05:31.311365+00
3	2	4	participante	2026-02-21 12:05:31.311365+00
4	3	13	principal	2026-02-21 12:05:31.311365+00
5	4	20	principal	2026-02-21 12:05:31.311365+00
6	4	12	coordenador	2026-02-21 12:05:31.311365+00
7	5	24	principal	2026-02-21 12:05:31.311365+00
8	5	23	aval	2026-02-21 12:05:31.311365+00
9	6	24	principal	2026-02-21 12:05:31.311365+00
10	6	23	aval	2026-02-21 12:05:31.311365+00
11	7	15	principal	2026-02-21 12:05:31.311365+00
12	8	17	principal	2026-02-21 12:05:31.311365+00
13	9	22	principal	2026-02-21 12:05:31.311365+00
14	10	1	principal	2026-02-21 12:05:31.311365+00
15	11	18	principal	2026-02-21 12:05:31.311365+00
16	12	23	principal	2026-02-21 12:05:31.311365+00
17	12	21	principal	2026-02-21 12:05:31.311365+00
18	13	17	principal	2026-02-21 12:05:31.311365+00
20	14	24	principal	2026-02-21 12:05:31.311365+00
21	14	23	aval	2026-02-21 12:05:31.311365+00
22	15	19	principal	2026-02-21 12:05:31.311365+00
23	15	20	participante	2026-02-21 12:05:31.311365+00
24	16	15	principal	2026-02-21 12:05:31.311365+00
25	16	23	superior	2026-02-21 12:05:31.311365+00
26	17	17	principal	2026-02-21 12:05:31.311365+00
27	18	24	principal	2026-02-21 12:05:31.311365+00
28	18	23	aval	2026-02-21 12:05:31.311365+00
29	19	22	principal	2026-02-21 12:05:31.311365+00
30	20	19	principal	2026-02-21 12:05:31.311365+00
31	20	20	participante	2026-02-21 12:05:31.311365+00
32	21	24	principal	2026-02-21 12:05:31.311365+00
33	21	23	aval	2026-02-21 12:05:31.311365+00
34	22	17	principal	2026-02-21 12:05:31.311365+00
35	23	19	principal	2026-02-21 12:05:31.311365+00
36	23	20	participante	2026-02-21 12:05:31.311365+00
37	24	23	principal	2026-02-21 12:05:31.311365+00
38	24	21	principal	2026-02-21 12:05:31.311365+00
39	25	17	principal	2026-02-21 12:05:31.311365+00
40	26	24	principal	2026-02-21 12:05:31.311365+00
41	26	23	aval	2026-02-21 12:05:31.311365+00
42	27	19	principal	2026-02-21 12:05:31.311365+00
43	27	20	participante	2026-02-21 12:05:31.311365+00
44	28	24	principal	2026-02-21 12:05:31.311365+00
45	28	23	aval	2026-02-21 12:05:31.311365+00
46	29	17	principal	2026-02-21 12:05:31.311365+00
47	30	19	principal	2026-02-21 12:05:31.311365+00
48	30	20	participante	2026-02-21 12:05:31.311365+00
49	31	24	principal	2026-02-21 12:05:31.311365+00
50	31	23	aval	2026-02-21 12:05:31.311365+00
51	32	17	principal	2026-02-21 12:05:31.311365+00
52	33	19	principal	2026-02-21 12:05:31.311365+00
53	33	20	participante	2026-02-21 12:05:31.311365+00
54	34	24	principal	2026-02-21 12:05:31.311365+00
55	34	23	aval	2026-02-21 12:05:31.311365+00
56	35	17	principal	2026-02-21 12:05:31.311365+00
57	36	13	principal	2026-02-21 12:05:31.311365+00
58	37	19	principal	2026-02-21 12:05:31.311365+00
59	37	20	participante	2026-02-21 12:05:31.311365+00
60	38	24	principal	2026-02-21 12:05:31.311365+00
61	38	23	aval	2026-02-21 12:05:31.311365+00
62	39	13	principal	2026-02-21 12:05:31.311365+00
63	40	17	principal	2026-02-21 12:05:31.311365+00
64	41	19	principal	2026-02-21 12:05:31.311365+00
65	41	20	participante	2026-02-21 12:05:31.311365+00
66	42	24	principal	2026-02-21 12:05:31.311365+00
67	42	23	aval	2026-02-21 12:05:31.311365+00
68	43	22	principal	2026-02-21 12:05:31.311365+00
69	44	19	principal	2026-02-21 12:05:31.311365+00
70	44	20	participante	2026-02-21 12:05:31.311365+00
71	45	24	principal	2026-02-21 12:05:31.311365+00
72	45	23	aval	2026-02-21 12:05:31.311365+00
73	46	17	principal	2026-02-21 12:05:31.311365+00
74	47	19	principal	2026-02-21 12:05:31.311365+00
75	47	20	participante	2026-02-21 12:05:31.311365+00
76	48	24	principal	2026-02-21 12:05:31.311365+00
77	48	23	aval	2026-02-21 12:05:31.311365+00
78	49	22	principal	2026-02-21 12:05:31.311365+00
79	50	19	principal	2026-02-21 12:05:31.311365+00
80	50	20	participante	2026-02-21 12:05:31.311365+00
81	51	17	principal	2026-02-21 12:05:31.311365+00
82	52	4	principal	2026-02-21 12:05:31.311365+00
83	53	24	principal	2026-02-21 12:05:31.311365+00
84	53	23	aval	2026-02-21 12:05:31.311365+00
85	54	17	principal	2026-02-21 12:05:31.311365+00
86	55	4	principal	2026-02-21 12:05:31.311365+00
87	56	19	principal	2026-02-21 12:05:31.311365+00
88	56	20	participante	2026-02-21 12:05:31.311365+00
89	57	17	principal	2026-02-21 12:05:31.311365+00
90	58	4	principal	2026-02-21 12:05:31.311365+00
91	59	24	principal	2026-02-21 12:05:31.311365+00
92	59	23	aval	2026-02-21 12:05:31.311365+00
93	60	4	principal	2026-02-21 12:05:31.311365+00
94	61	17	principal	2026-02-21 12:05:31.311365+00
95	62	24	principal	2026-02-21 12:05:31.311365+00
96	62	23	aval	2026-02-21 12:05:31.311365+00
97	63	19	principal	2026-02-21 12:05:31.311365+00
98	63	20	participante	2026-02-21 12:05:31.311365+00
99	64	4	principal	2026-02-21 12:05:31.311365+00
100	65	24	principal	2026-02-21 12:05:31.311365+00
101	65	23	aval	2026-02-21 12:05:31.311365+00
102	66	19	principal	2026-02-21 12:05:31.311365+00
103	66	20	destaque	2026-02-21 12:05:31.311365+00
104	67	4	principal	2026-02-21 12:05:31.311365+00
105	68	17	principal	2026-02-21 12:05:31.311365+00
106	69	24	principal	2026-02-21 12:05:31.311365+00
107	69	23	aval	2026-02-21 12:05:31.311365+00
108	70	19	principal	2026-02-21 12:05:31.311365+00
109	71	17	principal	2026-02-21 12:05:31.311365+00
110	72	4	principal	2026-02-21 12:05:31.311365+00
111	73	19	principal	2026-02-21 12:05:31.311365+00
112	74	4	principal	2026-02-21 12:05:31.311365+00
113	75	17	principal	2026-02-21 12:05:31.311365+00
114	76	19	principal	2026-02-21 12:05:31.311365+00
115	77	17	principal	2026-02-21 12:05:31.311365+00
116	78	4	principal	2026-02-21 12:05:31.311365+00
117	79	19	principal	2026-02-21 12:05:31.311365+00
118	80	17	principal	2026-02-21 12:05:31.311365+00
119	81	23	principal	2026-02-21 12:05:31.311365+00
120	82	24	principal	2026-02-21 12:05:31.311365+00
121	82	23	aval	2026-02-21 12:05:31.311365+00
122	83	3	principal	2026-02-21 12:05:31.311365+00
123	84	11	principal	2026-02-21 12:05:31.311365+00
124	85	20	principal	2026-02-21 12:05:31.311365+00
125	86	13	principal	2026-02-21 12:05:31.311365+00
126	87	10	principal	2026-02-21 12:05:31.311365+00
127	88	24	principal	2026-02-21 12:05:31.311365+00
128	88	23	aval	2026-02-21 12:05:31.311365+00
129	89	3	principal	2026-02-21 12:05:31.311365+00
130	90	8	principal	2026-02-21 12:05:31.311365+00
131	91	2	principal	2026-02-21 12:05:31.311365+00
132	92	17	principal	2026-02-21 12:05:31.311365+00
133	92	4	participante	2026-02-21 12:05:31.311365+00
134	93	13	principal	2026-02-21 12:05:31.311365+00
135	94	10	principal	2026-02-21 12:05:31.311365+00
136	95	20	principal	2026-02-21 12:05:31.311365+00
137	95	12	coordenador	2026-02-21 12:05:31.311365+00
138	96	17	principal	2026-02-21 12:05:31.311365+00
139	96	4	participante	2026-02-21 12:05:31.311365+00
140	96	13	participante	2026-02-21 12:05:31.311365+00
141	97	11	principal	2026-02-21 12:05:31.311365+00
142	98	5	principal	2026-02-21 12:05:31.311365+00
143	99	20	principal	2026-02-21 12:05:31.311365+00
144	99	12	coordenador	2026-02-21 12:05:31.311365+00
145	100	24	principal	2026-02-21 12:05:31.311365+00
146	100	23	aval	2026-02-21 12:05:31.311365+00
147	101	24	principal	2026-02-21 12:05:31.311365+00
148	101	23	aval	2026-02-21 12:05:31.311365+00
149	102	11	principal	2026-02-21 12:05:31.311365+00
150	103	5	principal	2026-02-21 12:05:31.311365+00
151	104	3	principal	2026-02-21 12:05:31.311365+00
152	105	16	principal	2026-02-21 12:05:31.311365+00
153	106	13	principal	2026-02-21 12:05:31.311365+00
154	107	20	principal	2026-02-21 12:05:31.311365+00
155	107	12	coordenador	2026-02-21 12:05:31.311365+00
156	108	24	principal	2026-02-21 12:05:31.311365+00
157	108	23	aval	2026-02-21 12:05:31.311365+00
158	109	16	principal	2026-02-21 12:05:31.311365+00
159	110	11	principal	2026-02-21 12:05:31.311365+00
160	111	8	principal	2026-02-21 12:05:31.311365+00
161	112	20	principal	2026-02-21 12:05:31.311365+00
162	112	12	coordenador	2026-02-21 12:05:31.311365+00
163	113	17	principal	2026-02-21 12:05:31.311365+00
164	113	4	participante	2026-02-21 12:05:31.311365+00
165	114	8	principal	2026-02-21 12:05:31.311365+00
166	115	24	principal	2026-02-21 12:05:31.311365+00
167	115	23	aval	2026-02-21 12:05:31.311365+00
168	116	23	principal	2026-02-21 12:05:31.311365+00
169	117	23	principal	2026-02-21 12:05:31.311365+00
170	118	17	principal	2026-02-21 12:05:31.311365+00
171	118	4	participante	2026-02-21 12:05:31.311365+00
172	119	24	principal	2026-02-21 12:05:31.311365+00
173	119	23	aval	2026-02-21 12:05:31.311365+00
174	120	13	principal	2026-02-21 12:05:31.311365+00
175	121	10	principal	2026-02-21 12:05:31.311365+00
176	122	2	principal	2026-02-21 12:05:31.311365+00
177	123	20	principal	2026-02-21 12:05:31.311365+00
178	123	12	coordenador	2026-02-21 12:05:31.311365+00
179	124	6	principal	2026-02-21 12:05:31.311365+00
180	125	28	participante	2026-03-06 14:24:33.565001+00
\.


--
-- Data for Name: fundamentacoes; Type: TABLE DATA; Schema: public; Owner: postgres
--

COPY public.fundamentacoes (id, acao_estrategica_id, introducao, conclusao, created_at) FROM stdin;
1	1	A ausâ”œآ¬ncia de um portfâ”œâ”‚lio de projetos comunitâ”œأ­rios replicâ”œأ­veis gera trâ”œآ¬s efeitos:	Esta aâ”œآ؛â”œأ؛o enfrenta esses efeitos por meio de um ciclo de produâ”œآ؛â”œأ؛o de portfâ”œâ”‚lio: as REDECs coletam prâ”œأ­ticas nos municâ”œآ،pios; a DGAC analisa, sistematiza e modela os projetos-prateleira (com suporte cientâ”œآ،fico do ICTDEC/CEPEDEC quando necessâ”œأ­rio); a ESDEC capacita agentes para implementaâ”œآ؛â”œأ؛o; e as REDECs difundem o portfâ”œâ”‚lio e articulam a adesâ”œأ؛o municipal. A SUOP valida e coordena o ciclo.	2026-02-21 12:05:31.311365+00
2	3	A ausâ”œآ¬ncia de gestâ”œأ؛o estratâ”œآ®gica institucionalizada produz trâ”œآ¬s efeitos operacionais diretos:	A institucionalizaâ”œآ؛â”œأ؛o da gestâ”œأ؛o estratâ”œآ®gica enfrenta esses trâ”œآ¬s efeitos ao estabelecer dados estruturados para a tomada de decisâ”œأ؛o, ciclos de revisâ”œأ؛o que mantâ”œآ¬m o Plano ativo e uma base objetiva e padronizada de avaliaâ”œآ؛â”œأ؛o. Trata-se da aâ”œآ؛â”œأ؛o que confere sustentabilidade a todas as demais.	2026-02-21 12:05:31.311365+00
3	4	A ausâ”œآ¬ncia de gestâ”œأ؛o de projetos institucionalizada gera trâ”œآ¬s efeitos operacionais diretos:	A institucionalizaâ”œآ؛â”œأ؛o da gestâ”œأ؛o de projetos enfrenta esses efeitos ao estabelecer um mâ”œآ®todo padronizado, uma estrutura dedicada (Gabinete) e ferramentas de acompanhamento, criando a capacidade institucional necessâ”œأ­ria para gerir o portfâ”œâ”‚lio atual e absorver o crescimento futuro.	2026-02-21 12:05:31.311365+00
4	5	A ausâ”œآ¬ncia de instrumentos institucionais de transparâ”œآ¬ncia gera trâ”œآ¬s efeitos operacionais diretos:	Esta aâ”œآ؛â”œأ؛o enfrenta esses efeitos ao criar produtos padronizados de comunicaâ”œآ؛â”œأ؛o institucional que sistematizam as entregas, estruturam a prestaâ”œآ؛â”œأ؛o de contas e constroem credibilidade mensurâ”œأ­vel perante pâ”œâ•‘blicos internos e externos.	2026-02-21 12:05:31.311365+00
5	6	A ausâ”œآ¬ncia de aâ”œآ؛â”œأپes estruturadas de fortalecimento cultural gera trâ”œآ¬s efeitos operacionais:	Esta aâ”œآ؛â”œأ؛o enfrenta esses efeitos ao promover aâ”œآ؛â”œأپes contâ”œآ،nuas de internalizaâ”œآ؛â”œأ؛o dos valores e da Identidade Estratâ”œآ®gica, integraâ”œآ؛â”œأ؛o transversal entre setores e institucionalizaâ”œآ؛â”œأ؛o das condutas valorizadas, assegurando que a evoluâ”œآ؛â”œأ؛o cultural nâ”œأ؛o dependa de indivâ”œآ،duos, mas se torne prâ”œأ­tica permanente da organizaâ”œآ؛â”œأ؛o.	2026-02-21 12:05:31.311365+00
6	7	A ausâ”œآ¬ncia de revisâ”œأ؛o periâ”œâ”‚dica das normas internas gera trâ”œآ¬s efeitos operacionais:	Esta aâ”œآ؛â”œأ؛o enfrenta esses efeitos ao instituir ciclos formais de revisâ”œأ؛o (previsibilidade), uma coletâ”œأ³nea organizada do arcabouâ”œآ؛o normativo (acessibilidade) e Grupos de Trabalho com participaâ”œآ؛â”œأ؛o dos â”œâ”‚rgâ”œأ؛os operadores (legitimidade e aplicabilidade das normas revisadas).	2026-02-21 12:05:31.311365+00
7	8	A ausâ”œآ¬ncia de gestâ”œأ؛o de processos institucionalizada gera trâ”œآ¬s efeitos operacionais:	Esta aâ”œآ؛â”œأ؛o enfrenta esses efeitos ao implantar uma metodologia padronizada de mapeamento (continuidade e impessoalidade), uma visâ”œأ؛o integrada pela Cadeia de Valor (conexâ”œأ؛o entre etapas) e um modelo de manutenâ”œآ؛â”œأ؛o com repositâ”œâ”‚rio centralizado e atualizaâ”œآ؛â”œأ؛o propositiva dos â”œâ”‚rgâ”œأ؛os (escalabilidade com governanâ”œآ؛a).	2026-02-21 12:05:31.311365+00
8	9	A ausâ”œآ¬ncia de gestâ”œأ؛o por competâ”œآ¬ncias gera trâ”œآ¬s efeitos operacionais:	Esta aâ”œآ؛â”œأ؛o enfrenta esses efeitos ao estabelecer um modelo integrado de mapeamento, diagnâ”œâ”‚stico e desenvolvimento que conecta funâ”œآ؛â”œأپes a competâ”œآ¬ncias, competâ”œآ¬ncias a lacunas e lacunas a aâ”œآ؛â”œأپes de capacitaâ”œآ؛â”œأ؛o, criando um ciclo contâ”œآ،nuo de alinhamento entre capital humano e objetivos estratâ”œآ®gicos.	2026-02-21 12:05:31.311365+00
9	10	A ausâ”œآ¬ncia de aâ”œآ؛â”œأپes estruturadas de desenvolvimento do efetivo gera trâ”œآ¬s efeitos operacionais:	Esta aâ”œآ؛â”œأ؛o enfrenta esses efeitos ao estabelecer trilhas de educaâ”œآ؛â”œأ؛o continuada orientadas por diagnâ”œâ”‚stico (direâ”œآ؛â”œأ؛o), estâ”œآ،mulo ao autodesenvolvimento (protagonismo individual) e contrataâ”œآ؛â”œأ؛o de capacitaâ”œآ؛â”œأپes especializadas quando necessâ”œأ­rio (alcance), criando um sistema de desenvolvimento que â”œآ® ao mesmo tempo institucional e contâ”œآ،nuo.	2026-02-21 12:05:31.311365+00
10	11	A precariedade da infraestrutura fâ”œآ،sica gera trâ”œآ¬s efeitos operacionais:	Esta aâ”œآ؛â”œأ؛o enfrenta esses efeitos ao instituir um fluxo estruturado de demanda, priorizaâ”œآ؛â”œأ؛o e execuâ”œآ؛â”œأ؛o que conecta quem usa (â”œأ´rgâ”œأ؛os Subordinados), quem prioriza (SUOP) e quem apoia administrativamente (SUBSEGAD), substituindo a lâ”œâ”‚gica reativa por planejamento.	2026-02-21 12:05:31.311365+00
11	12	A deficiâ”œآ¬ncia em sistemas tecnolâ”œâ”‚gicos gera trâ”œآ¬s efeitos operacionais:	Esta aâ”œآ؛â”œأ؛o enfrenta esses efeitos ao instituir um fluxo estruturado de demanda, priorizaâ”œآ؛â”œأ؛o e coordenaâ”œآ؛â”œأ؛o que evita a fragmentaâ”œآ؛â”œأ؛o, um princâ”œآ،pio de automaâ”œآ؛â”œأ؛o orientada por processo que evita investimento em soluâ”œآ؛â”œأپes para problemas mal definidos, e a lideranâ”œآ؛a setorial dos projetos de automaâ”œآ؛â”œأ؛o que garante que quem conhece o problema conduza a soluâ”œآ؛â”œأ؛o.	2026-02-21 12:05:31.311365+00
12	13	A gestâ”œأ؛o deficiente da rede de serviâ”œآ؛os contratados gera trâ”œآ¬s efeitos operacionais:	Esta aâ”œآ؛â”œأ؛o enfrenta esses efeitos ao instituir um fluxo de revisâ”œأ؛o periâ”œâ”‚dica dos contratos vigentes (aderâ”œآ¬ncia), uma priorizaâ”œآ؛â”œأ؛o estratâ”œآ®gica das contrataâ”œآ؛â”œأپes (alinhamento) e o fortalecimento da fiscalizaâ”œآ؛â”œأ؛o contratual pelos â”œâ”‚rgâ”œأ؛os usuâ”œأ­rios (qualidade da execuâ”œآ؛â”œأ؛o).	2026-02-21 12:05:31.311365+00
13	14	A ausâ”œآ¬ncia de parcerias estruturadas de pesquisa e extensâ”œأ؛o gera trâ”œآ¬s efeitos:	Esta aâ”œآ؛â”œأ؛o enfrenta esses efeitos ao instituir parcerias orientadas por problema operacional (relevâ”œأ³ncia), um ciclo estruturado de pesquisa com disseminaâ”œآ؛â”œأ؛o obrigatâ”œâ”‚ria (impacto) e a integraâ”œآ؛â”œأ؛o das demandas das COMDECs na agenda de pesquisa (coesâ”œأ؛o do Sistema).	2026-02-21 12:05:31.311365+00
14	15	A ausâ”œآ¬ncia de programas estruturados de extensâ”œأ؛o acadâ”œآ¬mico-cientâ”œآ،fica gera trâ”œآ¬s efeitos:	Esta aâ”œآ؛â”œأ؛o enfrenta esses efeitos ao criar programas estruturados de extensâ”œأ؛o orientados por demandas reais (relevâ”œأ³ncia), com supervisâ”œأ؛o compartilhada entre CEPEDEC e IES (qualidade) e integraâ”œآ؛â”œأ؛o dos â”œâ”‚rgâ”œأ؛os da Secretaria como campo de prâ”œأ­tica (aplicabilidade).	2026-02-21 12:05:31.311365+00
15	16	A ausâ”œآ¬ncia de integraâ”œآ؛â”œأ؛o a redes de pesquisa e ecossistemas de inovaâ”œآ؛â”œأ؛o gera trâ”œآ¬s efeitos:	Esta aâ”œآ؛â”œأ؛o enfrenta esses efeitos ao promover a inserâ”œآ؛â”œأ؛o seletiva em redes relevantes (posicionamento), a participaâ”œآ؛â”œأ؛o ativa com contribuiâ”œآ؛â”œأ؛o tâ”œآ®cnica do CEPEDEC (legitimidade) e a orientaâ”œآ؛â”œأ؛o estratâ”œآ®gica pela SUOP (relevâ”œأ³ncia institucional).	2026-02-21 12:05:31.311365+00
16	17	A ausâ”œآ¬ncia de um ciclo estruturado de PD&I institucional gera trâ”œآ¬s efeitos:	Esta aâ”œآ؛â”œأ؛o enfrenta esses efeitos ao instituir um ciclo PD&I liderado pelo CEPEDEC (estrutura), alimentado pelos diagnâ”œâ”‚sticos do ICTDEC (insumo) e orientado pelos problemas reais da operaâ”œآ؛â”œأ؛o (relevâ”œأ³ncia), com incorporaâ”œآ؛â”œأ؛o das inovaâ”œآ؛â”œأپes coordenada pela SUOP (adoâ”œآ؛â”œأ؛o).	2026-02-21 12:05:31.311365+00
17	18	A ausâ”œآ¬ncia de uma estratâ”œآ®gia de gestâ”œأ؛o do conhecimento no â”œأ³mbito do Sistema Estadual gera trâ”œآ¬s efeitos:	Esta aâ”œآ؛â”œأ؛o enfrenta esses efeitos ao instituir um fluxo de captura liderado pelas REDECs na ponta (alcance), validaâ”œآ؛â”œأ؛o cientâ”œآ،fica pelo CEPEDEC (rigor) e devoluâ”œآ؛â”œأ؛o ao Sistema em formato de doutrina tâ”œآ®cnica (impacto).	2026-02-21 12:05:31.311365+00
18	19	A ausâ”œآ¬ncia de rotinas de sistematizaâ”œآ؛â”œأ؛o do conhecimento interno gera trâ”œآ¬s efeitos:	Esta aâ”œآ؛â”œأ؛o enfrenta esses efeitos ao instituir um ciclo de trâ”œآ¬s fases: criaâ”œآ؛â”œأ؛o conjunta de metodologias pelo ICTDEC e CEPEDEC (rigor + aplicabilidade), execuâ”œآ؛â”œأ؛o diferenciada conforme a natureza da atividade (ICTDEC nas dinâ”œأ³micas transversais, â”œâ”‚rgâ”œأ؛os nas aplicaâ”œآ؛â”œأپes setoriais) e anâ”œأ­lise e sistematizaâ”œآ؛â”œأ؛o pelo CEPEDEC (transformaâ”œآ؛â”œأ؛o do material em base tâ”œآ®cnica institucional).	2026-02-21 12:05:31.311365+00
19	20	A ausâ”œآ¬ncia de uma polâ”œآ،tica de preservaâ”œآ؛â”œأ؛o documental e memâ”œâ”‚ria tâ”œآ®cnica gera trâ”œآ¬s efeitos:	Esta aâ”œآ؛â”œأ؛o enfrenta esses efeitos ao instituir uma polâ”œآ،tica de preservaâ”œآ؛â”œأ؛o liderada pelo ICTDEC (estrutura), alimentada pela produâ”œآ؛â”œأ؛o cientâ”œآ،fica do CEPEDEC e pelos registros dos â”œâ”‚rgâ”œأ؛os (insumo), materializada numa publicaâ”œآ؛â”œأ؛o institucional periâ”œâ”‚dica (visibilidade e blindagem).	2026-02-21 12:05:31.311365+00
20	21	A ausâ”œآ¬ncia de um mapeamento sistemâ”œأ­tico de inovaâ”œآ؛â”œأپes incrementais gera trâ”œآ¬s efeitos:	Esta aâ”œآ؛â”œأ؛o enfrenta esses efeitos ao instituir um identificaâ”œآ؛â”œأ؛o de pontos de melhoria pelo ICTDEC (visâ”œأ؛o de governanâ”œآ؛a), busca de soluâ”œآ؛â”œأپes pelo CEPEDEC (rigor tâ”œآ®cnico e articulaâ”œآ؛â”œأ؛o com parceiros) e validaâ”œآ؛â”œأ؛o pelos â”œâ”‚rgâ”œأ؛os detentores dos processos (aplicabilidade).	2026-02-21 12:05:31.311365+00
21	22	A ausâ”œآ¬ncia de um mapeamento do ciclo da informaâ”œآ؛â”œأ؛o gera trâ”œآ¬s efeitos:	Esta aâ”œآ؛â”œأ؛o enfrenta esses efeitos ao instituir um mapeamento completo do ciclo da informaâ”œآ؛â”œأ؛o liderado pelo ICTDEC (visâ”œأ؛o de governanâ”œآ؛a), alimentado pela descriâ”œآ؛â”œأ؛o dos fluxos pelo CEPEDEC e pelos â”œâ”‚rgâ”œأ؛os (realidade operacional), resultando em diretrizes e protocolos de fluxo informacional (governanâ”œآ؛a aplicâ”œأ­vel).	2026-02-21 12:05:31.311365+00
22	23	A ausâ”œآ¬ncia de uma atuaâ”œآ؛â”œأ؛o parlamentar estruturada gera trâ”œآ¬s efeitos:	Esta aâ”œآ؛â”œأ؛o enfrenta esses efeitos ao estruturar uma atuaâ”œآ؛â”œأ؛o parlamentar municiada pelo suporte tâ”œآ®cnico do ICTDEC (fundamentaâ”œآ؛â”œأ؛o e panoramas de necessidade legislativa), executada pelo â”œâ”‚rgâ”œأ؛o responsâ”œأ­vel pela articulaâ”œآ؛â”œأ؛o com o Legislativo (estratâ”œآ®gia no parlamento) e alimentada pelas demandas operacionais da SUOP e dos â”œâ”‚rgâ”œأ؛os (realidade do campo).	2026-02-21 12:05:31.311365+00
23	24	A situaâ”œآ؛â”œأ؛o atual configura um problema estrutural grave, cujo agravamento â”œآ® proporcional ao tempo de nâ”œأ؛o-decisâ”œأ؛o:	Esta aâ”œآ؛â”œأ؛o enfrenta esses problemas com um modelo de transiâ”œآ؛â”œأ؛o liderado pela SUBSEGOP (posicionamento polâ”œآ،tico-institucional), coordenado pela SUOP (integraâ”œآ؛â”œأ؛o operacional), referenciado pelo CEMADEN-RJ (padrâ”œأپes tâ”œآ®cnicos), articulado pela DGDEC (relaâ”œآ؛â”œأ؛o com municâ”œآ،pios), executado pelas REDECs (ponta), capacitado pela ESDEC (formaâ”œآ؛â”œأ؛o orâ”œآ؛amentâ”œأ­ria e tâ”œآ®cnica) e complementado pela DGAC (conscientizaâ”œآ؛â”œأ؛o).	2026-02-21 12:05:31.311365+00
24	25	A cooperaâ”œآ؛â”œأ؛o do Estado com os municâ”œآ،pios em prevenâ”œآ؛â”œأ؛o e mitigaâ”œآ؛â”œأ؛o enfrenta trâ”œآ¬s obstâ”œأ­culos estruturais:	Esta aâ”œآ؛â”œأ؛o enfrenta esses obstâ”œأ­culos instituindo um regime de cooperaâ”œآ؛â”œأ؛o multifacetado coordenado pela SUOP, que integra as competâ”œآ¬ncias dos â”œâ”‚rgâ”œأ؛os da Defesa Civil Estadual numa oferta coerente de apoio aos municâ”œآ،pios أ”أ‡أ¶ combinando alertas e panoramas de risco (CEMADEN-RJ), engenharia e articulaâ”œآ؛â”œأ؛o para obras (Coord. Engenharia), meio ambiente (CEAMA), conhecimento cientâ”œآ،fico e orientaâ”œآ؛â”œأ؛o no mapeamento (ICTDEC/CEPEDEC), capacitaâ”œآ؛â”œأ؛o (ESDEC), conscientizaâ”œآ؛â”œأ؛o (DGAC) e execuâ”œآ؛â”œأ؛o territorial (REDECs via DREDEC).	2026-02-21 12:05:31.311365+00
25	26	A ausâ”œآ¬ncia de conteâ”œâ•‘do doutrinâ”œأ­rio atualizado gera trâ”œآ¬s efeitos:	Esta aâ”œآ؛â”œأ؛o enfrenta esses efeitos instituindo um ciclo de produâ”œآ؛â”œأ؛o doutrinâ”œأ­ria liderado pelo ICTDEC (sistematizaâ”œآ؛â”œأ؛o via CEPEDEC, difusâ”œأ؛o via ESDEC), alimentado pelos â”œâ”‚rgâ”œأ؛os operacionais (DGDEC, CESTAD e REDECs como fontes de conhecimento) e validado pela SUOP (alinhamento estratâ”œآ®gico e aplicabilidade).	2026-02-21 12:05:31.311365+00
26	27	A colaboraâ”œآ؛â”œأ؛o do Estado com os municâ”œآ،pios em preparaâ”œآ؛â”œأ؛o e resposta enfrenta trâ”œآ¬s obstâ”œأ­culos:	Esta aâ”œآ؛â”œأ؛o enfrenta esses obstâ”œأ­culos instituindo um regime de colaboraâ”œآ؛â”œأ؛o em duas dimensâ”œأپes coordenado pela SUOP: preparaâ”œآ؛â”œأ؛o (assessoria ao planejamento de contingâ”œآ¬ncia, capacitaâ”œآ؛â”œأ؛o e exercâ”œآ،cios simulados) e resposta (mobilizaâ”œآ؛â”œأ؛o coordenada de suporte operacional quando a capacidade municipal for excedida), com a DGDEC como eixo operacional, o CESTAD na coordenaâ”œآ؛â”œأ؛o de crises, o CEMADEN-RJ nos alertas, o GRAC na integraâ”œآ؛â”œأ؛o multisetorial, a ESDEC na capacitaâ”œآ؛â”œأ؛o e as REDECs na execuâ”œآ؛â”œأ؛o territorial.	2026-02-21 12:05:31.311365+00
27	28	A articulaâ”œآ؛â”œأ؛o do aparato estatal para recuperaâ”œآ؛â”œأ؛o pâ”œâ”‚s-desastre enfrenta trâ”œآ¬s obstâ”œأ­culos:	Esta aâ”œآ؛â”œأ؛o enfrenta esses obstâ”œأ­culos instituindo um fluxo normatizado de recebimento, avaliaâ”œآ؛â”œأ؛o, priorizaâ”œآ؛â”œأ؛o e articulaâ”œآ؛â”œأ؛o: as REDECs e a DGDEC recebem e consolidam as demandas; a Coordenadoria de Engenharia avalia a infraestrutura; a SUOP define a priorizaâ”œآ؛â”œأ؛o com critâ”œآ®rios tâ”œآ®cnicos; e o GRAC mobiliza os â”œâ”‚rgâ”œأ؛os estaduais competentes para a execuâ”œآ؛â”œأ؛o.	2026-02-21 12:05:31.311365+00
28	29	A ausâ”œآ¬ncia de conscientizaâ”œآ؛â”œأ؛o dos â”œâ”‚rgâ”œأ؛os estaduais sobre os princâ”œآ،pios de reconstruâ”œآ؛â”œأ؛o resiliente gera trâ”œآ¬s efeitos:	Esta aâ”œآ؛â”œأ؛o enfrenta esses efeitos por meio de uma estratâ”œآ®gia de influâ”œآ¬ncia tâ”œآ®cnico-institucional: o ICTDEC produz as diretrizes de reconstruâ”œآ؛â”œأ؛o resiliente com suporte tâ”œآ®cnico da Coordenadoria de Engenharia; a SUOP valida e coordena internamente; e a SUBSEGOP articula o acesso polâ”œآ،tico-institucional aos â”œâ”‚rgâ”œأ؛os estaduais executores, viabilizando a difusâ”œأ؛o efetiva.	2026-02-21 12:05:31.311365+00
29	30	A ausâ”œآ¬ncia de mecanismos de discussâ”œأ؛o intersetorial sobre RRD gera trâ”œآ¬s efeitos:	Esta aâ”œآ؛â”œأ؛o enfrenta esses efeitos por meio de uma estratâ”œآ®gia de articulaâ”œآ؛â”œأ؛o intersetorial ampliada: a SUBSEGOP conduz o diâ”œأ­logo polâ”œآ،tico-institucional com os â”œâ”‚rgâ”œأ؛os estaduais e atores externos; o ICTDEC fornece o conteâ”œâ•‘do tâ”œآ®cnico que qualifica as discussâ”œأپes; a ESDEC capacita agentes; a DGAC e a CEAMA contribuem com seus temas setoriais; as REDECs articulam a participaâ”œآ؛â”œأ؛o municipal; e o CONEPDEC, como conselho multiparticipativo, valida as propostas e confere legitimidade multisetorial. A SUOP coordena internamente a participaâ”œآ؛â”œأ؛o dos â”œâ”‚rgâ”œأ؛os da SEDEC.	2026-02-21 12:05:31.311365+00
30	2	A Secretaria de Estado de Defesa Civil opera historicamente com dependâ”œآ¬ncia quase total do Tesouro Estadual. Isso gera problemas concretos que afetam o dia a dia:	Esta aâ”œآ؛â”œأ؛o estratâ”œآ®gica ataca esses quatro problemas simultaneamente: ao estruturar a capacidade de captaâ”œآ؛â”œأ؛o, fortalecer o Gabinete de Gestâ”œأ؛o de Projetos e preparar a governanâ”œآ؛a financeira, cria-se tanto uma segunda linha de financiamento imediata (editais e parcerias) quanto o alicerce para o Fundo Estadual. Simultaneamente, o processo forâ”œآ؛a a profissionalizaâ”œآ؛â”œأ؛o interna أ”أ‡أ¶ elaborar projetos exige diagnâ”œâ”‚stico, dados e governanâ”œآ؛a, que â”œآ® exatamente o que o Programa SEDEC 360 busca implantar.	2026-02-21 12:05:31.311365+00
\.


--
-- Data for Name: fundamentacao_itens; Type: TABLE DATA; Schema: public; Owner: postgres
--

COPY public.fundamentacao_itens (id, fundamentacao_id, ordem, conteudo, created_at) FROM stdin;
1	1	1	1. Barreira de entrada: Municâ”œآ،pios que desejam implementar projetos de proteâ”œآ؛â”œأ؛o comunitâ”œأ­ria nâ”œأ؛o dispâ”œأپem de modelos, metodologias ou materiais de referâ”œآ¬ncia. O custo de criaâ”œآ؛â”œأ؛o do zero â”œآ® alto e a maioria das COMDECs nâ”œأ؛o tem capacidade tâ”œآ®cnica para desenvolver projetos prâ”œâ”‚prios. O resultado â”œآ® que a implementaâ”œآ؛â”œأ؛o nâ”œأ؛o ocorre ou depende de iniciativas individuais.	2026-02-21 12:05:31.311365+00
2	1	2	2. Disparidade entre municâ”œآ،pios: Sem padronizaâ”œآ؛â”œأ؛o, a qualidade das iniciativas comunitâ”œأ­rias varia conforme a capacidade de cada gestâ”œأ؛o municipal. Municâ”œآ،pios com mais recursos produzem projetos melhores; municâ”œآ،pios vulnerâ”œأ­veis ficam sem cobertura. A percepâ”œآ؛â”œأ؛o de risco e a conscientizaâ”œآ؛â”œأ؛o comunitâ”œأ­ria ficam desiguais no territâ”œâ”‚rio estadual.	2026-02-21 12:05:31.311365+00
3	1	3	3. Prâ”œأ­ticas exitosas nâ”œأ؛o sistematizadas: Municâ”œآ،pios que desenvolveram projetos comunitâ”œأ­rios bem-sucedidos nâ”œأ؛o tâ”œآ¬m canal para compartilhar suas prâ”œأ­ticas. O conhecimento gerado fica restrito ao municâ”œآ،pio de origem, sem gerar benefâ”œآ،cio para o restante do Estado.	2026-02-21 12:05:31.311365+00
4	2	1	1. Ausâ”œآ¬ncia de visibilidade sobre o desempenho: Sem rotinas de monitoramento, nâ”œأ؛o hâ”œأ­ como aferir objetivamente quais setores estâ”œأ؛o entregando conforme o planejado, quais enfrentam gargalos e quais necessitam de suporte. A gestâ”œأ؛o opera sem dados estruturados, apoiando-se predominantemente em percepâ”œآ؛â”œأپes informais.	2026-02-21 12:05:31.311365+00
5	2	2	2. Risco de descontinuidade do Plano Estratâ”œآ®gico: Um planejamento estratâ”œآ®gico que nâ”œأ؛o â”œآ® acompanhado por rotinas visâ”œآ،veis e periâ”œâ”‚dicas tende a perder relevâ”œأ³ncia institucional progressivamente. Isso compromete a adesâ”œأ؛o dos gestores e reduz a capacidade da Secretaria de sustentar polâ”œآ،ticas de longo prazo.	2026-02-21 12:05:31.311365+00
6	2	3	3. Cobranâ”œآ؛a sem base objetiva: Na ausâ”œآ¬ncia de indicadores padronizados, a avaliaâ”œآ؛â”œأ؛o de desempenho dos setores fica dependente de critâ”œآ®rios informais e variâ”œأ­veis, o que dificulta a responsabilizaâ”œآ؛â”œأ؛o equitativa e a identificaâ”œآ؛â”œأ؛o precisa dos pontos de melhoria.	2026-02-21 12:05:31.311365+00
7	3	1	1. Fragmentaâ”œآ؛â”œأ؛o de mâ”œآ®todos: Cada setor adota seus prâ”œâ”‚prios critâ”œآ®rios de planejamento, execuâ”œآ؛â”œأ؛o e acompanhamento de projetos. Isso impede a consolidaâ”œآ؛â”œأ؛o de um portfâ”œâ”‚lio institucional e dificulta a visâ”œأ؛o integrada de prazos, custos e entregas.	2026-02-21 12:05:31.311365+00
8	3	2	2. Risco na execuâ”œآ؛â”œأ؛o de recursos externos: Projetos financiados por editais, convâ”œآ¬nios ou fundos exigem acompanhamento rigoroso da execuâ”œآ؛â”œأ؛o fâ”œآ،sico-financeira e prestaâ”œآ؛â”œأ؛o de contas tempestiva. Sem instrumento padronizado, a Secretaria fica exposta a riscos de inadimplâ”œآ¬ncia e devoluâ”œآ؛â”œأ؛o de recursos.	2026-02-21 12:05:31.311365+00
9	3	3	3. Perda de capacidade de escala: A operacionalizaâ”œآ؛â”œأ؛o do Fundo Estadual de Proteâ”œآ؛â”œأ؛o e Defesa Civil exigirâ”œأ­ gestâ”œأ؛o simultâ”œأ³nea de dezenas de projetos, incluindo repasses a municâ”œآ،pios. Essa escala â”œآ® inviâ”œأ­vel sem estrutura, metodologia e ferramentas adequadas.	2026-02-21 12:05:31.311365+00
10	4	1	1. Invisibilidade das entregas: A Secretaria realiza um volume significativo de aâ”œآ؛â”œأپes que nâ”œأ؛o sâ”œأ؛o sistematizadas nem comunicadas de forma estruturada. Isso produz uma percepâ”œآ؛â”œأ؛o distorcida tanto interna (setores desconhecem o que os demais fazem) quanto externa (financiadores, parceiros e sociedade nâ”œأ؛o tâ”œآ¬m acesso ao escopo real de atuaâ”œآ؛â”œأ؛o da Defesa Civil).	2026-02-21 12:05:31.311365+00
11	4	2	2. Fragilidade na prestaâ”œآ؛â”œأ؛o de contas: Sem relatâ”œâ”‚rio de gestâ”œأ؛o institucionalizado, a Secretaria depende de compilaâ”œآ؛â”œأپes improvisadas para responder a demandas de â”œâ”‚rgâ”œأ؛os de controle, legislativo ou imprensa. Isso consome tempo, gera inconsistâ”œآ¬ncias e expâ”œأپe a instituiâ”œآ؛â”œأ؛o a riscos reputacionais.	2026-02-21 12:05:31.311365+00
12	4	3	3. Perda de credibilidade para captaâ”œآ؛â”œأ؛o: A atraâ”œآ؛â”œأ؛o de investimentos e parcerias (AE 1.1.3) depende da capacidade de demonstrar resultados. Agâ”œآ¬ncias de fomento, organismos internacionais e potenciais parceiros avaliam a maturidade institucional tambâ”œآ®m pela qualidade dos instrumentos de comunicaâ”œآ؛â”œأ؛o. Sem eles, a Secretaria compete em desvantagem.	2026-02-21 12:05:31.311365+00
13	5	1	1. Baixa adesâ”œأ؛o a novos instrumentos de gestâ”œأ؛o: A implantaâ”œآ؛â”œأ؛o de metodologias de gestâ”œأ؛o estratâ”œآ®gica, processos, projetos e competâ”œآ¬ncias exige mudanâ”œآ؛a de hâ”œأ­bitos e rotinas. Sem um trabalho deliberado de preparaâ”œآ؛â”œأ؛o cultural, essas mudanâ”œآ؛as enfrentam resistâ”œآ¬ncia passiva e tendem a se esvaziar apâ”œâ”‚s o impulso inicial de implantaâ”œآ؛â”œأ؛o.	2026-02-21 12:05:31.311365+00
14	5	2	2. Fragmentaâ”œآ؛â”œأ؛o entre setores: A Secretaria â”œآ® composta por â”œâ”‚rgâ”œأ؛os com missâ”œأپes distintas, distribuâ”œآ،dos em diferentes localidades e com dinâ”œأ³micas operacionais prâ”œâ”‚prias. Sem aâ”œآ؛â”œأپes de integraâ”œآ؛â”œأ؛o transversal, cada setor tende a operar de forma isolada, com baixo conhecimento sobre as atividades dos demais, o que dificulta a coordenaâ”œآ؛â”œأ؛o e a sinergia.	2026-02-21 12:05:31.311365+00
15	5	3	3. Descontinuidade de boas prâ”œأ­ticas: Quando os valores e as condutas nâ”œأ؛o sâ”œأ؛o formalizados e internalizados, as boas prâ”œأ­ticas dependem das pessoas que as praticam. A rotatividade de pessoal, natural em â”œâ”‚rgâ”œأ؛os pâ”œâ•‘blicos, leva â”œأ، perda de prâ”œأ­ticas positivas nâ”œأ؛o institucionalizadas.	2026-02-21 12:05:31.311365+00
16	6	1	1. Inseguranâ”œآ؛a jurâ”œآ،dica na tomada de decisâ”œأ؛o: Gestores que atuam sob normas desatualizadas enfrentam ambiguidade sobre o que â”œآ® permitido, esperado ou vedado. Isso leva a duas reaâ”œآ؛â”œأپes igualmente danosas: paralisia decisâ”œâ”‚ria (medo de agir sem respaldo) ou aâ”œآ؛â”œأ؛o sem padronizaâ”œآ؛â”œأ؛o (cada gestor interpreta a norma â”œأ، sua maneira).	2026-02-21 12:05:31.311365+00
17	6	2	2. Despadronizaâ”œآ؛â”œأ؛o de condutas: Quando as normas nâ”œأ؛o acompanham a evoluâ”œآ؛â”œأ؛o da legislaâ”œآ؛â”œأ؛o e da prâ”œأ­tica operacional, os setores desenvolvem soluâ”œآ؛â”œأپes informais prâ”œâ”‚prias. O resultado â”œآ® a fragmentaâ”œآ؛â”œأ؛o: o mesmo procedimento â”œآ® executado de formas diferentes por â”œâ”‚rgâ”œأ؛os distintos, comprometendo a rastreabilidade e a uniformidade.	2026-02-21 12:05:31.311365+00
18	6	3	3. Normas inacessâ”œآ،veis ou desconhecidas: Sem uma coletâ”œأ³nea organizada e atualizada, os servidores frequentemente desconhecem quais normas estâ”œأ؛o vigentes ou onde encontrâ”œأ­-las. A dispersâ”œأ؛o documental agrava o problema, pois normas publicadas em perâ”œآ،odos distintos e em diferentes veâ”œآ،culos se acumulam sem consolidaâ”œآ؛â”œأ؛o.	2026-02-21 12:05:31.311365+00
19	7	1	1. Dependâ”œآ¬ncia de conhecimento individual: Quando os processos nâ”œأ؛o estâ”œأ؛o mapeados e padronizados, a execuâ”œآ؛â”œأ؛o depende de quem sabe fazer. A rotatividade de pessoal, natural em â”œâ”‚rgâ”œأ؛os pâ”œâ•‘blicos, gera perda de capacidade operacional a cada movimentaâ”œآ؛â”œأ؛o, pois o conhecimento sai com a pessoa.	2026-02-21 12:05:31.311365+00
20	7	2	2. Desconexâ”œأ؛o entre setores: Processos finalâ”œآ،sticos frequentemente envolvem mâ”œâ•‘ltiplos â”œâ”‚rgâ”œأ؛os. Sem a visâ”œأ؛o integrada da cadeia de valor, cada setor otimiza apenas a sua etapa, gerando descompassos nas interfaces: um setor entrega fora do formato que o prâ”œâ”‚ximo precisa, prazos nâ”œأ؛o se conectam, retrabalho se acumula.	2026-02-21 12:05:31.311365+00
21	7	3	3. Impossibilidade de melhoria sistemâ”œأ­tica: Sem processos mapeados, nâ”œأ؛o hâ”œأ­ base para identificar gargalos, medir eficiâ”œآ¬ncia ou propor otimizaâ”œآ؛â”œأپes. As melhorias acontecem de forma intuitiva e localizada, sem escala nem rastreabilidade.	2026-02-21 12:05:31.311365+00
22	8	1	1. Alocaâ”œآ؛â”œأ؛o desconectada da necessidade: Sem o conhecimento sistemâ”œأ­tico de quais competâ”œآ¬ncias cada funâ”œآ؛â”œأ؛o exige e quais a forâ”œآ؛a de trabalho possui, a alocaâ”œآ؛â”œأ؛o de pessoal depende de critâ”œآ®rios informais. Pessoas sâ”œأ؛o designadas para funâ”œآ؛â”œأپes sem que se verifique a aderâ”œآ¬ncia entre suas competâ”œآ¬ncias e as demandas da posiâ”œآ؛â”œأ؛o.	2026-02-21 12:05:31.311365+00
23	8	2	2. Capacitaâ”œآ؛â”œأ؛o sem foco estratâ”œآ®gico: Sem diagnâ”œâ”‚stico de lacunas, as capacitaâ”œآ؛â”œأپes sâ”œأ؛o orientadas por demandas avulsas ou por disponibilidade de oferta, e nâ”œأ؛o pelas necessidades reais da instituiâ”œآ؛â”œأ؛o. Isso gera investimento em desenvolvimento que nâ”œأ؛o necessariamente se traduz em melhoria de desempenho.	2026-02-21 12:05:31.311365+00
24	8	3	3. Ausâ”œآ¬ncia de referâ”œآ¬ncia para desenvolvimento: Sem um modelo que defina o que se espera de cada funâ”œآ؛â”œأ؛o, os servidores nâ”œأ؛o tâ”œآ¬m clareza sobre quais competâ”œآ¬ncias devem desenvolver. O crescimento profissional fica sem direâ”œآ؛â”œأ؛o institucional, dependendo exclusivamente de iniciativa individual.	2026-02-21 12:05:31.311365+00
25	9	1	1. Defasagem tâ”œآ®cnica progressiva: A gestâ”œأ؛o de riscos e desastres â”œآ® um campo em evoluâ”œآ؛â”œأ؛o permanente أ”أ‡أ¶ novas metodologias, tecnologias e marcos legais surgem continuamente. Sem educaâ”œآ؛â”œأ؛o continuada, o efetivo opera com base em conhecimentos desatualizados, comprometendo a qualidade tâ”œآ®cnica das aâ”œآ؛â”œأپes de prevenâ”œآ؛â”œأ؛o, preparaâ”œآ؛â”œأ؛o e resposta.	2026-02-21 12:05:31.311365+00
26	9	2	2. Concentraâ”œآ؛â”œأ؛o de expertise em poucos indivâ”œآ،duos: Sem mecanismos de difusâ”œأ؛o do conhecimento, a expertise tâ”œآ®cnica tende a se concentrar em um nâ”œâ•‘mero reduzido de profissionais. Isso cria vulnerabilidade institucional: a ausâ”œآ¬ncia ou movimentaâ”œآ؛â”œأ؛o dessas pessoas gera perda de capacidade operacional desproporcional.	2026-02-21 12:05:31.311365+00
27	9	3	3. Capacitaâ”œآ؛â”œأ؛o reativa e sem direâ”œآ؛â”œأ؛o: Na ausâ”œآ¬ncia de trilhas estruturadas, as capacitaâ”œآ؛â”œأپes ocorrem de forma avulsa, orientadas por oportunidades pontuais ou por iniciativa individual. O investimento em desenvolvimento nâ”œأ؛o se traduz necessariamente em melhoria da capacidade institucional, pois nâ”œأ؛o â”œآ® orientado pelas lacunas reais.	2026-02-21 12:05:31.311365+00
28	10	1	1. Perda de produtividade e qualidade de vida no trabalho: Instalaâ”œآ؛â”œأپes inadequadas (espaâ”œآ؛o insuficiente, falta de ergonomia, problemas de salubridade) afetam diretamente a capacidade de trabalho das equipes. O impacto nâ”œأ؛o â”œآ® apenas fâ”œآ،sico: ambientes precâ”œأ­rios corroem a motivaâ”œآ؛â”œأ؛o e reforâ”œآ؛am a percepâ”œآ؛â”œأ؛o de desvalorizaâ”œآ؛â”œأ؛o institucional.	2026-02-21 12:05:31.311365+00
29	10	2	2. Limitaâ”œآ؛â”œأ؛o da capacidade operacional: A ausâ”œآ¬ncia de espaâ”œآ؛os adequados impede a realizaâ”œآ؛â”œأ؛o de atividades que a estratâ”œآ®gia prevâ”œآ¬: salas para oficinas de mapeamento de processos, espaâ”œآ؛os para capacitaâ”œآ؛â”œأپes presenciais, condiâ”œآ؛â”œأپes de armazenamento para equipamentos operacionais. A infraestrutura precâ”œأ­ria se torna gargalo para aâ”œآ؛â”œأپes de outras AEs.	2026-02-21 12:05:31.311365+00
30	10	3	3. Intervenâ”œآ؛â”œأپes reativas e fragmentadas: Sem um processo estruturado de identificaâ”œآ؛â”œأ؛o, priorizaâ”œآ؛â”œأ؛o e execuâ”œآ؛â”œأ؛o, as melhorias de infraestrutura acontecem apenas quando a precariedade atinge nâ”œآ،vel crâ”œآ،tico, em carâ”œأ­ter emergencial, com custo mais alto e menor qualidade.	2026-02-21 12:05:31.311365+00
31	11	1	1. Controles manuais excessivos e retrabalho: Sem ferramentas adequadas, as equipes dependem de planilhas manuais, controles paralelos e trocas informais de informaâ”œآ؛â”œأ؛o. Isso gera retrabalho, erros de consolidaâ”œآ؛â”œأ؛o e perda de tempo em atividades que poderiam ser automatizadas ou simplificadas.	2026-02-21 12:05:31.311365+00
32	11	2	2. Fragmentaâ”œآ؛â”œأ؛o da infraestrutura digital: Quando cada â”œâ”‚rgâ”œأ؛o adota soluâ”œآ؛â”œأپes por conta prâ”œâ”‚pria, sem padronizaâ”œآ؛â”œأ؛o, geram-se sistemas que nâ”œأ؛o se comunicam, dados duplicados e dificuldade de consolidaâ”œآ؛â”œأ؛o de informaâ”œآ؛â”œأپes para a gestâ”œأ؛o.	2026-02-21 12:05:31.311365+00
33	11	3	3. Gargalos de capacidade que limitam a estratâ”œآ®gia: A ausâ”œآ¬ncia de sistemas adequados impede que aâ”œآ؛â”œأپes de outras AEs atinjam pleno potencial: indicadores sem sistema de coleta automatizada, processos mapeados sem plataforma de registro, capacitaâ”œآ؛â”œأپes sem plataforma EAD. A deficiâ”œآ¬ncia tecnolâ”œâ”‚gica se torna gargalo transversal.	2026-02-21 12:05:31.311365+00
34	12	1	1. Contratos desalinhados com a necessidade real: Quando os contratos sâ”œأ؛o renovados sem revisâ”œأ؛o crâ”œآ،tica, perpetuam-se serviâ”œآ؛os que nâ”œأ؛o correspondem mais â”œأ،s demandas atuais. A Secretaria paga por serviâ”œآ؛os subutilizados enquanto â”œأ­reas crâ”œآ،ticas permanecem desassistidas.	2026-02-21 12:05:31.311365+00
35	12	2	2. Fragilidade na prontidâ”œأ؛o operacional: A defesa civil opera em dois regimes أ”أ‡أ¶ normalidade e crise. Contratos que atendem apenas â”œأ، rotina administrativa podem ser insuficientes nos picos de demanda gerados por desastres. Sem planejamento estratâ”œآ®gico do portfâ”œâ”‚lio, a Secretaria fica vulnerâ”œأ­vel nos momentos de maior exigâ”œآ¬ncia.	2026-02-21 12:05:31.311365+00
36	12	3	3. Lentidâ”œأ؛o e baixa qualidade na instruâ”œآ؛â”œأ؛o: Processos de contrataâ”œآ؛â”œأ؛o mal instruâ”œآ،dos geram atrasos, impugnaâ”œآ؛â”œأپes e contratos com especificaâ”œآ؛â”œأپes insuficientes. O resultado â”œآ® um ciclo de retrabalho que consome tempo administrativo e compromete a qualidade do serviâ”œآ؛o prestado.	2026-02-21 12:05:31.311365+00
37	13	1	1. Atuaâ”œآ؛â”œأ؛o baseada em empirismo: Sem pesquisa aplicada, as prâ”œأ­ticas da Defesa Civil se baseiam na experiâ”œآ¬ncia acumulada e na repetiâ”œآ؛â”œأ؛o de procedimentos histâ”œâ”‚ricos, sem validaâ”œآ؛â”œأ؛o cientâ”œآ،fica ou comparaâ”œآ؛â”œأ؛o com as melhores prâ”œأ­ticas. A evoluâ”œآ؛â”œأ؛o fica limitada ao que se aprende na prâ”œأ­tica, sem aporte sistemâ”œأ­tico de conhecimento novo.	2026-02-21 12:05:31.311365+00
38	13	2	2. Desconexâ”œأ؛o entre academia e operaâ”œآ؛â”œأ؛o: Quando existem, as parcerias acadâ”œآ¬micas tendem a ser pontuais, orientadas pelo interesse do pesquisador e nâ”œأ؛o pelo problema da instituiâ”œآ؛â”œأ؛o. A produâ”œآ؛â”œأ؛o cientâ”œآ،fica gerada nâ”œأ؛o se traduz em melhoria de prâ”œأ­ticas, protocolos ou polâ”œآ،ticas أ”أ‡أ¶ fica restrita a publicaâ”œآ؛â”œأپes que nâ”œأ؛o chegam â”œأ، ponta.	2026-02-21 12:05:31.311365+00
39	13	3	3. Isolamento dos municâ”œآ،pios: As COMDECs enfrentam gargalos operacionais especâ”œآ،ficos que a estrutura estadual muitas vezes desconhece. Sem mecanismo de integraâ”œآ؛â”œأ؛o para pesquisa e extensâ”œأ؛o, os municâ”œآ،pios permanecem isolados na busca de soluâ”œآ؛â”œأپes, e a Secretaria perde a oportunidade de produzir conhecimento que beneficie todo o Sistema.	2026-02-21 12:05:31.311365+00
40	14	1	1. Isolamento institucional: Sem conexâ”œأ؛o sistemâ”œأ­tica com a academia, a Secretaria opera em circuito fechado. Nâ”œأ؛o recebe olhar externo, nâ”œأ؛o â”œآ® desafiada por questâ”œأپes novas e nâ”œأ؛o incorpora mâ”œآ®todos e conhecimentos produzidos fora de suas fronteiras. A tendâ”œآ¬ncia â”œآ® a repetiâ”œآ؛â”œأ؛o de prâ”œأ­ticas sem renovaâ”œآ؛â”œأ؛o.	2026-02-21 12:05:31.311365+00
41	14	2	2. Formaâ”œآ؛â”œأ؛o desconectada da realidade: Do lado acadâ”œآ¬mico, os futuros profissionais de gestâ”œأ؛o de riscos e desastres se formam sem contato com a realidade operacional da Defesa Civil. Quando ingressam no serviâ”œآ؛o pâ”œâ•‘blico, enfrentam um choque entre teoria e prâ”œأ­tica que poderia ter sido atenuado por uma experiâ”œآ¬ncia de extensâ”œأ؛o supervisionada.	2026-02-21 12:05:31.311365+00
42	14	3	3. Desperdâ”œآ،cio de potencial: Gargalos operacionais que poderiam ser endereâ”œآ؛ados por estudantes e pesquisadores permanecem sem soluâ”œآ؛â”œأ؛o porque nâ”œأ؛o hâ”œأ­ mecanismo institucional para conectar a demanda â”œأ، oferta acadâ”œآ¬mica. A Secretaria nâ”œأ؛o se beneficia de uma forâ”œآ؛a de trabalho qualificada e motivada que estâ”œأ­ disponâ”œآ،vel nas IES.	2026-02-21 12:05:31.311365+00
43	15	1	1. Invisibilidade cientâ”œآ،fica: A Defesa Civil do Estado nâ”œأ؛o â”œآ® percebida como ator cientâ”œآ،fico pelos centros de pesquisa, agâ”œآ¬ncias de fomento e organismos internacionais. Isso significa menor acesso a editais, menor atraâ”œآ؛â”œأ؛o de parceiros qualificados e menor influâ”œآ¬ncia na construâ”œآ؛â”œأ؛o de polâ”œآ،ticas baseadas em evidâ”œآ¬ncia.	2026-02-21 12:05:31.311365+00
44	15	2	2. Duplicaâ”œآ؛â”œأ؛o de esforâ”œآ؛os: Sem participaâ”œآ؛â”œأ؛o em redes, a Secretaria pode investir em pesquisas que jâ”œأ­ foram conduzidas por outros â”œâ”‚rgâ”œأ؛os de defesa civil, no Brasil ou no exterior. A integraâ”œآ؛â”œأ؛o em rede permite compartilhar resultados, evitar replicaâ”œآ؛â”œأ؛o e construir sobre o conhecimento jâ”œأ­ existente.	2026-02-21 12:05:31.311365+00
45	15	3	3. Limitaâ”œآ؛â”œأ؛o do alcance: Problemas complexos como a reduâ”œآ؛â”œأ؛o de riscos de desastres demandam abordagens multi-institucionais e multidisciplinares. Uma instituiâ”œآ؛â”œأ؛o isolada nâ”œأ؛o tem escala, diversidade de competâ”œآ¬ncias nem base de dados suficiente para enfrentar esses problemas. Redes ampliam o alcance sem exigir que cada instituiâ”œآ؛â”œأ؛o detenha todas as capacidades internamente.	2026-02-21 12:05:31.311365+00
46	16	1	1. Repetiâ”œآ؛â”œأ؛o de prâ”œأ­ticas obsoletas: Sem mecanismo para transformar diagnâ”œâ”‚sticos em soluâ”œآ؛â”œأپes, os problemas identificados nas aâ”œآ؛â”œأپes de governanâ”œآ؛a permanecem como diagnâ”œâ”‚sticos أ”أ‡أ¶ conhecidos, documentados, mas nâ”œأ؛o resolvidos. A instituiâ”œآ؛â”œأ؛o sabe o que estâ”œأ­ errado, mas nâ”œأ؛o tem mecanismo para criar o que estâ”œأ­ certo.	2026-02-21 12:05:31.311365+00
47	16	2	2. Inovaâ”œآ؛â”œأ؛o espontâ”œأ³nea e nâ”œأ؛o institucionalizada: Na ausâ”œآ¬ncia de PD&I estruturado, inovaâ”œآ؛â”œأپes acontecem de forma espontâ”œأ³nea e personalista أ”أ‡أ¶ dependem da iniciativa individual e nâ”œأ؛o sâ”œأ؛o registradas, validadas ou replicadas. Quando a pessoa sai, a inovaâ”œآ؛â”œأ؛o se perde.	2026-02-21 12:05:31.311365+00
48	16	3	3. Desconexâ”œأ؛o entre diagnâ”œâ”‚stico e soluâ”œآ؛â”œأ؛o: As aâ”œآ؛â”œأپes de governanâ”œآ؛a (OE 2) geram um volume crescente de informaâ”œآ؛â”œأپes sobre gargalos e oportunidades. Sem o ciclo PD&I, esses insumos nâ”œأ؛o se transformam em produtos concretos أ”أ‡أ¶ a Secretaria diagnostica cada vez melhor, mas nâ”œأ؛o traduz o diagnâ”œâ”‚stico em melhoria.	2026-02-21 12:05:31.311365+00
49	17	1	1. Perda de capital intelectual: Soluâ”œآ؛â”œأپes criativas desenvolvidas nos municâ”œآ،pios nunca sâ”œأ؛o registradas. Quando o agente se aposenta, â”œآ® transferido ou deixa o cargo, o conhecimento se perde irremediavelmente. A Defesa Civil reinventa a roda em cada crise, em cada municâ”œآ،pio, sem acumular aprendizado.	2026-02-21 12:05:31.311365+00
50	17	2	2. Invisibilidade cientâ”œآ،fica das prâ”œأ­ticas locais: Os municâ”œآ،pios produzem aâ”œآ؛â”œأپes relevantes de defesa civil que nâ”œأ؛o ganham visibilidade porque nâ”œأ؛o sâ”œأ؛o documentadas com rigor. O Estado do Rio de Janeiro possui um acervo potencial de boas prâ”œأ­ticas que permanece invisâ”œآ،vel أ”أ‡أ¶ tanto para o prâ”œâ”‚prio Sistema quanto para a comunidade cientâ”œآ،fica e os â”œâ”‚rgâ”œأ؛os de fomento.	2026-02-21 12:05:31.311365+00
51	17	3	3. Fragmentaâ”œآ؛â”œأ؛o do Sistema: Sem mecanismo de intercâ”œأ³mbio de saberes, cada municâ”œآ،pio opera isoladamente. Problemas semelhantes sâ”œأ؛o enfrentados de formas diferentes, sem que uma soluâ”œآ؛â”œأ؛o bem-sucedida em um local possa ser adaptada para outro. A coesâ”œأ؛o do SIEPDEC depende tambâ”œآ®m de uma base de conhecimento compartilhada.	2026-02-21 12:05:31.311365+00
52	18	1	1. Dependâ”œآ¬ncia de pessoas, nâ”œأ؛o de processos: O conhecimento operacional crâ”œآ،tico reside na memâ”œâ”‚ria individual. Transferâ”œآ¬ncias, aposentadorias e desligamentos geram perda irrecuperâ”œأ­vel de saber acumulado. A instituiâ”œآ؛â”œأ؛o nâ”œأ؛o herda o que seus agentes aprenderam أ”أ‡أ¶ apenas recomeâ”œآ؛a.	2026-02-21 12:05:31.311365+00
53	18	2	2. Liâ”œآ؛â”œأپes nâ”œأ؛o aprendidas: Apâ”œâ”‚s desastres e exercâ”œآ،cios simulados, a anâ”œأ­lise do que funcionou e do que falhou â”œآ® feita informalmente e se dissipa em dias. Sem painâ”œآ®is estruturados e registro sistemâ”œأ­tico, os mesmos erros se repetem e as melhores prâ”œأ­ticas nâ”œأ؛o se disseminam.	2026-02-21 12:05:31.311365+00
54	18	3	3. Base de inovaâ”œآ؛â”œأ؛o empâ”œآ،rica vazia: A AE 6.2.1 (PD&I institucional) depende de insumos sobre problemas e prâ”œأ­ticas reais. Sem a sistematizaâ”œآ؛â”œأ؛o do conhecimento tâ”œأ­cito, o ciclo PD&I opera sem matâ”œآ®ria-prima أ”أ‡أ¶ a inovaâ”œآ؛â”œأ؛o se desconecta da realidade operacional porque nâ”œأ؛o tem acesso estruturado a ela.	2026-02-21 12:05:31.311365+00
55	19	1	1. Amnâ”œآ®sia institucional: Sem registro organizado, a Secretaria nâ”œأ؛o consegue demonstrar o que fez, como evoluiu nem por que tomou determinadas decisâ”œأپes. Cada gestâ”œأ؛o comeâ”œآ؛a do zero, sem acesso ao histâ”œâ”‚rico das anteriores. A rastreabilidade das evoluâ”œآ؛â”œأپes doutrinâ”œأ­rias â”œآ® inexistente.	2026-02-21 12:05:31.311365+00
56	19	2	2. Produâ”œآ؛â”œأ؛o cientâ”œآ،fica sem preservaâ”œآ؛â”œأ؛o: O CEPEDEC produz pesquisas, o ICTDEC sistematiza conhecimento, os â”œâ”‚rgâ”œأ؛os geram relatâ”œâ”‚rios. Sem acervo organizado, esses produtos se dispersam em pastas pessoais, e-mails e pen drives أ”أ‡أ¶ vulnerâ”œأ­veis a perda, duplicaâ”œآ؛â”œأ؛o e obsolescâ”œآ¬ncia. O investimento em produâ”œآ؛â”œأ؛o de conhecimento se perde.	2026-02-21 12:05:31.311365+00
57	19	3	3. Vulnerabilidade institucional: Uma instituiâ”œآ؛â”œأ؛o que nâ”œأ؛o documenta suas aâ”œآ؛â”œأپes fica exposta a questionâ”œأ­mentos sem capacidade de resposta. A memâ”œâ”‚ria tâ”œآ®cnica organizada â”œآ® blindagem: comprova o que foi feito, por quem, quando e com qual fundamentaâ”œآ؛â”œأ؛o.	2026-02-21 12:05:31.311365+00
58	20	1	1. Soluâ”œآ؛â”œأپes congeladas no tempo: Produtos, processos e serviâ”œآ؛os permanecem como foram criados, sem incorporar melhorias disponâ”œآ،veis. A Secretaria opera com ferramentas que poderiam ser atualizadas, mas nâ”œأ؛o tem mecanismo para identificar e aplicar essas atualizaâ”œآ؛â”œأپes de forma sistemâ”œأ­tica.	2026-02-21 12:05:31.311365+00
59	20	2	2. Conhecimento produzido sem aplicaâ”œآ؛â”œأ؛o: As aâ”œآ؛â”œأپes de PD&I e de sistematizaâ”œآ؛â”œأ؛o de conhecimento geram produtos valiosos, mas sem um mecanismo de transferâ”œآ¬ncia para a operaâ”œآ؛â”œأ؛o, esse conhecimento nâ”œأ؛o se traduz em melhoria concreta. A Secretaria investe em pesquisa e nâ”œأ؛o colhe os frutos.	2026-02-21 12:05:31.311365+00
60	20	3	3. Substituiâ”œآ؛â”œأ؛o total como â”œâ•‘nica via de mudanâ”œآ؛a: Sem cultura de melhoria incremental, a â”œâ•‘nica forma percebida de mudar â”œآ® substituir tudo. Isso eleva custos, gera resistâ”œآ¬ncia e paralisa a inovaâ”œآ؛â”œأ؛o. A melhoria incremental â”œآ® mais â”œأ­gil, menos custosa e menos disruptiva.	2026-02-21 12:05:31.311365+00
61	21	1	1. Dados dispersos e inacessâ”œآ،veis: A informaâ”œآ؛â”œأ؛o produzida pela Secretaria estâ”œأ­ espalhada em sistemas, pastas pessoais, e-mails e pen drives. Sem mapeamento, nâ”œأ؛o se sabe o que existe, onde estâ”œأ­ nem quem â”œآ® responsâ”œأ­vel. A mesma informaâ”œآ؛â”œأ؛o â”œآ® produzida em duplicidade por setores diferentes, enquanto outras informaâ”œآ؛â”œأپes crâ”œآ،ticas nâ”œأ؛o sâ”œأ؛o produzidas por ninguâ”œآ®m.	2026-02-21 12:05:31.311365+00
62	21	2	2. Decisâ”œأپes com informaâ”œآ؛â”œأ؛o incompleta: Gestores tomam decisâ”œأپes sem acesso â”œأ، informaâ”œآ؛â”œأ؛o disponâ”œآ،vel porque nâ”œأ؛o hâ”œأ­ fluxo de disseminaâ”œآ؛â”œأ؛o definido. A informaâ”œآ؛â”œأ؛o existe, mas nâ”œأ؛o chega a quem precisa dela. O resultado â”œآ® أ”أ‡آ£achismoأ”أ‡أک em lugar de decisâ”œأ؛o fundamentada.	2026-02-21 12:05:31.311365+00
63	21	3	3. Memâ”œâ”‚ria tâ”œآ®cnica sem base informacional: As aâ”œآ؛â”œأپes de preservaâ”œآ؛â”œأ؛o documental (AE 6.3.3) e de construâ”œآ؛â”œأ؛o de repositâ”œâ”‚rios (AE 6.5.2) dependem de saber o que existe e onde estâ”œأ­. Sem o mapeamento do ciclo, essas aâ”œآ؛â”œأپes operam no escuro.	2026-02-21 12:05:31.311365+00
64	22	1	1. Invisibilidade legislativa: A agenda de Gestâ”œأ؛o de Riscos e Desastres nâ”œأ؛o â”œآ® protagonista nas discussâ”œأپes orâ”œآ؛amentâ”œأ­rias e normativas. Sem presenâ”œآ؛a ativa no Legislativo, a Defesa Civil compete por recursos em desigualdade com agendas politicamente mais visâ”œآ،veis. Emendas orâ”œآ؛amentâ”œأ­rias e proposiâ”œآ؛â”œأپes legislativas favorâ”œأ­veis dependem de oportunismo, nâ”œأ؛o de estratâ”œآ®gia.	2026-02-21 12:05:31.311365+00
65	22	2	2. Vulnerabilidade normativa: Projetos de lei que impactam a Defesa Civil أ”أ‡أ¶ cortes orâ”œآ؛amentâ”œأ­rios, alteraâ”œآ؛â”œأپes de competâ”œآ¬ncia, regulamentaâ”œآ؛â”œأپes inadequadas أ”أ‡أ¶ tramitam sem que a Secretaria tenha voz qualificada para reagir. A ausâ”œآ¬ncia de assessoria parlamentar tâ”œآ®cnica deixa a pasta exposta a decisâ”œأپes legislativas tomadas sem compreensâ”œأ؛o da especificidade da GRD.	2026-02-21 12:05:31.311365+00
66	22	3	3. Articulaâ”œآ؛â”œأ؛o dependente de pessoas: Quando a atuaâ”œآ؛â”œأ؛o parlamentar ocorre, tende a ser reativa e baseada em relaâ”œآ؛â”œأپes pessoais, nâ”œأ؛o em argumentaâ”œآ؛â”œأ؛o tâ”œآ®cnica institucional. A eficâ”œأ­cia da articulaâ”œآ؛â”œأ؛o depende de quem a conduz, nâ”œأ؛o da qualidade do argumento nem do alinhamento estratâ”œآ®gico. A saâ”œآ،da de uma pessoa pode desmontar toda a articulaâ”œآ؛â”œأ؛o.	2026-02-21 12:05:31.311365+00
67	23	1	1. Inversâ”œأ؛o de competâ”œآ¬ncias com custo crescente: O Estado mantâ”œآ®m sistemas de alarme por sirenes que sâ”œأ؛o competâ”œآ¬ncia municipal (Art. 8â”¬â•‘, V-B da Lei 12.608/2012). Cada ano de manutenâ”œآ؛â”œأ؛o estadual aprofunda o comprometimento orâ”œآ؛amentâ”œأ­rio da SEDEC, reduzindo a capacidade de investimento nas competâ”œآ¬ncias que sâ”œأ؛o efetivamente do Estado: monitoramento meteorolâ”œâ”‚gico, hidrolâ”œâ”‚gico e geolâ”œâ”‚gico, emissâ”œأ؛o de alertas e cobertura tecnolâ”œâ”‚gica. A perda de capacidade orâ”œآ؛amentâ”œأ­ria nâ”œأ؛o â”œآ® hipotâ”œآ®tica أ”أ‡أ¶ jâ”œأ­ â”œآ® realidade: o CEMADEN-RJ tem carâ”œآ¬ncia de investimento em instrumentos e tecnologias de monitoramento precisamente porque os recursos foram direcionados ao sistema de sirenes municipal.	2026-02-21 12:05:31.311365+00
68	23	2	2. Dependâ”œآ¬ncia municipal institucionalizada: Os municâ”œآ،pios que receberam sistemas implantados pelo Estado nâ”œأ؛o desenvolveram capacidade tâ”œآ®cnica para operâ”œأ­-los, nâ”œأ؛o elaboraram ETP e TR para contrataâ”œآ؛â”œأ؛o de manutenâ”œآ؛â”œأ؛o e nâ”œأ؛o ajustaram seus orâ”œآ؛amentos para absorver essa despesa. A dependâ”œآ¬ncia nâ”œأ؛o â”œآ® acidental أ”أ‡أ¶ â”œآ® o resultado previsâ”œآ،vel de um modelo que implanta sem transferir capacidade. Quando o Estado reduz o suporte, os sistemas se degradam e a populaâ”œآ؛â”œأ؛o fica desprotegida.	2026-02-21 12:05:31.311365+00
69	23	3	3. Exposiâ”œآ؛â”œأ؛o a questionamentos dos â”œâ”‚rgâ”œأ؛os de controle: A SEDEC gasta recursos orâ”œآ؛amentâ”œأ­rios em competâ”œآ¬ncia que nâ”œأ؛o â”œآ® sua. Essa situaâ”œآ؛â”œأ؛o configura risco de questionamento por â”œâ”‚rgâ”œأ؛os de controle externo (TCE, MP) أ”أ‡أ¶ tanto pela execuâ”œآ؛â”œأ؛o de despesa fora de competâ”œآ¬ncia quanto pela possâ”œآ،vel omissâ”œأ؛o nas competâ”œآ¬ncias prâ”œâ”‚prias. A nâ”œأ؛o-decisâ”œأ؛o nâ”œأ؛o elimina o risco أ”أ‡أ¶ apenas atrasa o questionamento e agrava suas consequâ”œآ¬ncias.	2026-02-21 12:05:31.311365+00
70	23	4	4. Comunidades sem preparaâ”œآ؛â”œأ؛o: Mesmo onde os sistemas existem, a populaâ”œآ؛â”œأ؛o muitas vezes nâ”œأ؛o sabe o que os sinais significam nem como reagir. Sistemas de alarme sem conscientizaâ”œآ؛â”œأ؛o comunitâ”œأ­ria e sem simulados regulares sâ”œأ؛o infraestrutura ociosa أ”أ‡أ¶ e a responsabilidade por qualquer falha de resposta recai sobre o Estado. Nota sobre Posicionamento Institucional e Risco de Omissâ”œأ؛o	2026-02-21 12:05:31.311365+00
71	24	1	1. Municâ”œآ،pios sem capacidade tâ”œآ®cnica: A maioria dos municâ”œآ،pios fluminenses nâ”œأ؛o dispâ”œأپe de corpo tâ”œآ®cnico qualificado para conduzir mapeamentos de risco, elaborar planos de prevenâ”œآ؛â”œأ؛o ou especificar medidas estruturais. Sem suporte estadual, as aâ”œآ؛â”œأپes de prevenâ”œآ؛â”œأ؛o e mitigaâ”œآ؛â”œأ؛o simplesmente nâ”œأ؛o acontecem.	2026-02-21 12:05:31.311365+00
72	24	2	2. Cooperaâ”œآ؛â”œأ؛o fragmentada: Quando o Estado atua, tende a fazâ”œآ¬-lo de forma setorial e descoordenada: o CEMADEN-RJ emite alertas, a Coordenadoria de Engenharia opina sobre obras, a ESDEC capacita, a DGAC conscientiza أ”أ‡أ¶ cada um no seu tempo, sem integraâ”œآ؛â”œأ؛o. O municâ”œآ،pio recebe aâ”œآ؛â”œأپes avulsas que nâ”œأ؛o se somam num regime coerente de prevenâ”œآ؛â”œأ؛o.	2026-02-21 12:05:31.311365+00
73	24	3	3. Aâ”œآ؛â”œأپes reativas, nâ”œأ؛o preventivas: A cultura institucional privilegia a resposta a desastres sobre a prevenâ”œآ؛â”œأ؛o. Os municâ”œآ،pios buscam o Estado apâ”œâ”‚s o desastre, nâ”œأ؛o antes. A cooperaâ”œآ؛â”œأ؛o preventiva exige mudanâ”œآ؛a de postura: antecipar-se ao evento, nâ”œأ؛o reagir a ele.	2026-02-21 12:05:31.311365+00
74	25	1	1. Conhecimento preso em pessoas: A Secretaria depende da memâ”œâ”‚ria e da experiâ”œآ¬ncia de indivâ”œآ،duos para executar suas aâ”œآ؛â”œأپes de preparaâ”œآ؛â”œأ؛o e resposta. Quando essas pessoas sâ”œأ؛o transferidas, promovidas ou se aposentam, o conhecimento nâ”œأ؛o permanece na instituiâ”œآ؛â”œأ؛o. A rotatividade أ”أ‡أ¶ particularmente alta nas REDECs أ”أ‡أ¶ amplifica esse efeito, gerando perda recorrente de capacidade operacional.	2026-02-21 12:05:31.311365+00
75	25	2	2. Padronizaâ”œآ؛â”œأ؛o inexistente: Sem manuais e POPs, cada equipe opera conforme sua prâ”œâ”‚pria interpretaâ”œآ؛â”œأ؛o. A mesma situaâ”œآ؛â”œأ؛o â”œآ® tratada de formas diferentes por equipes diferentes. Isso gera inconsistâ”œآ¬ncia na resposta, dificulta a coordenaâ”œآ؛â”œأ؛o e impâ”œأپe risco â”œأ، populaâ”œآ؛â”œأ؛o atendida.	2026-02-21 12:05:31.311365+00
76	25	3	3. Capacitaâ”œآ؛â”œأ؛o sem base doutrinâ”œأ­ria: A ESDEC forma agentes sem ter manuais de referâ”œآ¬ncia consolidados. O conteâ”œâ•‘do da capacitaâ”œآ؛â”œأ؛o depende de quem ministra, nâ”œأ؛o de uma doutrina institucional. Isso reproduz, na formaâ”œآ؛â”œأ؛o, o mesmo personalismo que afeta a operaâ”œآ؛â”œأ؛o.	2026-02-21 12:05:31.311365+00
77	26	1	1. Preparaâ”œآ؛â”œأ؛o insuficiente: A maioria dos municâ”œآ،pios fluminenses nâ”œأ؛o dispâ”œأپe de planos de contingâ”œآ¬ncia atualizados, nâ”œأ؛o realiza exercâ”œآ،cios simulados regulares e nâ”œأ؛o tem agentes capacitados para coordenar a resposta a desastres. Quando o evento ocorre, a resposta local â”œآ® improvisada e a demanda por suporte estadual chega sem planejamento prâ”œآ®vio.	2026-02-21 12:05:31.311365+00
78	26	2	2. Resposta desarticulada: A mobilizaâ”œآ؛â”œأ؛o do suporte estadual em situaâ”œآ؛â”œأ؛o de crise envolve mâ”œâ•‘ltiplos â”œâ”‚rgâ”œأ؛os (DGDEC, CESTAD, CEMADEN-RJ, GRAC, REDECs). Sem coordenaâ”œآ؛â”œأ؛o prâ”œآ®via e protocolos definidos, a atuaâ”œآ؛â”œأ؛o â”œآ® fragmentada: cada â”œâ”‚rgâ”œأ؛o atua no seu tempo, com seus fluxos, gerando sobreposiâ”œآ؛â”œأ؛o de esforâ”œآ؛os em alguns pontos e lacunas em outros.	2026-02-21 12:05:31.311365+00
79	26	3	3. Dependâ”œآ¬ncia crâ”œâ”¤nica do Estado: Municâ”œآ،pios que nâ”œأ؛o investem em preparaâ”œآ؛â”œأ؛o tornam-se cronicamente dependentes do suporte estadual durante desastres. Isso sobrecarrega os recursos do Estado e reduz a capacidade de atendimento simultâ”œأ³neo a mâ”œâ•‘ltiplos municâ”œآ،pios afetados.	2026-02-21 12:05:31.311365+00
80	27	1	1. Ausâ”œآ¬ncia de fluxo normatizado: Nâ”œأ؛o hâ”œأ­ procedimento padronizado para que os municâ”œآ،pios solicitem apoio â”œأ، recuperaâ”œآ؛â”œأ؛o e para que a SEDEC receba, avalie e encaminhe essas demandas. As solicitaâ”œآ؛â”œأپes chegam por canais informais, sem documentaâ”œآ؛â”œأ؛o tâ”œآ®cnica adequada e sem critâ”œآ®rios de priorizaâ”œآ؛â”œأ؛o.	2026-02-21 12:05:31.311365+00
81	27	2	2. Priorizaâ”œآ؛â”œأ؛o polâ”œآ،tica em vez de tâ”œآ®cnica: Sem avaliaâ”œآ؛â”œأپes de danos auditâ”œأ­veis e critâ”œآ®rios tâ”œآ®cnicos definidos, a priorizaâ”œآ؛â”œأ؛o das demandas de recuperaâ”œآ؛â”œأ؛o tende a ser polâ”œآ،tica. Municâ”œآ،pios com maior articulaâ”œآ؛â”œأ؛o polâ”œآ،tica recebem atenâ”œآ؛â”œأ؛o antes de municâ”œآ،pios com maior necessidade tâ”œآ®cnica. Isso compromete a efetividade dos recursos do Estado e gera questionamentos dos â”œâ”‚rgâ”œأ؛os de controle.	2026-02-21 12:05:31.311365+00
82	27	3	3. Desconexâ”œأ؛o entre SEDEC e â”œâ”‚rgâ”œأ؛os executores: A SEDEC identifica a necessidade de recuperaâ”œآ؛â”œأ؛o, mas nâ”œأ؛o tem fluxo estabelecido para acionar os â”œâ”‚rgâ”œأ؛os estaduais que executam as obras e intervenâ”œآ؛â”œأپes. Sem o GRAC como instâ”œأ³ncia articuladora, a comunicaâ”œآ؛â”œأ؛o com os â”œâ”‚rgâ”œأ؛os setoriais â”œآ® ad hoc e depende de relaâ”œآ؛â”œأپes pessoais.	2026-02-21 12:05:31.311365+00
83	28	1	1. Reproduâ”œآ؛â”œأ؛o de vulnerabilidades: Os â”œâ”‚rgâ”œأ؛os estaduais que executam a recuperaâ”œآ؛â”œأ؛o tendem a reconstruir a infraestrutura no mesmo padrâ”œأ؛o anterior ao desastre, sem incorporar medidas de reduâ”œآ؛â”œأ؛o de risco. O resultado â”œآ® que a prâ”œâ”‚xima ocorrâ”œآ¬ncia produzirâ”œأ­ os mesmos danos, gerando um ciclo de reconstruâ”œآ؛â”œأ؛o sem ganho de resiliâ”œآ¬ncia.	2026-02-21 12:05:31.311365+00
84	28	2	2. Desperdâ”œآ،cio de recursos pâ”œâ•‘blicos: Reconstruir sem resiliâ”œآ¬ncia â”œآ® reconstruir para destruir de novo. Os investimentos pâ”œâ•‘blicos em recuperaâ”œآ؛â”œأ؛o perdem efetividade quando nâ”œأ؛o incorporam princâ”œآ،pios de reduâ”œآ؛â”œأ؛o de risco, gerando despesa recorrente com as mesmas infraestruturas.	2026-02-21 12:05:31.311365+00
85	28	3	3. Desconexâ”œأ؛o entre Defesa Civil e â”œâ”‚rgâ”œأ؛os executores: A SEDEC identifica as vulnerabilidades e conhece os riscos, mas nâ”œأ؛o tem canal estabelecido para influenciar tecnicamente os projetos de recuperaâ”œآ؛â”œأ؛o executados por outros â”œâ”‚rgâ”œأ؛os. O conhecimento acumulado pela Defesa Civil sobre os riscos do territâ”œâ”‚rio nâ”œأ؛o chega a quem decide sobre a reconstruâ”œآ؛â”œأ؛o.	2026-02-21 12:05:31.311365+00
86	29	1	1. RRD como tema setorial: A reduâ”œآ؛â”œأ؛o de riscos de desastres â”œآ® tratada como tema exclusivo da Defesa Civil, sem integraâ”œآ؛â”œأ؛o â”œأ،s polâ”œآ،ticas de ordenamento territorial, saâ”œâ•‘de, educaâ”œآ؛â”œأ؛o, meio ambiente e infraestrutura. Os â”œâ”‚rgâ”œأ؛os que efetivamente produzem ou reproduzem riscos nâ”œأ؛o incorporam a RRD em suas agendas.	2026-02-21 12:05:31.311365+00
87	29	2	2. Ausâ”œآ¬ncia de instâ”œأ³ncias de diâ”œأ­logo: Nâ”œأ؛o hâ”œأ­ espaâ”œآ؛os estruturados para que a SEDEC dialogue com os demais â”œâ”‚rgâ”œأ؛os estaduais sobre integraâ”œآ؛â”œأ؛o de polâ”œآ،ticas pâ”œâ•‘blicas. A interlocuâ”œآ؛â”œأ؛o depende de relaâ”œآ؛â”œأپes pessoais e de demandas pontuais, sem continuidade nem institucionalidade.	2026-02-21 12:05:31.311365+00
88	29	3	3. Polâ”œآ،ticas municipais desconectadas: Os municâ”œآ،pios produzem polâ”œآ،ticas locais sem orientaâ”œآ؛â”œأ؛o sobre como integrar a RRD de forma transversal. Sem discussâ”œأ؛o qualificada e metodologias de referâ”œآ¬ncia, as polâ”œآ،ticas municipais tratam a reduâ”œآ؛â”œأ؛o de riscos como tema acessâ”œâ”‚rio.	2026-02-21 12:05:31.311365+00
89	30	1	1. Vulnerabilidade orâ”œآ؛amentâ”œأ­ria: Quando o Estado contingencia recursos, a Defesa Civil perde capacidade de investimento sem alternativas. Projetos estruturantes ficam restritos â”œأ، disponibilidade de caixa, nâ”œأ؛o â”œأ، necessidade real.	2026-02-21 12:05:31.311365+00
90	30	2	2. Oportunidades perdidas: Editais de â”œâ”‚rgâ”œأ؛os como FAPERJ, CNPq, FINEP e organismos internacionais abrem janelas de financiamento que exigem capacidade tâ”œآ®cnica de resposta râ”œأ­pida. Sem metodologia de monitoramento e sem banco de projetos, a Secretaria sequer toma conhecimento dessas oportunidades a tempo.	2026-02-21 12:05:31.311365+00
91	30	3	3. Ciclo de invisibilidade: Sem diversificar receitas, a Defesa Civil nâ”œأ؛o gera evidâ”œآ¬ncias de capacidade institucional, o que reduz sua credibilidade perante financiadores أ”أ‡أ¶ retroalimentando a dependâ”œآ¬ncia do Tesouro.	2026-02-21 12:05:31.311365+00
92	30	4	4. O Fundo como ponto de inflexâ”œأ؛o: O Fundo Estadual de Proteâ”œآ؛â”œأ؛o e Defesa Civil, quando operacionalizado, representarâ”œأ­ a maior oportunidade de financiamento da histâ”œâ”‚ria da Defesa Civil Estadual. Porâ”œآ®m, absorver e gerir um fundo dessa natureza أ”أ‡أ¶ com repasses fundo a fundo para municâ”œآ،pios, controle de execuâ”œآ؛â”œأ؛o e prestaâ”œآ؛â”œأ؛o de contas em escala أ”أ‡أ¶ exige um nâ”œآ،vel de maturidade institucional que sâ”œâ”‚ serâ”œأ­ alcanâ”œآ؛ado se comeâ”œآ؛armos a construir agora. Chegar â”œأ، operacionalizaâ”œآ؛â”œأ؛o do Fundo sem a infraestrutura de gestâ”œأ؛o pronta significaria desperdiâ”œآ؛ar essa oportunidade e, pior, expor a Secretaria a riscos jurâ”œآ،dicos e de imagem.	2026-02-21 12:05:31.311365+00
\.


--
-- Data for Name: observacoes; Type: TABLE DATA; Schema: public; Owner: postgres
--

COPY public.observacoes (id, acao_estrategica_id, bloco, conteudo, autor_id, autor_nome, autor_setor, status, resposta_admin, respondido_por, respondido_em, created_at, updated_at) FROM stdin;
3	30	panoramico	Incluir a Rede Salvar, uma vez que atua diretamente no territâ”œâ”‚rio e em conjunto â”œأ،s polâ”œآ،ticas pâ”œâ•‘blicas intersetoriais.	113e7c05-7496-4c7e-b090-a599abc8c568	Aline Possa Silva Anjos	Rede Salvar	indeferida	Preciso que vocâ”œآ¬ descreva como vocâ”œآ¬ enxerga essa participaâ”œآ؛â”œأ؛o. Estamos â”œأ، disposiâ”œآ؛â”œأ؛o no ICTDEC para discutir o assunto.	d517f36c-2a4a-41c4-85e1-3db59c7ca101	2026-03-06 17:12:01.796+00	2026-02-24 14:21:50.233305+00	2026-03-06 17:12:02.270109+00
4	1	panoramico	Incluir Rede Salvar, uma vez que atua tambâ”œآ®m na prevenâ”œآ؛â”œأ؛o de riscos e desastres nos territâ”œâ”‚rios.	113e7c05-7496-4c7e-b090-a599abc8c568	Aline Possa Silva Anjos	Rede Salvar	indeferida	Nâ”œأ؛o entendi como que a Rede Salvar pode atuar. Quando puder, passa no ICTDEC para explicar melhor isso para que seja possâ”œآ،vel inserir nessa aâ”œآ؛â”œأ؛o.	d517f36c-2a4a-41c4-85e1-3db59c7ca101	2026-03-06 17:10:19.455+00	2026-02-24 14:23:31.460867+00	2026-03-06 17:10:20.131028+00
5	8	panoramico	Nâ”œأ؛o sei se compete incluir a Rede Salvar, uma vez que temos um Termo de Cooperaâ”œآ؛â”œأ؛o Tâ”œآ®cnica com as agâ”œآ¬ncias em andamento para formalizaâ”œآ؛â”œأ؛o â”œآ® isso inclui a gestâ”œأ؛o documental dos processos das organizaâ”œآ؛â”œأپes da sociedade civil.	113e7c05-7496-4c7e-b090-a599abc8c568	Aline Possa Silva Anjos	Rede Salvar	absorvida	A gestâ”œأ؛o de processos â”œأ، qual a aâ”œآ؛â”œأ؛o estratâ”œآ®gica se refere trata do mapeamento de atividades dentro do prâ”œâ”‚prio setor. Isso serâ”œأ­ desenvolvido em oficina com cada setor, no â”œأ³mbito do Programa SEDEC 360. Nâ”œأ؛o hâ”œأ­ relaâ”œآ؛â”œأ؛o com 	d517f36c-2a4a-41c4-85e1-3db59c7ca101	2026-03-06 16:32:24.865+00	2026-02-24 14:25:30.628737+00	2026-03-06 16:32:25.304061+00
7	12	panoramico	Reaver atual sistema de cadastro e manutenâ”œآ؛â”œأ؛o de dados da Rede Salvar, a fim de que seja funcional e prâ”œأ­tico aos integrantes da Rede.	113e7c05-7496-4c7e-b090-a599abc8c568	Aline Possa Silva Anjos	Rede Salvar	absorvida	Esse â”œآ® um projeto que pode ser tocado no â”œأ³mbito dos Planos Setoriais. Haverâ”œأ­ uma oficina para captaâ”œآ؛â”œأ؛o desses projetos. Serâ”œأ؛o publicadas as datas de cada setor em breve.	d517f36c-2a4a-41c4-85e1-3db59c7ca101	2026-03-06 16:29:47.427+00	2026-02-24 14:32:56.295195+00	2026-03-06 16:29:47.887182+00
1	3	descricao	asas	b0b5050c-6c87-4ee5-b7d9-215defb80465	Karl	Superintendâ”œآ¬ncia Operacional	indeferida	\N	d517f36c-2a4a-41c4-85e1-3db59c7ca101	2026-03-06 15:22:36.123+00	2026-02-21 14:26:29.86749+00	2026-03-06 15:22:36.529119+00
18	18	destaque	Muito importante dar retorno aos municâ”œآ،pios e mostrar, efetivamente, que trabalhamos os dados coletados em favor deles e de suas demandas.	afb3add1-c29a-4007-b0c2-9ee90c579b9b	carla da silva prado cecchi de azevedo	Regionais de Defesa Civil	absorvida	Creio que a ideia jâ”œأ­ estâ”œأ­ abarcada na seâ”œآ؛â”œأ؛o 'Risco a Evitar':\n"Chamadas sem devolutiva. Se os municâ”œآ،pios contribuem com relatos e experiâ”œآ¬ncias mas nunca recebem retorno أ”أ‡أ¶ nem sobre o uso do material, nem sobre o conhecimento consolidado أ”أ‡أ¶, a adesâ”œأ؛o se esvazia rapidamente. O ciclo sâ”œâ”‚ se sustenta se houver devoluâ”œآ؛â”œأ؛o visâ”œآ،vel de valor."	d517f36c-2a4a-41c4-85e1-3db59c7ca101	2026-03-06 15:44:54.658+00	2026-02-26 13:36:47.511501+00	2026-03-06 15:44:55.716868+00
17	15	panoramico	Redecs serâ”œأ؛o fonte de demanda, podendo fazer "pesquisa de campo" nos municâ”œآ،pios, avaliando as lacunas tâ”œآ®cnicas que a sedec poderia "suprir", em certa medida, com os estudantes(quadro tâ”œآ®cnico), ainda que sazonalmente e, principalmente, no mapeamento/diagnose das â”œأ­reas de risco.	afb3add1-c29a-4007-b0c2-9ee90c579b9b	carla da silva prado cecchi de azevedo	Regionais de Defesa Civil	absorvida	Como, em tese, todos os â”œâ”‚rgâ”œأ؛os da SEDEC podem trazer demandas do tipo que contribuam para essa aâ”œآ؛â”œأ؛o estratâ”œآ®gica, optamos por concentrar essa atribuiâ”œآ؛â”œأ؛o no setor consolidado "â”œأ´rgâ”œأ؛os Subordinados". Nâ”œأ؛o obstante, reforcei a aâ”œآ؛â”œأ؛o especâ”œآ،fica das REDECs do quadro panorâ”œأ³mico e coloquei uma chave de filtro separada para as REDECs, de forma a facilitar quando for feito o usuâ”œأ­rio filtrar no Quadro de Aâ”œآ؛â”œأپes Prioritâ”œأ­rias.	d517f36c-2a4a-41c4-85e1-3db59c7ca101	2026-03-06 15:53:56.866+00	2026-02-26 13:30:16.200509+00	2026-03-06 15:53:57.596366+00
16	10	destaque	Sugiro incluir o fomento â”œأ، capacitaâ”œآ؛â”œأ؛o nos programas da plataforma Escola Virtual de Governo. Sâ”œأ؛o programas de excelâ”œآ¬ncia, de fâ”œأ­cil acesso e râ”œأ­pida inicializaâ”œآ؛â”œأ؛o.	afb3add1-c29a-4007-b0c2-9ee90c579b9b	carla da silva prado cecchi de azevedo	Regionais de Defesa Civil	absorvida	Essa iniciativa pode ser absorvida o â”œأ³mbito dos projetos da SEDEC quando estivermos elabirando os planos setoriais. Acontecerâ”œأ­ em breve e serâ”œأ­ interessante que vocâ”œآ¬ traga a ideia desenvolvida para ser absorvida nos projetos de 2026. A ideia serve nâ”œأ؛o sâ”œâ”‚ para a corporaâ”œآ؛â”œأ؛o, como para incentivo aos municâ”œآ،pios (neste caso, em outra aâ”œآ؛â”œأ؛o estratâ”œآ®gica). Nâ”œأ؛o deixe de lembrar disso na oficina que a REDEC irâ”œأ­ participar.	d517f36c-2a4a-41c4-85e1-3db59c7ca101	2026-03-06 16:00:50.243+00	2026-02-26 13:19:57.605627+00	2026-03-06 16:00:50.863064+00
15	1	destaque	Excelente fluxo colaborativo para desenvolvimento prâ”œأ­tico da proposta.	afb3add1-c29a-4007-b0c2-9ee90c579b9b	carla da silva prado cecchi de azevedo	Regionais de Defesa Civil	absorvida	â”œأ« uma boa base para desenvolvimento das ideias que podemos tocar ainda nesse ano nas oficinas de planos setoriais.	d517f36c-2a4a-41c4-85e1-3db59c7ca101	2026-03-06 16:02:22.377+00	2026-02-26 11:11:55.440338+00	2026-03-06 16:02:22.926288+00
14	1	ancoragem	Acreditamos q as redecs podem colaborar em conjuntos com â”œâ”‚rgâ”œأ؛os apoiadores, mais precisamente na coleta de informaâ”œآ؛â”œأ؛o. Mas nâ”œأ؛o possuem capacidade tâ”œآ®cnica/operacional de, sozinhos, desenvolverem modelos.	afb3add1-c29a-4007-b0c2-9ee90c579b9b	carla da silva prado cecchi de azevedo	Regionais de Defesa Civil	absorvida	Esse papel estâ”œأ­ mais direcionado â”œأ، DGAC e â”œâ”‚rgâ”œأ؛os de pesquisa e ensino. A REDEC tem mais o papel de apoio, facilitaâ”œآ؛â”œأ؛o e articulaâ”œآ؛â”œأ؛o nos municâ”œآ،pios. Jâ”œأ­ estâ”œأ­ previsto dessa forma na aâ”œآ؛â”œأ؛o.	d517f36c-2a4a-41c4-85e1-3db59c7ca101	2026-03-06 16:05:08.644+00	2026-02-26 11:10:49.203563+00	2026-03-06 16:05:09.076034+00
13	1	descricao	Aplicâ”œأ­vel â”œأ، redec.	afb3add1-c29a-4007-b0c2-9ee90c579b9b	carla da silva prado cecchi de azevedo	Regionais de Defesa Civil	absorvida	Jâ”œأ­ hâ”œأ­ papel especâ”œآ،fico para a REDEC na aâ”œآ؛â”œأ؛o. Veja as fichas detalhadas.	d517f36c-2a4a-41c4-85e1-3db59c7ca101	2026-03-06 16:06:56.372+00	2026-02-26 11:07:33.371648+00	2026-03-06 16:06:56.8035+00
12	2	descricao	Nâ”œأ؛o se aplica â”œأ،s demandas da redec, segundo nossa visâ”œأ؛o. Entendemos que seria tal como dispersâ”œأ؛o de foco abarcar esta atribuiâ”œآ؛â”œأ؛o estratâ”œآ®gica.	afb3add1-c29a-4007-b0c2-9ee90c579b9b	carla da silva prado cecchi de azevedo	Regionais de Defesa Civil	absorvida	As REDECs estâ”œأ؛o envolvidas de forma conjunta na cateegoria "â”œأ´rgaos Finalâ”œآ،sticos". Esses â”œâ”‚rgâ”œأ؛os estâ”œأ؛o ali apenas porque serâ”œأ؛o, em muitos casos, os destinatâ”œأ­rios do recurso captado. Eles que elaborarâ”œأ؛o os planos de trabalho, conforme demandas percebidas em sua rotina ou em aâ”œآ؛â”œأپes especâ”œآ،ficas. Portanto, aparecem apenas com as atribuiâ”œآ؛â”œأپes tâ”œآ،picas de usuâ”œأ­rio do recurso. A parte de captaâ”œآ؛â”œأ؛o e articulaâ”œآ؛â”œأ؛o polâ”œآ،tica fica a cargo de outros â”œâ”‚rgâ”œأ؛os. A aâ”œآ؛â”œأ؛o ja estâ”œأ­ desenhada dessa forma. Qualquer dâ”œâ•‘vida, pode entrar em contato com o ICTDEC.	d517f36c-2a4a-41c4-85e1-3db59c7ca101	2026-03-06 16:15:17.913+00	2026-02-26 11:06:02.74349+00	2026-03-06 16:15:18.554458+00
9	20	panoramico	Incluir a Rede Salvar, reunindo todo o histâ”œâ”‚rico, a trajetâ”œâ”‚ria de atuaâ”œآ؛â”œأ؛o e de inserâ”œآ؛â”œأ؛o da Rede de Voluntâ”œأ­rios em Defesa Civil Estadual.	113e7c05-7496-4c7e-b090-a599abc8c568	Aline Possa Silva Anjos	Rede Salvar	absorvida	Todos os â”œâ”‚rgâ”œأ؛os participam como provedores de insumo para construâ”œآ؛â”œأ؛o desse repositâ”œâ”‚rio. No quadro 'Fichas Detalhadas' existe um quadro para 'â”œأ´rgâ”œأ؛os subordinados' que abarca todos os â”œâ”‚rgâ”œأ؛os da estrutura da SUBSEGOP. De qualquer forma, foi colocado um relacionamento explâ”œآ،cito da Rede Salvar com essa aâ”œآ؛â”œأ؛o, facilitando a filtragem da aâ”œآ؛â”œأ؛o quando se seleciona o â”œâ”‚rgâ”œأ؛o "Rede Salvar" no quadro de aâ”œآ؛â”œأپes estratâ”œآ®gicas prioritâ”œأ­rias.	d517f36c-2a4a-41c4-85e1-3db59c7ca101	2026-03-06 16:23:19.464+00	2026-02-24 14:36:08.262436+00	2026-03-06 16:23:19.929389+00
31	27	fichas	Incluir o CESTGEN considerando que possui a missâ”œأ؛o de implementar o Plano de emergâ”œآ¬ncia externo (PEE/RJ); prestar assessoria para decisâ”œأ؛o do Governo Estadual, na ocorrâ”œآ¬ncia de uma situaâ”œآ؛â”œأ؛o de emergâ”œآ¬ncia; coordenar o apoio dos â”œâ”‚rgâ”œأ؛os pâ”œâ•‘blicos e privados sediados em sua â”œأ­rea de influâ”œآ¬ncia para complementar as aâ”œآ؛â”œأپes empreendidas e os meios utilizados na resposta a uma situaâ”œآ؛â”œأ؛o de emergâ”œآ¬ncia nuclear.	dfee39fc-f3af-451d-aaca-c163c06ac3d4	Giovanni Mouta Giglio	â”œأ´rgâ”œأ؛os Subordinados (Direâ”œآ؛â”œأپes, Coordenaâ”œآ؛â”œأپes, REDECs e demais setores)	absorvida	Absorvido como ator relacionado a temas com ligaâ”œآ؛â”œأ؛o direta ou indireta com emergâ”œآ¬ncias de energia nuclear.	d517f36c-2a4a-41c4-85e1-3db59c7ca101	2026-03-06 14:26:28.466+00	2026-03-05 21:30:49.840927+00	2026-03-06 14:26:28.858608+00
30	27	destaque	O CESTGEN possui seu GRAC especâ”œآ،fico em caso de emergâ”œآ¬ncia de natureza nuclear.	dfee39fc-f3af-451d-aaca-c163c06ac3d4	Giovanni Mouta Giglio	â”œأ´rgâ”œأ؛os Subordinados (Direâ”œآ؛â”œأپes, Coordenaâ”œآ؛â”œأپes, REDECs e demais setores)	absorvida	Absorvida sugestâ”œأ؛o integralmente no Destaque Estratâ”œآ®gico.	d517f36c-2a4a-41c4-85e1-3db59c7ca101	2026-03-06 14:29:55.187+00	2026-03-05 21:28:56.820587+00	2026-03-06 14:29:55.56074+00
29	27	descricao	O CESTGEN alâ”œآ®m de realizar o gerenciamento da emergâ”œآ¬ncia nuclear â”œأ، nâ”œآ،vel estadual, fornece aos munâ”œآ،cipios, que possuem instalaâ”œآ؛â”œأپes de natureza nuclear, apoio tâ”œآ®cnico, a partir de sua â”œأ­rea de influâ”œآ¬ncia no Estado. Representantes de instituiâ”œآ؛â”œأپes pâ”œâ•‘blicas e privadas, de nâ”œآ،vel estadual e federal, fazem parte de uma rede com proficiâ”œآ¬ncias especâ”œآ،ficas, a fim de auxiliar na soluâ”œآ؛â”œأ؛o da emergâ”œآ¬ncia.	dfee39fc-f3af-451d-aaca-c163c06ac3d4	Giovanni Mouta Giglio	â”œأ´rgâ”œأ؛os Subordinados (Direâ”œآ؛â”œأپes, Coordenaâ”œآ؛â”œأپes, REDECs e demais setores)	absorvida	Inserido na justificativa do quadro Fichas Detalhadas	d517f36c-2a4a-41c4-85e1-3db59c7ca101	2026-03-06 14:33:10.978+00	2026-03-05 21:27:51.048843+00	2026-03-06 14:33:11.368292+00
28	26	descricao	No caso da emergâ”œآ¬ncia nuclear, as doutrinas de preparaâ”œآ؛â”œأ؛o e resposta, contidas no Plano de Emergâ”œآ¬ncia Externo do Estado do RJ, sâ”œأ؛o construâ”œآ،das a partir de grupos de trabalhos incluindo a prâ”œâ”‚pria SEDEC RJ e steakholders externos a sua estrutura	dfee39fc-f3af-451d-aaca-c163c06ac3d4	Giovanni Mouta Giglio	â”œأ´rgâ”œأ؛os Subordinados (Direâ”œآ؛â”œأپes, Coordenaâ”œآ؛â”œأپes, REDECs e demais setores)	indeferida	A princâ”œآ،pio, me parece que â”œآ® um plano de contingâ”œآ¬ncias, portanto nâ”œأ؛o estaria enquadrado em uma aâ”œآ؛â”œأ؛o direcionada para conteâ”œâ•‘do doutrinâ”œأ­rio. Creio que jâ”œأ­ estâ”œأ­ enquadrado na AE8.2.7.	d517f36c-2a4a-41c4-85e1-3db59c7ca101	2026-03-06 14:36:50.753+00	2026-03-05 21:10:15.969131+00	2026-03-06 14:36:51.328472+00
27	26	panoramico	Incluir o CESTGEN no que se refere ao gerenciamento de emergâ”œآ¬ncia nuclear, â”œأ، nâ”œآ،vel estadual, como tambâ”œآ®m, sendo responsâ”œأ­vel pela implementaâ”œآ؛â”œأ؛o do Plano de Emergâ”œآ¬ncia Externo do Estado do Rio de Janeiro.	dfee39fc-f3af-451d-aaca-c163c06ac3d4	Giovanni Mouta Giglio	â”œأ´rgâ”œأ؛os Subordinados (Direâ”œآ؛â”œأپes, Coordenaâ”œآ؛â”œأپes, REDECs e demais setores)	indeferida	Iniciativa enquadrada na AE8.2.7. Pode virar um projeto de proposiâ”œآ؛â”œأ؛o de normativa a ser publicada. Podemos tratar disso na oficina de elaboraâ”œآ؛â”œأ؛o de Planos Setoriais.	d517f36c-2a4a-41c4-85e1-3db59c7ca101	2026-03-06 14:38:51.66+00	2026-03-05 21:06:13.276159+00	2026-03-06 14:38:52.064487+00
26	28	destaque	no item fluxo da aâ”œآ؛â”œأ؛o, nâ”œأ؛o ficou claro a integraâ”œآ؛â”œأ؛o da coordenadoria de Engenharia com a DGDEC.	af9735ec-c165-482f-bb57-dc1a1880258f	Marcelo Abreu	Centro Estadual de Apoio a Desastres	absorvida	Observaâ”œآ؛â”œأ؛o pertinente. Vou ajustar da seguinte forma: Ao invâ”œآ®s da DGDEC, DREDEC consolida. Por favor, traga essa questâ”œأ؛o para a oficina da fase 2 do PS360, que deve acontecer no dia 18/03, para pensarmos se a DGDEC tem algum papel nesse processo. Com esse ajuste a DGDEC ficarâ”œأ­ responsâ”œأ­vel apenas por encaminhar o relatâ”œâ”‚rio consolidado pela DREDEC para a SUOP.	d517f36c-2a4a-41c4-85e1-3db59c7ca101	2026-03-06 14:45:36.145+00	2026-03-05 16:39:07.419164+00	2026-03-06 14:45:36.686546+00
25	27	descricao	Reforâ”œآ؛ando a informaâ”œآ؛â”œأ؛o referente ao CESTAD, a equipe da DGDEC tambâ”œآ®m nâ”œأ؛o possui equipe de suporte com profissionais especializados no que tange a parte jurâ”œآ،dica, por exemplo, necessitando de articulaâ”œآ؛â”œأ؛o com outros setores. Quanto ao suporte operacional direto e complementar, a DGDEC compreende como sua atribuiâ”œآ؛â”œأ؛o legal.	af9735ec-c165-482f-bb57-dc1a1880258f	Marcelo Abreu	Centro Estadual de Apoio a Desastres	indeferida	Nâ”œأ؛o localizei onde estâ”œأ­ a referâ”œآ¬ncia a atuaâ”œآ؛â”œأ؛o em tema jurâ”œآ،dico pela DGDEC. Passa na minha sala para explicar melhor e podermos ajustar a aâ”œآ؛â”œأ؛o.	d517f36c-2a4a-41c4-85e1-3db59c7ca101	2026-03-06 14:51:09.262+00	2026-03-05 16:20:32.388121+00	2026-03-06 14:51:09.684688+00
23	27	destaque	No item "frentes de aâ”œآ؛â”œأ؛o" no que tange a Capacitaâ”œآ؛â”œأ؛o em resposta, vale ressaltar a  integraâ”œآ؛â”œأ؛o com as REDECs, que sâ”œأ؛o fundamentais e jâ”œأ­ atuam em conjunto.	af9735ec-c165-482f-bb57-dc1a1880258f	Marcelo Abreu	Centro Estadual de Apoio a Desastres	absorvida	Foi inserido no quadro 'Fichas Detalhadas', nas 'Contribuiâ”œآ؛â”œأپes Esperadas' das REDECS "Apoiar a realizaâ”œآ؛â”œأ؛o de capacitaâ”œآ؛â”œأپes nos municâ”œآ،pios da sua regiâ”œأ؛o"	d517f36c-2a4a-41c4-85e1-3db59c7ca101	2026-03-06 15:04:11.076+00	2026-03-05 13:57:21.378659+00	2026-03-06 15:04:11.484356+00
21	26	descricao	As aâ”œآ؛â”œأپes de produâ”œآ؛â”œأ؛o e atualizaâ”œآ؛â”œأ؛o dos conteâ”œâ•‘dos supracitados deveriam ser realizadas por meio de GT, sendo coordenadas pelo CESTAD. Tendo em vista a escassez de militares no setor.	af9735ec-c165-482f-bb57-dc1a1880258f	Marcelo Abreu	Centro Estadual de Apoio a Desastres	indeferida	A ideia sobre a necessidade de GT jâ”œأ­ estâ”œأ­ abarcada, jâ”œأ­ que hâ”œأ­ participaâ”œآ؛â”œأ؛o de diversos setores nessa aâ”œآ؛â”œأ؛o. A definiâ”œآ؛â”œأ؛o de â”œâ”‚rgâ”œأ؛o coordenador dos GTs vai depender do tema tratado.	d517f36c-2a4a-41c4-85e1-3db59c7ca101	2026-03-06 15:11:40.351+00	2026-03-05 13:34:31.663433+00	2026-03-06 15:11:40.756618+00
20	28	fichas	Solicito esclarecimentos sobre :Apoiar a "Coordenadoria de Engenharia no acesso ao territâ”œâ”‚rio para avaliaâ”œآ؛â”œأپes tâ”œآ®cnicas" - equipe especializada da SEDEC-RJ?	afeed092-a24e-4300-95fb-d02b78c88cad	FRANCISCO ALBERTO MOREIRA DA SILVA	Diretoria de Regionais de Defesa Civil	absorvida	Essa â”œآ® uma atribuiâ”œآ؛â”œأ؛o das REDECs. Nâ”œأ؛o estâ”œأ­ na ficha da DGDEC. Sendo assim, vejo sentido nessa atribuiâ”œآ؛â”œأ؛o.	d517f36c-2a4a-41c4-85e1-3db59c7ca101	2026-03-06 15:22:09.502+00	2026-03-02 17:36:52.83922+00	2026-03-06 15:22:10.033274+00
19	27	fichas	Incluir para REDEC: com base na 12608, "VIII - apoiar, sempre que necessâ”œأ­rio, os Municâ”œآ،pios no levantamento das â”œأ­reas de risco, na elaboraâ”œآ؛â”œأ؛o dos Planos de Contingâ”œآ¬ncia de Proteâ”œآ؛â”œأ؛o e Defesa Civil e na divulgaâ”œآ؛â”œأ؛o de protocolos de prevenâ”œآ؛â”œأ؛o e alerta e de aâ”œآ؛â”œأپes emergenciais." ASSESSORIA Tâ”œأ«CNICA NA ELABORAâ”œأ§â”œأ¢O E REVISâ”œأ¢O DOS PLANCONS	f7257308-2edb-464d-b717-e6f4d21cfc60	Tunay Ramon Araujo Kitazawa 	Regionais de Defesa Civil	absorvida	Absorvido integralmente	d517f36c-2a4a-41c4-85e1-3db59c7ca101	2026-03-06 15:41:49.513+00	2026-03-02 17:28:15.104764+00	2026-03-06 15:41:49.937833+00
11	26	panoramico	Incluir a Rede Salvar no que tange a atuaâ”œآ؛â”œأ؛o do voluntariado estadual na resposta aos possâ”œآ،veis desastres.	113e7c05-7496-4c7e-b090-a599abc8c568	Aline Possa Silva Anjos	Rede Salvar	indeferida	Essa aâ”œآ؛â”œأ؛o â”œآ® voltada para o desenvolvimento de conteâ”œâ•‘do doutrinâ”œأ­rio. Aâ”œآ؛â”œأپes de resposta, propriamente ditas, nâ”œأ؛o se enquadram nesta aâ”œآ؛â”œأ؛o.	d517f36c-2a4a-41c4-85e1-3db59c7ca101	2026-03-06 16:17:27.486+00	2026-02-24 14:39:08.939466+00	2026-03-06 16:17:27.951029+00
10	22	panoramico	Incluir a Rede Salvar no que tange a produâ”œآ؛â”œأ؛o de materiais tâ”œآ®cnicos, como a produâ”œآ؛â”œأ؛o de relatâ”œâ”‚rios que registrem e deem visibilidade ao trabalho da Rede de Voluntariado.	113e7c05-7496-4c7e-b090-a599abc8c568	Aline Possa Silva Anjos	Rede Salvar	indeferida	Nâ”œأ؛o tem relaâ”œآ؛â”œأ؛o com a aâ”œآ؛â”œأ؛o 6.5.1	d517f36c-2a4a-41c4-85e1-3db59c7ca101	2026-03-06 16:18:18.393+00	2026-02-24 14:37:41.316443+00	2026-03-06 16:18:18.842253+00
8	18	panoramico	Incluir a Rede Salvar no que tange a experiâ”œآ¬ncias exitosas junto â”œأ،s agâ”œآ¬ncias da sociedade civil nas diferentes fases do desastre e nos diferentes territâ”œâ”‚rios do estado do RJ.	113e7c05-7496-4c7e-b090-a599abc8c568	Aline Possa Silva Anjos	Rede Salvar	absorvida	Incluâ”œآ،do papel especâ”œآ،fico para a Rede Salvar no quadro intitulado 'â”œأ´rgâ”œأ؛os Subordinados'.	d517f36c-2a4a-41c4-85e1-3db59c7ca101	2026-03-06 16:28:36.441+00	2026-02-24 14:34:47.625683+00	2026-03-06 16:28:36.897596+00
24	24	descricao	A articulaâ”œآ؛â”œأ؛o polâ”œآ،tica seria uma estratâ”œآ®gia de alinhamento â”œأ، nâ”œآ،vel de gestâ”œأ؛o de comando geral (SEDEC/SUBSEDEC), enquanto a  DGDEC atuaria â”œأ، nâ”œآ،vel operacional juntamente com demais setores afins.	af9735ec-c165-482f-bb57-dc1a1880258f	Marcelo Abreu	Centro Estadual de Apoio a Desastres	indeferida	A DGDEC ficaria responsâ”œأ­vel por articular a operacionalizaâ”œآ؛â”œأ؛o dessas aâ”œآ؛â”œأپes. Hâ”œأ­ uma funâ”œآ؛â”œأ؛o explâ”œآ،cita da SUBSEGOP na articulaâ”œآ؛â”œأ؛o polâ”œآ،tica com municâ”œآ،pios e â”œâ”‚rgâ”œأ؛os de controle externo. Se ainda permanecer alguma dâ”œâ•‘vida, passa no ICTDEC para discutirmos.	d517f36c-2a4a-41c4-85e1-3db59c7ca101	2026-03-06 14:57:30.716+00	2026-03-05 14:27:33.877129+00	2026-03-06 14:57:31.16428+00
22	27	descricao	Importante destacar que o CESTAD coordena as aâ”œآ؛â”œأپes, porâ”œآ®m assessoria tâ”œآ®cnica referente a assuntos especâ”œآ،ficos (decretaâ”œآ؛â”œأ؛o e S2ID, por exemplo) dependem do suporte de profissionais especializados que geralmente estâ”œأ؛o lotados em outros setores. O alinhamento institucional â”œآ® vital para alcanâ”œآ؛ar o objetivo.	af9735ec-c165-482f-bb57-dc1a1880258f	Marcelo Abreu	Centro Estadual de Apoio a Desastres	absorvida	Bastante pertinente. Absorvido nas 'Dependâ”œآ¬ncias Crâ”œآ،ticas' do CESTAD, da seguinte forma: "Alinhamento institucional que garanta o suporte de profissionais de outras â”œأ­reas (jurâ”œآ،dico, engenharia entre outros) necessâ”œأ­rios para a prestaâ”œآ؛â”œأ؛o de assessoria tâ”œآ®cnica referente a assuntos especâ”œآ،ficos (decretaâ”œآ؛â”œأ؛o e S2ID, por exemplo)"	d517f36c-2a4a-41c4-85e1-3db59c7ca101	2026-03-06 15:08:36.376+00	2026-03-05 13:50:27.96152+00	2026-03-06 15:08:36.840269+00
6	10	panoramico	Incluir a Rede Salvar no programa de capacitaâ”œآ؛â”œأپes para pontos focais da Rede de Voluntariado Estadual em Defesa Civil. Um curso especâ”œآ،fico para integrantes da sociedade civil, pertencentes a Rede Salvar, preparando-os para atuaâ”œآ؛â”œأ؛o junto â”œأ، polâ”œآ،ticas sociais intersetoriais e o papel do voluntariado.	113e7c05-7496-4c7e-b090-a599abc8c568	Aline Possa Silva Anjos	Rede Salvar	absorvida	Esse â”œآ® um projeto que pode ser tocado no â”œأ³mbito dos Planos Setoriais. Haverâ”œأ­ uma oficina para captaâ”œآ؛â”œأ؛o desses projetos. Serâ”œأ؛o publicadas as datas de cada setor em breve.	d517f36c-2a4a-41c4-85e1-3db59c7ca101	2026-03-06 16:30:28.305+00	2026-02-24 14:31:22.170739+00	2026-03-06 16:30:28.724919+00
2	25	panoramico	Incluir a Rede Salvar dentro desta aâ”œآ؛â”œأ؛o estratâ”œآ®gica, uma vez que as organizaâ”œآ؛â”œأپes da sociedade civil atuam tambâ”œآ®m na perspectiva da prevenâ”œآ؛â”œأ؛o de riscos.	113e7c05-7496-4c7e-b090-a599abc8c568	Aline Possa Silva Anjos	Rede Salvar	absorvida	Absorvido como quadro especâ”œآ،fico para a Rede Salvar na AE8.1.5.\n\nNâ”œأ؛o vi nenhuma observaâ”œآ؛â”œأ؛o em relaâ”œآ؛â”œأ؛o â”œأ، AE8.2.7, justamente a aâ”œآ؛â”œأ؛o relacionada a resposta.	d517f36c-2a4a-41c4-85e1-3db59c7ca101	2026-03-06 17:25:51.515+00	2026-02-24 14:20:09.226318+00	2026-03-06 17:25:51.965655+00
\.


--
-- Data for Name: panoramico_linhas; Type: TABLE DATA; Schema: public; Owner: postgres
--

COPY public.panoramico_linhas (id, acao_estrategica_id, ordem, setor_display, papel, sintese_contribuicao, nao_faz, created_at) FROM stdin;
1	1	1	DGAC	Lâ”œآ،der da Aâ”œآ؛â”œأ؛o	Cria, analisa, sistematiza e modela projetos-prateleira de proteâ”œآ؛â”œأ؛o comunitâ”œأ­ria	Nâ”œأ؛o coleta prâ”œأ­ticas nos municâ”œآ،pios; nâ”œأ؛o capacita formalmente	2026-02-21 12:05:31.311365+00
2	1	2	ICTDEC (com CEPEDEC)	Suporte Cientâ”œآ،fico sob Demanda	Fornece rigor cientâ”œآ،fico e metodologias estatâ”œآ،sticas quando solicitado pela DGAC	Nâ”œأ؛o lidera criaâ”œآ؛â”œأ؛o ou sistematizaâ”œآ؛â”œأ؛o; nâ”œأ؛o modela projetos	2026-02-21 12:05:31.311365+00
3	1	3	ESDEC	Capacitadora	Forma agentes municipais para implementaâ”œآ؛â”œأ؛o dos projetos do portfâ”œâ”‚lio	Nâ”œأ؛o modela projetos; nâ”œأ؛o coleta prâ”œأ­ticas	2026-02-21 12:05:31.311365+00
4	1	4	REDECs (via DREDEC)	Coleta e Difusâ”œأ؛o	Colhe prâ”œأ­ticas nos municâ”œآ،pios; disponibiliza portfâ”œâ”‚lio; articula adesâ”œأ؛o	Nâ”œأ؛o modela projetos; nâ”œأ؛o sistematiza metodologicamente	2026-02-21 12:05:31.311365+00
5	1	5	SUOP (sob aval da SUBSEGOP)	Validaâ”œآ؛â”œأ؛o e Coordenaâ”œآ؛â”œأ؛o	Valida alinhamento estratâ”œآ®gico; coordena integraâ”œآ؛â”œأ؛o entre â”œâ”‚rgâ”œأ؛os	Nâ”œأ؛o produz conteâ”œâ•‘do; nâ”œأ؛o executa na ponta	2026-02-21 12:05:31.311365+00
6	2	1	SUOP (sob aval da SUBSEGOP)	Lâ”œآ،der Coordenador Transversal	Define prioridades de captaâ”œآ؛â”œأ؛o; valida propostas; articula setores; destrava gargalos	Nâ”œأ؛o elabora projetos; nâ”œأ؛o executa captaâ”œآ؛â”œأ؛o isoladamente	2026-02-21 12:05:31.311365+00
7	2	2	Gabinete de Gestâ”œأ؛o de Projetos	Coexecutor de Gestâ”œأ؛o de Portfâ”œâ”‚lio	Gere o ciclo de vida dos projetos captados; monitora execuâ”œآ؛â”œأ؛o; consolida portfâ”œâ”‚lio	Nâ”œأ؛o elabora projetos tâ”œآ®cnicos; nâ”œأ؛o substitui a SUOP na priorizaâ”œآ؛â”œأ؛o	2026-02-21 12:05:31.311365+00
8	2	3	ICTDEC	Coexecutor Tâ”œآ®cnico-Metodolâ”œâ”‚gico	Elabora metodologia de monitoramento; capta recursos de P&D; assessora elaboraâ”œآ؛â”œأ؛o tâ”œآ®cnica	Nâ”œأ؛o negocia politicamente; nâ”œأ؛o capta fora de P&D sem diretriz	2026-02-21 12:05:31.311365+00
9	2	4	SUBSEGAD	Coexecutor Financeiro	Governanâ”œآ؛a financeira; conformidade contâ”œأ­bil; modelagem de fundos	Nâ”œأ؛o bloqueia por formalismo; nâ”œأ؛o prioriza	2026-02-21 12:05:31.311365+00
10	2	5	ASSEJUR	Assessoria Jurâ”œآ،dica	Seguranâ”œآ؛a jurâ”œآ،dica dos instrumentos; parecer sobre convâ”œآ¬nios e repasses	Nâ”œأ؛o decide mâ”œآ®rito tâ”œآ®cnico ou prioridade estratâ”œآ®gica	2026-02-21 12:05:31.311365+00
11	2	6	â”œأ´rgâ”œأ؛os Finalâ”œآ،sticos	Provedores de Demanda e Executores	Identificam necessidades; participam da construâ”œآ؛â”œأ؛o; executam e prestam contas	Nâ”œأ؛o solicitam sem projeto; nâ”œأ؛o fragmentam demandas	2026-02-21 12:05:31.311365+00
12	3	1	Alta Gestâ”œأ؛o (SUBSEGOP / Secretâ”œأ­rio)	Lâ”œآ،der Institucional	Chancela polâ”œآ،tica; valida indicadores; conduz anâ”œأ­lises crâ”œآ،ticas; cobra entregas	Nâ”œأ؛o elabora metodologia; nâ”œأ؛o consolida dados	2026-02-21 12:05:31.311365+00
13	3	2	ICTDEC (DAEAD)	Executor Central Tâ”œآ®cnico-Metodolâ”œâ”‚gico	Elabora metodologia; define indicadores; consolida dados; produz relatâ”œâ”‚rios; conduz reuniâ”œأپes de monitoramento	Nâ”œأ؛o decide prioridades polâ”œآ،ticas; nâ”œأ؛o executa aâ”œآ؛â”œأپes dos setores	2026-02-21 12:05:31.311365+00
14	3	3	SUOP (sob aval da SUBSEGOP)	Articulador Operacional	Garante aderâ”œآ¬ncia dos â”œâ”‚rgâ”œأ؛os; intermedia entre ICTDEC e subordinados; destrava participaâ”œآ؛â”œأ؛o	Nâ”œأ؛o elabora indicadores; nâ”œأ؛o produz relatâ”œâ”‚rios	2026-02-21 12:05:31.311365+00
15	3	4	â”œأ´rgâ”œأ؛os Subordinados	Alimentadores e Executores	Reportam indicadores; participam das anâ”œأ­lises crâ”œآ،ticas; executam correâ”œآ؛â”œأپes de rota	Nâ”œأ؛o definem indicadores globais; nâ”œأ؛o alteram prioridades	2026-02-21 12:05:31.311365+00
16	4	1	Gabinete de Gestâ”œأ؛o de Projetos (SUBSEGOP)	Lâ”œآ،der Operacional	Gere o ciclo de vida dos projetos; monitora execuâ”œآ؛â”œأ؛o; consolida portfâ”œâ”‚lio; padroniza instrumentos	Nâ”œأ؛o elabora projetos tâ”œآ®cnicos; nâ”œأ؛o define prioridades estratâ”œآ®gicas	2026-02-21 12:05:31.311365+00
17	4	2	ICTDEC	Coexecutor Metodolâ”œâ”‚gico	Elabora metodologia; capacita gestores; apoia definiâ”œآ؛â”œأ؛o de ferramentas; assegura coerâ”œآ¬ncia com demais instrumentos de governanâ”œآ؛a	Nâ”œأ؛o gere portfâ”œâ”‚lio; nâ”œأ؛o monitora projetos individuais	2026-02-21 12:05:31.311365+00
18	4	3	SUOP (sob aval da SUBSEGOP)	Articulador e Supervisor	Garante adesâ”œأ؛o dos â”œâ”‚rgâ”œأ؛os; valida prioridades do portfâ”œâ”‚lio; supervisiona implantaâ”œآ؛â”œأ؛o	Nâ”œأ؛o elabora metodologia; nâ”œأ؛o opera ferramentas	2026-02-21 12:05:31.311365+00
19	4	4	SUBSEGAD	Apoio Financeiro	Dados orâ”œآ؛amentâ”œأ­rios; conformidade contâ”œأ­bil; apoio na prestaâ”œآ؛â”œأ؛o de contas	Nâ”œأ؛o gere projetos; nâ”œأ؛o define metodologia	2026-02-21 12:05:31.311365+00
20	4	5	â”œأ´rgâ”œأ؛os Subordinados	Usuâ”œأ­rios e Executores	Aplicam a metodologia; executam projetos; reportam ao Gabinete	Nâ”œأ؛o criam metodologias paralelas	2026-02-21 12:05:31.311365+00
21	5	1	SUOP (sob aval da SUBSEGOP)	Lâ”œآ،der: Coordenador e Produtor	Coordena coleta; compila dados; produz os instrumentos a partir dos templates; valida e submete â”œأ، Alta Gestâ”œأ؛o	Nâ”œأ؛o define metodologia; nâ”œأ؛o produz conteâ”œâ•‘do jornalâ”œآ،stico	2026-02-21 12:05:31.311365+00
22	5	2	ICTDEC	Coexecutor Metodolâ”œâ”‚gico	Define metodologia, estrutura e templates dos produtos; revisa padrâ”œأپes quando necessâ”œأ­rio	Nâ”œأ؛o compila dados; nâ”œأ؛o produz as ediâ”œآ؛â”œأپes recorrentes dos instrumentos	2026-02-21 12:05:31.311365+00
23	5	3	â”œأ´rgâ”œأ؛os Subordinados	Fornecedores de Conteâ”œâ•‘do	Reportam atividades, resultados e dados setoriais para compilaâ”œآ؛â”œأ؛o pela SUOP	Nâ”œأ؛o produzem instrumentos institucionais isolados	2026-02-21 12:05:31.311365+00
24	6	1	Alta Gestâ”œأ؛o (SUBSEGOP / Secretâ”œأ­rio)	Lâ”œآ،der Institucional	Patrocina as aâ”œآ؛â”œأپes de cultura; define condutas valorizadas; participa presencialmente nas iniciativas; confere legitimidade	Nâ”œأ؛o elabora metodologia; nâ”œأ؛o conduz tecnicamente as aâ”œآ؛â”œأپes	2026-02-21 12:05:31.311365+00
25	6	2	ICTDEC	Executor Tâ”œآ®cnico	Planeja e conduz as aâ”œآ؛â”œأپes no â”œأ³mbito do SEDEC 360; formula metodologias; realiza diagnâ”œâ”‚sticos de maturidade	Nâ”œأ؛o define valores sem chancela da Alta Gestâ”œأ؛o; nâ”œأ؛o aplica sanâ”œآ؛â”œأپes	2026-02-21 12:05:31.311365+00
26	6	3	SUOP (sob aval da SUBSEGOP)	Articulador Operacional	Garante participaâ”œآ؛â”œأ؛o dos â”œâ”‚rgâ”œأ؛os; participa presencialmente nas aâ”œآ؛â”œأپes; facilita a integraâ”œآ؛â”œأ؛o transversal	Nâ”œأ؛o elabora metodologia; nâ”œأ؛o conduz diagnâ”œâ”‚sticos	2026-02-21 12:05:31.311365+00
27	6	4	â”œأ´rgâ”œأ؛os Subordinados	Participantes e Multiplicadores	Participam das aâ”œآ؛â”œأپes; internalizam os valores; replicam as prâ”œأ­ticas nos setores	Nâ”œأ؛o definem valores institucionais; nâ”œأ؛o conduzem aâ”œآ؛â”œأپes de cultura isoladas	2026-02-21 12:05:31.311365+00
28	7	1	SUOP (sob aval da SUBSEGOP)	Lâ”œآ،der Coordenador	Coordena o processo de revisâ”œأ؛o; mobiliza os â”œâ”‚rgâ”œأ؛os; coordena GTs; valida e encaminha para aprovaâ”œآ؛â”œأ؛o	Nâ”œأ؛o define metodologia; nâ”œأ؛o emite parecer jurâ”œآ،dico	2026-02-21 12:05:31.311365+00
29	7	2	ICTDEC	Coexecutor Metodolâ”œâ”‚gico	Define metodologia de revisâ”œأ؛o; mapeia o arcabouâ”œآ؛o vigente; gera coletâ”œأ³nea; estrutura ciclos e templates	Nâ”œأ؛o coordena GTs; nâ”œأ؛o emite parecer jurâ”œآ،dico; nâ”œأ؛o aprova normas	2026-02-21 12:05:31.311365+00
30	7	3	â”œأ´rgâ”œأ؛os Subordinados	Proponentes e Validadores Tâ”œآ®cnicos	Identificam lacunas e obsolescâ”œآ¬ncias; propâ”œأپem revisâ”œأپes; validam a aplicabilidade das normas revisadas	Nâ”œأ؛o aprovam normas unilateralmente; nâ”œأ؛o alteram normas sem processo formal	2026-02-21 12:05:31.311365+00
31	8	1	SUOP (sob aval da SUBSEGOP)	Lâ”œآ،der Coordenador e Supervisor	Coordena implantaâ”œآ؛â”œأ؛o; prioriza processos; mantâ”œآ®m repositâ”œâ”‚rio; supervisiona atualizaâ”œآ؛â”œأپes	Nâ”œأ؛o define metodologia; nâ”œأ؛o conduz oficinas; nâ”œأ؛o mapeia processos	2026-02-21 12:05:31.311365+00
32	8	2	ICTDEC	Coexecutor Metodolâ”œâ”‚gico	Define metodologia; conduz mapeamentos iniciais; capacita â”œâ”‚rgâ”œأ؛os; consultoria para manutenâ”œآ؛â”œأ؛o	Nâ”œأ؛o mantâ”œآ®m repositâ”œâ”‚rio; nâ”œأ؛o supervisiona ciclo recorrente	2026-02-21 12:05:31.311365+00
33	8	3	â”œأ´rgâ”œأ؛os Subordinados	Participantes, Executores e Proponentes de Atualizaâ”œآ؛â”œأ؛o	Participam das oficinas; executam processos padronizados; identificam e encaminham atualizaâ”œآ؛â”œأپes â”œأ، SUOP	Nâ”œأ؛o criam metodologias prâ”œâ”‚prias; nâ”œأ؛o alteram padrâ”œأپes sem validaâ”œآ؛â”œأ؛o	2026-02-21 12:05:31.311365+00
34	9	1	SUOP (sob aval da SUBSEGOP)	Lâ”œآ،der Coordenador	Coordena implantaâ”œآ؛â”œأ؛o; mobiliza â”œâ”‚rgâ”œأ؛os; valida mapeamentos; supervisiona aplicaâ”œآ؛â”œأ؛o	Nâ”œأ؛o define metodologia; nâ”œأ؛o conduz mapeamentos tâ”œآ®cnicos	2026-02-21 12:05:31.311365+00
35	9	2	ICTDEC	Coexecutor Metodolâ”œâ”‚gico	Define metodologia; elabora instrumentos de mapeamento; conduz diagnâ”œâ”‚stico de lacunas	Nâ”œأ؛o executa capacitaâ”œآ؛â”œأپes; nâ”œأ؛o decide alocaâ”œآ؛â”œأ؛o de pessoal	2026-02-21 12:05:31.311365+00
36	9	3	ESDEC	Coexecutora de Desenvolvimento	Operacionaliza trilhas de aprendizagem e capacitaâ”œآ؛â”œأپes orientadas pelas lacunas identificadas	Nâ”œأ؛o define competâ”œآ¬ncias requeridas; nâ”œأ؛o mapeia funâ”œآ؛â”œأپes	2026-02-21 12:05:31.311365+00
37	9	4	â”œأ´rgâ”œأ؛os Subordinados	Fornecedores de Informaâ”œآ؛â”œأ؛o e Destinatâ”œأ­rios	Fornecem dados sobre funâ”œآ؛â”œأپes e competâ”œآ¬ncias atuais; validam mapeamentos; aplicam o modelo	Nâ”œأ؛o definem metodologia; nâ”œأ؛o criam modelos paralelos	2026-02-21 12:05:31.311365+00
38	10	1	SUOP (sob aval da SUBSEGOP)	Lâ”œآ،der Coordenador	Coordena participaâ”œآ؛â”œأ؛o dos â”œâ”‚rgâ”œأ؛os; garante liberaâ”œآ؛â”œأ؛o do efetivo; patrocina contrataâ”œآ؛â”œأ؛o de cursos externos	Nâ”œأ؛o executa capacitaâ”œآ؛â”œأپes; nâ”œأ؛o define conteâ”œâ•‘do pedagâ”œâ”‚gico	2026-02-21 12:05:31.311365+00
39	10	2	ESDEC	Executora Principal	Operacionaliza trilhas, cursos e programas de desenvolvimento do efetivo	Nâ”œأ؛o define competâ”œآ¬ncias requeridas; nâ”œأ؛o formaliza parcerias externas	2026-02-21 12:05:31.311365+00
40	10	3	ICTDEC	Coexecutor Estratâ”œآ®gico	Fornece diagnâ”œâ”‚sticos de lacuna; formaliza parcerias para capacitaâ”œآ؛â”œأپes externas; conecta academia â”œأ، prâ”œأ­tica	Nâ”œأ؛o executa capacitaâ”œآ؛â”œأپes diretamente; nâ”œأ؛o coordena â”œâ”‚rgâ”œأ؛os	2026-02-21 12:05:31.311365+00
41	10	4	â”œأ´rgâ”œأ؛os Subordinados	Participantes e Demandantes	Liberam efetivo; identificam demandas de capacitaâ”œآ؛â”œأ؛o; aplicam conhecimento na rotina	Nâ”œأ؛o definem grade de cursos; nâ”œأ؛o contratam capacitaâ”œآ؛â”œأپes por conta prâ”œâ”‚pria	2026-02-21 12:05:31.311365+00
42	11	1	SUOP (sob aval da SUBSEGOP)	Lâ”œآ،der Coordenador	Consolida demandas; prioriza intervenâ”œآ؛â”œأپes; articula com a SUBSEGAD; monitora execuâ”œآ؛â”œأ؛o	Nâ”œأ؛o executa obras ou aquisiâ”œآ؛â”œأپes; nâ”œأ؛o gere contratos	2026-02-21 12:05:31.311365+00
43	11	2	SUBSEGAD	Apoio Administrativo	Apoia a tramitaâ”œآ؛â”œأ؛o administrativa das demandas; fornece informaâ”œآ؛â”œأپes sobre viabilidade orâ”œآ؛amentâ”œأ­ria	Nâ”œأ؛o prioriza intervenâ”œآ؛â”œأپes; nâ”œأ؛o executa obras; nâ”œأ؛o consolida demandas operacionais	2026-02-21 12:05:31.311365+00
44	11	3	â”œأ´rgâ”œأ؛os Subordinados	Demandantes e Usuâ”œأ­rios	Identificam e reportam necessidades de infraestrutura; validam adequaâ”œآ؛â”œأ؛o das soluâ”œآ؛â”œأپes	Nâ”œأ؛o executam obras; nâ”œأ؛o contratam serviâ”œآ؛os de infraestrutura	2026-02-21 12:05:31.311365+00
45	12	1	SUOP (sob aval da SUBSEGOP)	Lâ”œآ،der Coordenador	Consolida demandas; prioriza investimentos tecnolâ”œâ”‚gicos; coordena padronizaâ”œآ؛â”œأ؛o de ferramentas transversais	Nâ”œأ؛o especifica soluâ”œآ؛â”œأپes tâ”œآ®cnicas; nâ”œأ؛o implanta sistemas	2026-02-21 12:05:31.311365+00
46	12	2	ICTDEC	Coexecutor para Sistemas de Gestâ”œأ؛o e Governanâ”œآ؛a	Especifica requisitos de sistemas ligados â”œأ، gestâ”œأ؛o e governanâ”œآ؛a; valida aderâ”œآ¬ncia â”œأ،s metodologias institucionais	Nâ”œأ؛o lidera contrataâ”œآ؛â”œأ؛o; nâ”œأ؛o especifica sistemas operacionais ou tâ”œآ®cnicos	2026-02-21 12:05:31.311365+00
47	12	3	â”œأ´rgâ”œأ؛os Subordinados	Demandantes, Usuâ”œأ­rios e Lâ”œآ،deres de Automaâ”œآ؛â”œأ؛o Setorial	Identificam necessidades; especificam requisitos; lideram projetos de automaâ”œآ؛â”œأ؛o dos seus processos	Nâ”œأ؛o adquirem sistemas sem coordenaâ”œآ؛â”œأ؛o da SUOP; nâ”œأ؛o automatizam processos nâ”œأ؛o compreendidos	2026-02-21 12:05:31.311365+00
48	13	1	SUOP (sob aval da SUBSEGOP)	Lâ”œآ،der Coordenador	Consolida demandas; prioriza contrataâ”œآ؛â”œأپes; monitora aderâ”œآ¬ncia dos contratos â”œأ،s necessidades operacionais	Nâ”œأ؛o instrui processos administrativos; nâ”œأ؛o gere contratos	2026-02-21 12:05:31.311365+00
49	13	2	SUBSEGAD	Apoio Administrativo	Apoia tramitaâ”œآ؛â”œأ؛o; fornece informaâ”œآ؛â”œأپes sobre viabilidade orâ”œآ؛amentâ”œأ­ria e vigâ”œآ¬ncia contratual	Nâ”œأ؛o prioriza contrataâ”œآ؛â”œأپes; nâ”œأ؛o consolida demandas operacionais	2026-02-21 12:05:31.311365+00
50	13	3	â”œأ´rgâ”œأ؛os Subordinados	Demandantes, Fiscais e Usuâ”œأ­rios	Identificam necessidades; fiscalizam execuâ”œآ؛â”œأ؛o contratual; reportam inadequaâ”œآ؛â”œأپes	Nâ”œأ؛o contratam por fora do fluxo institucional; nâ”œأ؛o alteram escopo contratual	2026-02-21 12:05:31.311365+00
51	14	1	ICTDEC	Lâ”œآ،der e Articulador	Formaliza parcerias; coordena portfâ”œâ”‚lio de projetos; dissemina produtos da pesquisa	Nâ”œأ؛o executa pesquisa diretamente; nâ”œأ؛o define prioridades sem a SUOP	2026-02-21 12:05:31.311365+00
52	14	2	CEPEDEC	Executor de Pesquisa	Conduz projetos de pesquisa; produz conhecimento aplicado; articula com parceiros acadâ”œآ¬micos na execuâ”œآ؛â”œأ؛o	Nâ”œأ؛o formaliza parcerias; nâ”œأ؛o define linhas de pesquisa isoladamente	2026-02-21 12:05:31.311365+00
53	14	3	SUOP (sob aval da SUBSEGOP)	Orientador Estratâ”œآ®gico	Sinaliza gargalos operacionais; valida priorizaâ”œآ؛â”œأ؛o dos projetos; articula demandas das COMDECs	Nâ”œأ؛o formaliza parcerias; nâ”œأ؛o executa pesquisa	2026-02-21 12:05:31.311365+00
54	15	1	ICTDEC	Lâ”œآ،der e Articulador	Formaliza parcerias; estrutura os programas de extensâ”œأ؛o; coordena portfâ”œâ”‚lio de atividades	Nâ”œأ؛o executa programas diretamente; nâ”œأ؛o supervisiona estudantes no campo	2026-02-21 12:05:31.311365+00
55	15	2	CEPEDEC	Executor dos Programas	Operacionaliza estâ”œأ­gios, residâ”œآ¬ncias e intercâ”œأ³mbios; supervisiona estudantes; articula com IES na execuâ”œآ؛â”œأ؛o	Nâ”œأ؛o formaliza parcerias; nâ”œأ؛o define temas sem alinhamento estratâ”œآ®gico	2026-02-21 12:05:31.311365+00
57	16	1	ICTDEC	Lâ”œآ،der e Articulador Institucional	Mapeia redes; representa a Secretaria; formaliza adesâ”œأپes e parcerias; coordena portfâ”œâ”‚lio de redes	Nâ”œأ؛o participa tecnicamente nos projetos de pesquisa; nâ”œأ؛o define temas sem a SUOP	2026-02-21 12:05:31.311365+00
58	16	2	CEPEDEC	Participante Tâ”œآ®cnico-Cientâ”œآ،fico	Participa tecnicamente nas redes; conduz projetos colaborativos; produz e compartilha conhecimento	Nâ”œأ؛o formaliza adesâ”œأپes; nâ”œأ؛o representa institucionalmente a Secretaria	2026-02-21 12:05:31.311365+00
59	16	3	SUOP (sob aval da SUBSEGOP)	Orientador Estratâ”œآ®gico	Valida alinhamento estratâ”œآ®gico das redes; sinaliza temas prioritâ”œأ­rios; articula demandas das COMDECs via REDECs	Nâ”œأ؛o formaliza parcerias; nâ”œأ؛o participa tecnicamente nas redes	2026-02-21 12:05:31.311365+00
60	17	1	CEPEDEC	Lâ”œآ،der de PD&I	Conduz pesquisa aplicada; desenvolve e testa novos produtos, serviâ”œآ؛os e processos; coordena o ciclo de inovaâ”œآ؛â”œأ؛o	Nâ”œأ؛o define prioridades sem a SUOP; nâ”œأ؛o implanta inovaâ”œآ؛â”œأپes nos â”œâ”‚rgâ”œأ؛os	2026-02-21 12:05:31.311365+00
61	17	2	ICTDEC	Executor e Provedor de Insumos	Fornece diagnâ”œâ”‚sticos de governanâ”œآ؛a e gestâ”œأ؛o como subsâ”œآ،dio para inovaâ”œآ؛â”œأ؛o; fomenta organizaâ”œآ؛â”œأ؛o de informaâ”œآ؛â”œأپes das aâ”œآ؛â”œأپes de melhoria	Nâ”œأ؛o lidera o ciclo PD&I; nâ”œأ؛o conduz pesquisa aplicada	2026-02-21 12:05:31.311365+00
62	17	3	SUOP (sob aval da SUBSEGOP)	Orientador Estratâ”œآ®gico	Valida priorizaâ”œآ؛â”œأ؛o; sinaliza problemas; apoia incorporaâ”œآ؛â”œأ؛o das inovaâ”œآ؛â”œأپes nos â”œâ”‚rgâ”œأ؛os	Nâ”œأ؛o conduz PD&I; nâ”œأ؛o desenvolve soluâ”œآ؛â”œأپes	2026-02-21 12:05:31.311365+00
63	17	4	â”œأ´rgâ”œأ؛os Subordinados	Fonte de Problemas e Destinatâ”œأ­rios	Identificam gargalos; validam soluâ”œآ؛â”œأپes no campo; adotam inovaâ”œآ؛â”œأپes incorporadas	Nâ”œأ؛o desenvolvem soluâ”œآ؛â”œأپes de PD&I isoladamente	2026-02-21 12:05:31.311365+00
64	18	1	CEPEDEC	Lâ”œآ،der e Sistematizador	Valida cientificamente; sistematiza o conhecimento; organiza chamadas; publica e devolve ao Sistema	Nâ”œأ؛o coleta diretamente nos municâ”œآ،pios; nâ”œأ؛o define prioridades sem a SUOP	2026-02-21 12:05:31.311365+00
65	18	2	SUOP (sob aval da SUBSEGOP)	Orientador Estratâ”œآ®gico	Valida priorizaâ”œآ؛â”œأ؛o temâ”œأ­tica; apoia disseminaâ”œآ؛â”œأ؛o; orienta REDECs na coleta	Nâ”œأ؛o sistematiza conhecimento; nâ”œأ؛o valida cientificamente	2026-02-21 12:05:31.311365+00
67	19	1	CEPEDEC	Cocriador e Analista	Cocria metodologias (rigor cientâ”œآ،fico); analisa, valida e sistematiza o conhecimento coletado	Nâ”œأ؛o executa dinâ”œأ³micas multiâ”œâ”‚rgâ”œأ؛os; nâ”œأ؛o coleta diretamente nos setores	2026-02-21 12:05:31.311365+00
68	19	2	ICTDEC	Cocriador e Executor Transversal	Cocria metodologias (visâ”œأ؛o de DO); conduz dinâ”œأ³micas que envolvem mâ”œâ•‘ltiplos â”œâ”‚rgâ”œأ؛os	Nâ”œأ؛o analisa cientificamente; nâ”œأ؛o substitui aplicaâ”œآ؛â”œأ؛o setorial	2026-02-21 12:05:31.311365+00
69	19	3	SUOP (sob aval da SUBSEGOP)	Orientador Estratâ”œآ®gico	Valida priorizaâ”œآ؛â”œأ؛o; assegura tempo protegido; apoia disseminaâ”œآ؛â”œأ؛o	Nâ”œأ؛o sistematiza; nâ”œأ؛o cria metodologias	2026-02-21 12:05:31.311365+00
70	19	4	â”œأ´rgâ”œأ؛os Subordinados	Fonte, Executores Setoriais e Destinatâ”œأ­rios	Aplicam metodologia no setor; compartilham experiâ”œآ¬ncias; adotam conhecimento sistematizado	Nâ”œأ؛o validam cientificamente; nâ”œأ؛o criam metodologias prâ”œâ”‚prias	2026-02-21 12:05:31.311365+00
71	20	1	ICTDEC	Lâ”œآ،der e Gestor da Memâ”œâ”‚ria Tâ”œآ®cnica	Define polâ”œآ،tica de registro; organiza e preserva o acervo; produz publicaâ”œآ؛â”œأ؛o institucional	Nâ”œأ؛o produz conteâ”œâ•‘do cientâ”œآ،fico; nâ”œأ؛o substitui registros setoriais	2026-02-21 12:05:31.311365+00
72	20	2	CEPEDEC	Fonte de Produâ”œآ؛â”œأ؛o Cientâ”œآ،fica	Entrega produâ”œآ؛â”œأ؛o tâ”œآ®cnico-cientâ”œآ،fica para registro; apoia curadoria do acervo cientâ”œآ،fico	Nâ”œأ؛o gere o acervo; nâ”œأ؛o define polâ”œآ،tica de preservaâ”œآ؛â”œأ؛o	2026-02-21 12:05:31.311365+00
73	20	3	â”œأ´rgâ”œأ؛os Subordinados	Fonte de Registros	Enviam registros operacionais e documentos para preservaâ”œآ؛â”œأ؛o	Nâ”œأ؛o gerem acervo central; nâ”œأ؛o definem taxonomia	2026-02-21 12:05:31.311365+00
74	21	1	CEPEDEC	Lâ”œآ،der da Busca de Soluâ”œآ؛â”œأپes	Busca soluâ”œآ؛â”œأپes internas e externas para os pontos de melhoria; avalia viabilidade; recomenda incorporaâ”œآ؛â”œأ؛o	Nâ”œأ؛o identifica pontos de melhoria nos processos; nâ”œأ؛o implanta nos â”œâ”‚rgâ”œأ؛os	2026-02-21 12:05:31.311365+00
75	21	2	ICTDEC	Identificador de Pontos de Melhoria	Identifica pontos de melhoria em processos implantados a partir da visâ”œأ؛o de DO e governanâ”œآ؛a	Nâ”œأ؛o busca soluâ”œآ؛â”œأپes; nâ”œأ؛o avalia viabilidade cientâ”œآ،fica	2026-02-21 12:05:31.311365+00
76	21	3	â”œأ´rgâ”œأ؛os Subordinados	Detentores dos Processos e Destinatâ”œأ­rios	Sinalizam oportunidades; validam aplicabilidade; adotam melhorias	Nâ”œأ؛o mapeiam tecnicamente; nâ”œأ؛o avaliam viabilidade cientâ”œآ،fica	2026-02-21 12:05:31.311365+00
77	22	1	ICTDEC	Lâ”œآ،der do Mapeamento e Governanâ”œآ؛a	Mapeia o ciclo da informaâ”œآ؛â”œأ؛o; define diretrizes e protocolos de fluxo informacional	Nâ”œأ؛o opera os sistemas; nâ”œأ؛o produz conteâ”œâ•‘do informacional dos setores	2026-02-21 12:05:31.311365+00
78	22	2	CEPEDEC	Detentor de Fluxo Cientâ”œآ،fico	Participa do mapeamento com seu fluxo prâ”œâ”‚prio; adota diretrizes	Nâ”œأ؛o define governanâ”œآ؛a de dados para a Secretaria	2026-02-21 12:05:31.311365+00
79	22	3	â”œأ´rgâ”œأ؛os Subordinados	Detentores de Fluxos Informacionais	Participam do mapeamento; descrevem seus fluxos; adotam protocolos	Nâ”œأ؛o definem diretrizes; nâ”œأ؛o criam protocolos prâ”œâ”‚prios	2026-02-21 12:05:31.311365+00
80	23	1	ICTDEC	Provedor de Insumos Tâ”œآ®cnicos	Produz notas tâ”œآ®cnicas, anâ”œأ­lises e panoramas de necessidade legislativa que fundamentem a atuaâ”œآ؛â”œأ؛o parlamentar	Nâ”œأ؛o articula com parlamentares; nâ”œأ؛o executa estratâ”œآ®gia no parlamento	2026-02-21 12:05:31.311365+00
81	24	1	SUBSEGOP	Lideranâ”œآ؛a Polâ”œآ،tico-Institucional	Assume posicionamento; conduz diâ”œأ­logo com controle externo; respalda a transiâ”œآ؛â”œأ؛o	Nâ”œأ؛o executa na ponta; nâ”œأ؛o capacita	2026-02-21 12:05:31.311365+00
82	24	2	SUOP	Coordenador Operacional	Coordena â”œâ”‚rgâ”œأ؛os; prioriza municâ”œآ،pios; articula recursos	Nâ”œأ؛o decide posicionamento polâ”œآ،tico; nâ”œأ؛o executa na ponta	2026-02-21 12:05:31.311365+00
83	24	3	CEMADEN-RJ	Referâ”œآ¬ncia Tâ”œآ®cnica	Define padrâ”œأپes; assessora implantaâ”œآ؛â”œأ؛o; apoia transiâ”œآ؛â”œأ؛o	Nâ”œأ؛o custeia sistemas municipais; nâ”œأ؛o opera alarmes	2026-02-21 12:05:31.311365+00
84	24	4	DGDEC	Articulador Institucional	Articula adesâ”œأ؛o com COMDECs; coordena REDECs	Nâ”œأ؛o define padrâ”œأپes; nâ”œأ؛o capacita	2026-02-21 12:05:31.311365+00
85	24	5	REDECs	Executoras na Ponta	Acompanham implantaâ”œآ؛â”œأ؛o; apoiam simulados; reportam	Nâ”œأ؛o definem padrâ”œأپes; nâ”œأ؛o formalizam compromissos	2026-02-21 12:05:31.311365+00
86	24	6	ESDEC	Capacitadora	Capacita agentes municipais: orâ”œآ؛amento, ETP, TR, operaâ”œآ؛â”œأ؛o	Nâ”œأ؛o implanta sistemas; nâ”œأ؛o articula com municâ”œآ،pios	2026-02-21 12:05:31.311365+00
87	24	7	DGAC	Conscientizaâ”œآ؛â”œأ؛o Comunitâ”œأ­ria	Prepara comunidades para responder a alertas e alarmes	Nâ”œأ؛o implanta sistemas; nâ”œأ؛o capacita agentes	2026-02-21 12:05:31.311365+00
88	25	1	SUOP	Coordenador da Aâ”œآ؛â”œأ؛o	Coordena atuaâ”œآ؛â”œأ؛o multiâ”œâ”‚rgâ”œأ؛os; prioriza municâ”œآ،pios; articula recursos	Nâ”œأ؛o executa na ponta; nâ”œأ؛o define padrâ”œأپes tâ”œآ®cnicos	2026-02-21 12:05:31.311365+00
89	25	2	CEMADEN-RJ	Alertas e Panoramas de Risco	Fornece alertas geohidrometeorolâ”œâ”‚gicos, panoramas de risco e recomendaâ”œآ؛â”œأپes	Nâ”œأ؛o produz mapas de risco; nâ”œأ؛o mapeia â”œأ­reas de risco	2026-02-21 12:05:31.311365+00
90	25	3	Coord. Engenharia	Suporte Estrutural e Articulaâ”œآ؛â”œأ؛o	Avalia intervenâ”œآ؛â”œأپes fâ”œآ،sicas; articula com â”œâ”‚rgâ”œأ؛os estaduais de obras	Nâ”œأ؛o executa obras; nâ”œأ؛o monitora riscos	2026-02-21 12:05:31.311365+00
91	25	4	CEAMA	Articulaâ”œآ؛â”œأ؛o Ambiental	Conecta polâ”œآ،ticas ambientais â”œأ، reduâ”œآ؛â”œأ؛o de riscos	Nâ”œأ؛o executa obras; nâ”œأ؛o avalia riscos de desastres	2026-02-21 12:05:31.311365+00
92	25	5	ICTDEC (com CEPEDEC)	Suporte Tâ”œآ®cnico-Cientâ”œآ،fico	Produz estudos e metodologias; orienta municâ”œآ،pios no mapeamento de riscos	Nâ”œأ؛o executa na ponta; nâ”œأ؛o emite alertas	2026-02-21 12:05:31.311365+00
93	25	6	ESDEC	Capacitadora	Forma agentes municipais em prevenâ”œآ؛â”œأ؛o e mitigaâ”œآ؛â”œأ؛o	Nâ”œأ؛o implanta medidas; nâ”œأ؛o articula com municâ”œآ،pios	2026-02-21 12:05:31.311365+00
94	25	7	DGAC	Conscientizaâ”œآ؛â”œأ؛o Comunitâ”œأ­ria	Desenvolve percepâ”œآ؛â”œأ؛o de risco e cultura preventiva	Nâ”œأ؛o avalia riscos; nâ”œأ؛o executa medidas estruturais	2026-02-21 12:05:31.311365+00
95	25	8	REDECs (via DREDEC)	Executoras na Ponta	Integram as frentes no territâ”œâ”‚rio; reportam necessidades	Nâ”œأ؛o definem padrâ”œأپes; nâ”œأ؛o formalizam compromissos	2026-02-21 12:05:31.311365+00
96	26	1	ICTDEC (com CEPEDEC e ESDEC)	Lâ”œآ،der da Produâ”œآ؛â”œأ؛o Doutrinâ”œأ­ria	Sistematiza, formaliza e transforma conhecimento operacional em doutrina e material didâ”œأ­tico	Nâ”œأ؛o â”œآ® fonte primâ”œأ­ria do conhecimento operacional de resposta	2026-02-21 12:05:31.311365+00
97	26	2	DGDEC	Fonte de Conhecimento de Resposta	Fornece o saber operacional acumulado nas aâ”œآ؛â”œأپes de resposta e assistâ”œآ¬ncia humanitâ”œأ­ria	Nâ”œأ؛o sistematiza nem formaliza doutrina	2026-02-21 12:05:31.311365+00
98	26	3	CESTAD	Fonte de Conhecimento de Gestâ”œأ؛o de Desastres	Fornece o saber de coordenaâ”œآ؛â”œأ؛o de resposta e gestâ”œأ؛o de crises	Nâ”œأ؛o sistematiza nem formaliza doutrina	2026-02-21 12:05:31.311365+00
99	26	4	REDECs (via DREDEC)	Fonte de Experiâ”œآ¬ncia de Campo	Fornece a experiâ”œآ¬ncia territorial e as liâ”œآ؛â”œأپes aprendidas na ponta	Nâ”œأ؛o sistematiza nem formaliza doutrina	2026-02-21 12:05:31.311365+00
100	26	5	SUOP (sob aval da SUBSEGOP)	Validador Estratâ”œآ®gico	Valida alinhamento ao Plano Estratâ”œآ®gico e aplicabilidade operacional	Nâ”œأ؛o produz conteâ”œâ•‘do doutrinâ”œأ­rio; nâ”œأ؛o extrai conhecimento	2026-02-21 12:05:31.311365+00
101	27	1	SUOP	Coordenador da Aâ”œآ؛â”œأ؛o	Coordena atuaâ”œآ؛â”œأ؛o multiâ”œâ”‚rgâ”œأ؛os; prioriza municâ”œآ،pios; articula recursos	Nâ”œأ؛o executa na ponta; nâ”œأ؛o define protocolos tâ”œآ®cnicos	2026-02-21 12:05:31.311365+00
102	27	2	DGDEC	Resposta e Assistâ”œآ¬ncia Humanitâ”œأ­ria	Mobiliza suporte operacional; assessora planos de contingâ”œآ¬ncia; coordena logâ”œآ،stica de resposta	Nâ”œأ؛o monitora riscos; nâ”œأ؛o capacita formalmente	2026-02-21 12:05:31.311365+00
103	27	3	CESTAD	Coordenaâ”œآ؛â”œأ؛o de Resposta	Coordena aâ”œآ؛â”œأپes de resposta; opera estruturas de gestâ”œأ؛o de crises	Nâ”œأ؛o presta assistâ”œآ¬ncia humanitâ”œأ­ria; nâ”œأ؛o capacita	2026-02-21 12:05:31.311365+00
104	27	4	CEMADEN-RJ	Alertas e Suporte em Crise	Fornece alertas geohidrometeorolâ”œâ”‚gicos e panoramas de risco para preparaâ”œآ؛â”œأ؛o e resposta	Nâ”œأ؛o coordena resposta; nâ”œأ؛o mobiliza logâ”œآ،stica	2026-02-21 12:05:31.311365+00
105	27	5	GRAC	Integraâ”œآ؛â”œأ؛o Multisetorial	Articula â”œâ”‚rgâ”œأ؛os estaduais e entidades para atuaâ”œآ؛â”œأ؛o coordenada em desastres	Nâ”œأ؛o executa aâ”œآ؛â”œأپes operacionais diretas	2026-02-21 12:05:31.311365+00
106	27	6	ESDEC	Capacitadora	Forma agentes municipais em preparaâ”œآ؛â”œأ؛o e resposta a desastres	Nâ”œأ؛o executa resposta; nâ”œأ؛o assessora planos	2026-02-21 12:05:31.311365+00
107	27	7	REDECs (via DREDEC)	Executoras na Ponta	Operacionalizam a colaboraâ”œآ؛â”œأ؛o no territâ”œâ”‚rio; apoiam simulaâ”œآ؛â”œأپes e resposta	Nâ”œأ؛o definem protocolos; nâ”œأ؛o formalizam compromissos	2026-02-21 12:05:31.311365+00
108	28	1	SUOP	Lâ”œآ،der da Aâ”œآ؛â”œأ؛o	Define critâ”œآ®rios de priorizaâ”œآ؛â”œأ؛o; coordena o fluxo de demandas; monitora execuâ”œآ؛â”œأ؛o	Nâ”œأ؛o executa recuperaâ”œآ؛â”œأ؛o; nâ”œأ؛o articula diretamente com â”œâ”‚rgâ”œأ؛os externos	2026-02-21 12:05:31.311365+00
109	28	2	GRAC	Articulador com â”œأ´rgâ”œأ؛os Setoriais	Mobiliza â”œâ”‚rgâ”œأ؛os estaduais competentes para execuâ”œآ؛â”œأ؛o dos projetos de recuperaâ”œآ؛â”œأ؛o	Nâ”œأ؛o avalia danos; nâ”œأ؛o prioriza demandas	2026-02-21 12:05:31.311365+00
110	28	3	DGDEC	Canal com Municâ”œآ،pios e Consolidaâ”œآ؛â”œأ؛o de Danos	Recebe demandas; consolida avaliaâ”œآ؛â”œأپes de danos; reporta â”œأ، SUOP	Nâ”œأ؛o prioriza; nâ”œأ؛o articula com â”œâ”‚rgâ”œأ؛os externos	2026-02-21 12:05:31.311365+00
111	28	4	Coord. Engenharia	Avaliaâ”œآ؛â”œأ؛o Tâ”œآ®cnica de Infraestrutura	Avalia danos em infraestrutura; emite pareceres tâ”œآ®cnicos	Nâ”œأ؛o executa obras; nâ”œأ؛o consolida danos gerais	2026-02-21 12:05:31.311365+00
112	28	5	REDECs (via DREDEC)	Levantamento na Ponta	Realiza levantamento de danos no territâ”œâ”‚rio; reporta necessidades municipais	Nâ”œأ؛o avalia infraestrutura tecnicamente; nâ”œأ؛o prioriza	2026-02-21 12:05:31.311365+00
113	29	1	ICTDEC (com CEPEDEC)	Lâ”œآ،der da Produâ”œآ؛â”œأ؛o de Diretrizes	Produz diretrizes de reconstruâ”œآ؛â”œأ؛o resiliente; estrutura conteâ”œâ•‘do para difusâ”œأ؛o	Nâ”œأ؛o articula politicamente com â”œâ”‚rgâ”œأ؛os externos	2026-02-21 12:05:31.311365+00
114	29	2	Coord. Engenharia	Conteâ”œâ•‘do Tâ”œآ®cnico de Engenharia	Fornece conteâ”œâ•‘do tâ”œآ®cnico sobre engenharia resiliente aplicâ”œأ­vel â”œأ، recuperaâ”œآ؛â”œأ؛o	Nâ”œأ؛o produz diretrizes conceituais; nâ”œأ؛o difunde	2026-02-21 12:05:31.311365+00
115	29	3	SUOP (sob aval da SUBSEGOP)	Validaâ”œآ؛â”œأ؛o e Coordenaâ”œآ؛â”œأ؛o	Valida alinhamento estratâ”œآ®gico; coordena execuâ”œآ؛â”œأ؛o interna	Nâ”œأ؛o produz conteâ”œâ•‘do; nâ”œأ؛o articula com â”œâ”‚rgâ”œأ؛os externos	2026-02-21 12:05:31.311365+00
116	29	4	SUBSEGOP	Articulaâ”œآ؛â”œأ؛o Polâ”œآ،tico-Institucional	Articula acesso aos â”œâ”‚rgâ”œأ؛os estaduais executores para difusâ”œأ؛o das diretrizes	Nâ”œأ؛o produz conteâ”œâ•‘do tâ”œآ®cnico; nâ”œأ؛o executa capacitaâ”œآ؛â”œأ؛o	2026-02-21 12:05:31.311365+00
117	30	1	SUBSEGOP	Lâ”œآ،der da Articulaâ”œآ؛â”œأ؛o Polâ”œآ،tico-Institucional	Conduz o diâ”œأ­logo com â”œâ”‚rgâ”œأ؛os estaduais e atores externos; viabiliza instâ”œأ³ncias de discussâ”œأ؛o	Nâ”œأ؛o produz conteâ”œâ•‘do tâ”œآ®cnico; nâ”œأ؛o capacita	2026-02-21 12:05:31.311365+00
118	30	2	ICTDEC (com CEPEDEC)	Conteâ”œâ•‘do Tâ”œآ®cnico e Metodolâ”œâ”‚gico	Produz estudos, metodologias e subsâ”œآ،dios para qualificar as discussâ”œأپes	Nâ”œأ؛o articula politicamente com â”œâ”‚rgâ”œأ؛os externos	2026-02-21 12:05:31.311365+00
119	30	3	SUOP	Coordenaâ”œآ؛â”œأ؛o Interna	Coordena a participaâ”œآ؛â”œأ؛o dos â”œâ”‚rgâ”œأ؛os da SEDEC; valida alinhamento estratâ”œآ®gico	Nâ”œأ؛o articula com â”œâ”‚rgâ”œأ؛os externos; nâ”œأ؛o produz conteâ”œâ•‘do	2026-02-21 12:05:31.311365+00
120	30	4	ESDEC	Capacitadora	Forma agentes para produâ”œآ؛â”œأ؛o de polâ”œآ،ticas transversais de RRD	Nâ”œأ؛o articula com â”œâ”‚rgâ”œأ؛os externos; nâ”œأ؛o produz diretrizes	2026-02-21 12:05:31.311365+00
121	30	5	DGAC	Dimensâ”œأ؛o Comunitâ”œأ­ria	Contribui com percepâ”œآ؛â”œأ؛o de risco e participaâ”œآ؛â”œأ؛o social nas discussâ”œأپes	Nâ”œأ؛o articula com â”œâ”‚rgâ”œأ؛os estaduais; nâ”œأ؛o produz polâ”œآ،ticas	2026-02-21 12:05:31.311365+00
122	30	6	CEAMA	Dimensâ”œأ؛o Ambiental	Contribui com integraâ”œآ؛â”œأ؛o de polâ”œآ،ticas ambientais e de RRD	Nâ”œأ؛o articula com â”œâ”‚rgâ”œأ؛os fora do tema ambiental	2026-02-21 12:05:31.311365+00
123	30	7	REDECs (via DREDEC)	Participaâ”œآ؛â”œأ؛o Municipal	Articula participaâ”œآ؛â”œأ؛o dos municâ”œآ،pios e traz realidades locais	Nâ”œأ؛o produz conteâ”œâ•‘do tâ”œآ®cnico; nâ”œأ؛o articula com â”œâ”‚rgâ”œأ؛os estaduais	2026-02-21 12:05:31.311365+00
124	30	8	CONEPDEC	Instâ”œأ³ncia Consultiva e Propositiva	Valida propostas de polâ”œآ،ticas transversais; confere legitimidade multisetorial	Nâ”œأ؛o executa aâ”œآ؛â”œأپes operacionais de RRD	2026-02-21 12:05:31.311365+00
125	27	8	CESTGEN	Executor para Energia Nuclear	Atua junto com parceiros do SIPRON exclusivamente nas aâ”œآ؛â”œأپes ligadas â”œأ، preparaâ”œآ؛â”œأ؛o e resposta para emergâ”œآ¬ncias nucleares.	Nâ”œأ؛o atua em outras aâ”œآ؛â”œأپes ligadas a temas que nâ”œأ؛o possuam relaâ”œآ؛â”œأ؛o direta ou indireta com emergâ”œآ¬ncia nuclear.	2026-03-06 14:20:35.051795+00
56	15	3	â”œأ´rgâ”œأ؛os Subordinados	Fonte de Demandas e Campo de Prâ”œأ­tica	Fornecem gargalos e demandas reais; recebem estudantes; validam relevâ”œأ³ncia das atividades. \nAtenta-se ao papel das REDECs que podem ser uma importante fonte de demanda, atravâ”œآ®s de "pesquisas de campo" nos municâ”œآ،pios.	Nâ”œأ؛o formalizam parcerias acadâ”œآ¬micas; nâ”œأ؛o definem o programa	2026-02-21 12:05:31.311365+00
66	18	3	â”œأ´rgâ”œأ؛os Subordinados (com destaque para REDECs)	Captadores e Fonte de Saberes	REDECs coletam saberes/fazeres nos municâ”œآ،pios; demais â”œâ”‚rgâ”œأ؛os contribuem com experiâ”œآ¬ncias internas; Rede Salvar pode captar experiâ”œآ¬ncias de interesse com os parceiros.	Nâ”œأ؛o validam cientificamente; nâ”œأ؛o publicam sem curadoria do CEPEDEC	2026-02-21 12:05:31.311365+00
126	25	9	Novo Setor				2026-03-06 17:13:01.353444+00
\.


--
-- Data for Name: panoramico_setores; Type: TABLE DATA; Schema: public; Owner: postgres
--

COPY public.panoramico_setores (id, panoramico_linha_id, setor_id, tipo_participacao, created_at) FROM stdin;
1	1	10	principal	2026-02-21 12:05:31.311365+00
2	2	17	principal	2026-02-21 12:05:31.311365+00
3	2	4	participante	2026-02-21 12:05:31.311365+00
4	3	13	principal	2026-02-21 12:05:31.311365+00
5	4	20	principal	2026-02-21 12:05:31.311365+00
6	4	12	coordenador	2026-02-21 12:05:31.311365+00
7	5	24	principal	2026-02-21 12:05:31.311365+00
8	5	23	aval	2026-02-21 12:05:31.311365+00
9	6	24	principal	2026-02-21 12:05:31.311365+00
10	6	23	aval	2026-02-21 12:05:31.311365+00
11	7	15	principal	2026-02-21 12:05:31.311365+00
12	8	17	principal	2026-02-21 12:05:31.311365+00
13	9	22	principal	2026-02-21 12:05:31.311365+00
14	10	1	principal	2026-02-21 12:05:31.311365+00
15	11	18	principal	2026-02-21 12:05:31.311365+00
16	12	23	principal	2026-02-21 12:05:31.311365+00
17	12	21	principal	2026-02-21 12:05:31.311365+00
18	13	17	principal	2026-02-21 12:05:31.311365+00
20	14	24	principal	2026-02-21 12:05:31.311365+00
21	14	23	aval	2026-02-21 12:05:31.311365+00
24	17	17	principal	2026-02-21 12:05:31.311365+00
25	18	24	principal	2026-02-21 12:05:31.311365+00
26	18	23	aval	2026-02-21 12:05:31.311365+00
27	19	22	principal	2026-02-21 12:05:31.311365+00
29	21	24	principal	2026-02-21 12:05:31.311365+00
30	21	23	aval	2026-02-21 12:05:31.311365+00
31	22	17	principal	2026-02-21 12:05:31.311365+00
33	24	23	principal	2026-02-21 12:05:31.311365+00
34	24	21	principal	2026-02-21 12:05:31.311365+00
35	25	17	principal	2026-02-21 12:05:31.311365+00
36	26	24	principal	2026-02-21 12:05:31.311365+00
37	26	23	aval	2026-02-21 12:05:31.311365+00
39	28	24	principal	2026-02-21 12:05:31.311365+00
40	28	23	aval	2026-02-21 12:05:31.311365+00
41	29	17	principal	2026-02-21 12:05:31.311365+00
43	31	24	principal	2026-02-21 12:05:31.311365+00
44	31	23	aval	2026-02-21 12:05:31.311365+00
45	32	17	principal	2026-02-21 12:05:31.311365+00
47	34	24	principal	2026-02-21 12:05:31.311365+00
48	34	23	aval	2026-02-21 12:05:31.311365+00
49	35	17	principal	2026-02-21 12:05:31.311365+00
50	36	13	principal	2026-02-21 12:05:31.311365+00
52	38	24	principal	2026-02-21 12:05:31.311365+00
53	38	23	aval	2026-02-21 12:05:31.311365+00
54	39	13	principal	2026-02-21 12:05:31.311365+00
55	40	17	principal	2026-02-21 12:05:31.311365+00
57	42	24	principal	2026-02-21 12:05:31.311365+00
58	42	23	aval	2026-02-21 12:05:31.311365+00
59	43	22	principal	2026-02-21 12:05:31.311365+00
61	45	24	principal	2026-02-21 12:05:31.311365+00
62	45	23	aval	2026-02-21 12:05:31.311365+00
63	46	17	principal	2026-02-21 12:05:31.311365+00
65	48	24	principal	2026-02-21 12:05:31.311365+00
66	48	23	aval	2026-02-21 12:05:31.311365+00
67	49	22	principal	2026-02-21 12:05:31.311365+00
69	51	17	principal	2026-02-21 12:05:31.311365+00
70	52	4	principal	2026-02-21 12:05:31.311365+00
71	53	24	principal	2026-02-21 12:05:31.311365+00
72	53	23	aval	2026-02-21 12:05:31.311365+00
73	54	17	principal	2026-02-21 12:05:31.311365+00
74	55	4	principal	2026-02-21 12:05:31.311365+00
76	57	17	principal	2026-02-21 12:05:31.311365+00
77	58	4	principal	2026-02-21 12:05:31.311365+00
78	59	24	principal	2026-02-21 12:05:31.311365+00
79	59	23	aval	2026-02-21 12:05:31.311365+00
80	60	4	principal	2026-02-21 12:05:31.311365+00
81	61	17	principal	2026-02-21 12:05:31.311365+00
82	62	24	principal	2026-02-21 12:05:31.311365+00
83	62	23	aval	2026-02-21 12:05:31.311365+00
85	64	4	principal	2026-02-21 12:05:31.311365+00
86	65	24	principal	2026-02-21 12:05:31.311365+00
87	65	23	aval	2026-02-21 12:05:31.311365+00
88	66	19	principal	2026-02-21 12:05:31.311365+00
89	66	20	destaque	2026-02-21 12:05:31.311365+00
90	67	4	principal	2026-02-21 12:05:31.311365+00
91	68	17	principal	2026-02-21 12:05:31.311365+00
92	69	24	principal	2026-02-21 12:05:31.311365+00
93	69	23	aval	2026-02-21 12:05:31.311365+00
95	71	17	principal	2026-02-21 12:05:31.311365+00
96	72	4	principal	2026-02-21 12:05:31.311365+00
98	74	4	principal	2026-02-21 12:05:31.311365+00
99	75	17	principal	2026-02-21 12:05:31.311365+00
101	77	17	principal	2026-02-21 12:05:31.311365+00
102	78	4	principal	2026-02-21 12:05:31.311365+00
104	80	17	principal	2026-02-21 12:05:31.311365+00
105	81	23	principal	2026-02-21 12:05:31.311365+00
106	82	24	principal	2026-02-21 12:05:31.311365+00
107	83	3	principal	2026-02-21 12:05:31.311365+00
108	84	11	principal	2026-02-21 12:05:31.311365+00
109	85	20	principal	2026-02-21 12:05:31.311365+00
110	86	13	principal	2026-02-21 12:05:31.311365+00
111	87	10	principal	2026-02-21 12:05:31.311365+00
112	88	24	principal	2026-02-21 12:05:31.311365+00
113	89	3	principal	2026-02-21 12:05:31.311365+00
115	91	2	principal	2026-02-21 12:05:31.311365+00
116	92	17	principal	2026-02-21 12:05:31.311365+00
117	92	4	participante	2026-02-21 12:05:31.311365+00
118	93	13	principal	2026-02-21 12:05:31.311365+00
119	94	10	principal	2026-02-21 12:05:31.311365+00
120	95	20	principal	2026-02-21 12:05:31.311365+00
121	95	12	coordenador	2026-02-21 12:05:31.311365+00
122	96	17	principal	2026-02-21 12:05:31.311365+00
123	96	4	participante	2026-02-21 12:05:31.311365+00
124	96	13	participante	2026-02-21 12:05:31.311365+00
125	97	11	principal	2026-02-21 12:05:31.311365+00
126	98	5	principal	2026-02-21 12:05:31.311365+00
127	99	20	principal	2026-02-21 12:05:31.311365+00
128	99	12	coordenador	2026-02-21 12:05:31.311365+00
129	100	24	principal	2026-02-21 12:05:31.311365+00
130	100	23	aval	2026-02-21 12:05:31.311365+00
131	101	24	principal	2026-02-21 12:05:31.311365+00
132	102	11	principal	2026-02-21 12:05:31.311365+00
133	103	5	principal	2026-02-21 12:05:31.311365+00
134	104	3	principal	2026-02-21 12:05:31.311365+00
135	105	16	principal	2026-02-21 12:05:31.311365+00
136	106	13	principal	2026-02-21 12:05:31.311365+00
137	107	20	principal	2026-02-21 12:05:31.311365+00
138	107	12	coordenador	2026-02-21 12:05:31.311365+00
139	108	24	principal	2026-02-21 12:05:31.311365+00
140	109	16	principal	2026-02-21 12:05:31.311365+00
141	110	11	principal	2026-02-21 12:05:31.311365+00
143	112	20	principal	2026-02-21 12:05:31.311365+00
144	112	12	coordenador	2026-02-21 12:05:31.311365+00
145	113	17	principal	2026-02-21 12:05:31.311365+00
146	113	4	participante	2026-02-21 12:05:31.311365+00
148	115	24	principal	2026-02-21 12:05:31.311365+00
149	115	23	aval	2026-02-21 12:05:31.311365+00
150	116	23	principal	2026-02-21 12:05:31.311365+00
151	117	23	principal	2026-02-21 12:05:31.311365+00
152	118	17	principal	2026-02-21 12:05:31.311365+00
153	118	4	participante	2026-02-21 12:05:31.311365+00
154	119	24	principal	2026-02-21 12:05:31.311365+00
155	120	13	principal	2026-02-21 12:05:31.311365+00
156	121	10	principal	2026-02-21 12:05:31.311365+00
157	122	2	principal	2026-02-21 12:05:31.311365+00
158	123	20	principal	2026-02-21 12:05:31.311365+00
159	123	12	coordenador	2026-02-21 12:05:31.311365+00
160	124	6	principal	2026-02-21 12:05:31.311365+00
161	125	28	participante	2026-03-06 14:23:14.838204+00
162	56	12	participante	2026-03-06 15:46:39.538376+00
163	56	20	participante	2026-03-06 15:47:00.203373+00
164	73	26	participante	2026-03-06 16:23:14.685699+00
165	66	26	participante	2026-03-06 16:26:56.963454+00
166	126	26	participante	2026-03-06 17:15:22.540021+00
114	90	8	principal	2026-02-21 12:05:31.311365+00
142	111	8	principal	2026-02-21 12:05:31.311365+00
147	114	8	principal	2026-02-21 12:05:31.311365+00
23	16	15	principal	2026-02-21 12:05:31.311365+00
22	15	19	principal	2026-02-21 12:05:31.311365+00
28	20	19	principal	2026-02-21 12:05:31.311365+00
32	23	19	principal	2026-02-21 12:05:31.311365+00
38	27	19	principal	2026-02-21 12:05:31.311365+00
42	30	19	principal	2026-02-21 12:05:31.311365+00
46	33	19	principal	2026-02-21 12:05:31.311365+00
51	37	19	principal	2026-02-21 12:05:31.311365+00
56	41	19	principal	2026-02-21 12:05:31.311365+00
60	44	19	principal	2026-02-21 12:05:31.311365+00
64	47	19	principal	2026-02-21 12:05:31.311365+00
68	50	19	principal	2026-02-21 12:05:31.311365+00
75	56	19	principal	2026-02-21 12:05:31.311365+00
84	63	19	principal	2026-02-21 12:05:31.311365+00
94	70	19	principal	2026-02-21 12:05:31.311365+00
97	73	19	principal	2026-02-21 12:05:31.311365+00
100	76	19	principal	2026-02-21 12:05:31.311365+00
103	79	19	principal	2026-02-21 12:05:31.311365+00
\.


--
-- Data for Name: projeto_acoes; Type: TABLE DATA; Schema: public; Owner: postgres
--

COPY public.projeto_acoes (id, projeto_id, acao_estrategica_id) FROM stdin;
9	2	2
10	2	1
11	2	3
12	3	2
23	4	2
24	4	1
26	5	1
\.


--
-- Data for Name: solicitacoes_alteracao; Type: TABLE DATA; Schema: public; Owner: postgres
--

COPY public.solicitacoes_alteracao (id, solicitante_id, solicitante_nome, tipo_entidade, entidade_id, entidade_nome, projeto_id, tipo_operacao, dados_alteracao, status, avaliador_id, avaliador_nome, justificativa_avaliador, avaliado_em, created_at) FROM stdin;
\.


--
-- Name: refresh_tokens_id_seq; Type: SEQUENCE SET; Schema: auth; Owner: supabase_auth_admin
--

SELECT pg_catalog.setval('auth.refresh_tokens_id_seq', 309, true);


--
-- Name: acoes_estrategicas_id_seq; Type: SEQUENCE SET; Schema: public; Owner: postgres
--

SELECT pg_catalog.setval('public.acoes_estrategicas_id_seq', 30, true);


--
-- Name: atividade_participantes_id_seq; Type: SEQUENCE SET; Schema: public; Owner: postgres
--

SELECT pg_catalog.setval('public.atividade_participantes_id_seq', 17, true);


--
-- Name: atividades_id_seq; Type: SEQUENCE SET; Schema: public; Owner: postgres
--

SELECT pg_catalog.setval('public.atividades_id_seq', 10, true);


--
-- Name: audit_log_id_seq; Type: SEQUENCE SET; Schema: public; Owner: postgres
--

SELECT pg_catalog.setval('public.audit_log_id_seq', 101, true);


--
-- Name: destaque_linhas_id_seq; Type: SEQUENCE SET; Schema: public; Owner: postgres
--

SELECT pg_catalog.setval('public.destaque_linhas_id_seq', 88, true);


--
-- Name: destaques_estrategicos_id_seq; Type: SEQUENCE SET; Schema: public; Owner: postgres
--

SELECT pg_catalog.setval('public.destaques_estrategicos_id_seq', 27, true);


--
-- Name: eixos_prioritarios_id_seq; Type: SEQUENCE SET; Schema: public; Owner: postgres
--

SELECT pg_catalog.setval('public.eixos_prioritarios_id_seq', 5, true);


--
-- Name: entrega_participantes_id_seq; Type: SEQUENCE SET; Schema: public; Owner: postgres
--

SELECT pg_catalog.setval('public.entrega_participantes_id_seq', 12, true);


--
-- Name: entregas_id_seq; Type: SEQUENCE SET; Schema: public; Owner: postgres
--

SELECT pg_catalog.setval('public.entregas_id_seq', 12, true);


--
-- Name: estrategias_id_seq; Type: SEQUENCE SET; Schema: public; Owner: postgres
--

SELECT pg_catalog.setval('public.estrategias_id_seq', 17, true);


--
-- Name: ficha_setores_id_seq; Type: SEQUENCE SET; Schema: public; Owner: postgres
--

SELECT pg_catalog.setval('public.ficha_setores_id_seq', 180, true);


--
-- Name: fichas_id_seq; Type: SEQUENCE SET; Schema: public; Owner: postgres
--

SELECT pg_catalog.setval('public.fichas_id_seq', 126, true);


--
-- Name: fundamentacao_itens_id_seq; Type: SEQUENCE SET; Schema: public; Owner: postgres
--

SELECT pg_catalog.setval('public.fundamentacao_itens_id_seq', 92, true);


--
-- Name: fundamentacoes_id_seq; Type: SEQUENCE SET; Schema: public; Owner: postgres
--

SELECT pg_catalog.setval('public.fundamentacoes_id_seq', 30, true);


--
-- Name: objetivos_estrategicos_id_seq; Type: SEQUENCE SET; Schema: public; Owner: postgres
--

SELECT pg_catalog.setval('public.objetivos_estrategicos_id_seq', 9, true);


--
-- Name: observacoes_id_seq; Type: SEQUENCE SET; Schema: public; Owner: postgres
--

SELECT pg_catalog.setval('public.observacoes_id_seq', 31, true);


--
-- Name: panoramico_linhas_id_seq; Type: SEQUENCE SET; Schema: public; Owner: postgres
--

SELECT pg_catalog.setval('public.panoramico_linhas_id_seq', 126, true);


--
-- Name: panoramico_setores_id_seq; Type: SEQUENCE SET; Schema: public; Owner: postgres
--

SELECT pg_catalog.setval('public.panoramico_setores_id_seq', 166, true);


--
-- Name: projeto_acoes_id_seq; Type: SEQUENCE SET; Schema: public; Owner: postgres
--

SELECT pg_catalog.setval('public.projeto_acoes_id_seq', 26, true);


--
-- Name: projetos_id_seq; Type: SEQUENCE SET; Schema: public; Owner: postgres
--

SELECT pg_catalog.setval('public.projetos_id_seq', 5, true);


--
-- Name: setores_id_seq; Type: SEQUENCE SET; Schema: public; Owner: postgres
--

SELECT pg_catalog.setval('public.setores_id_seq', 30, true);


--
-- Name: solicitacoes_alteracao_id_seq; Type: SEQUENCE SET; Schema: public; Owner: postgres
--

SELECT pg_catalog.setval('public.solicitacoes_alteracao_id_seq', 1, false);


--
-- PostgreSQL database dump complete
--

\unrestrict nXEQTdyaW2YhXxCd83XTTa13Uaqxvhf91NehtzrvnXtRmmtueClipdll9Vrs83J

