SET client_encoding = 'UTF8';

-- Eixos Prioritários
INSERT INTO eixos_prioritarios (codigo, nome) VALUES ('EIXO_5', 'EIXO 5: Participação social: fortalecimento da percepção de risco e de');
INSERT INTO eixos_prioritarios (codigo, nome) VALUES ('EIXO_2', 'EIXO 2: Viabilização Operacional de Fontes de Recursos e Governança de');
INSERT INTO eixos_prioritarios (codigo, nome) VALUES ('EIXO_1', 'EIXO 1: Modernização Institucional e Excelência em Governança');
INSERT INTO eixos_prioritarios (codigo, nome) VALUES ('EIXO_3', 'EIXO 3: Fortalecimento da Articulação e Efetividade do SIEPDEC');
INSERT INTO eixos_prioritarios (codigo, nome) VALUES ('EIXO_4', 'EIXO 4: Fomento à Resiliência e Capacidade Técnica Municipal e');

-- Objetivos Estratégicos
INSERT INTO objetivos_estrategicos (codigo, nome) VALUES ('OE1', 'OE 1 — Assegurar sustentabilidade financeira e otimizar a aplicação dos recursos');
INSERT INTO objetivos_estrategicos (codigo, nome) VALUES ('OE10', 'OE 10 — Promover e apoiar a preparação e a conscientização comunitária');
INSERT INTO objetivos_estrategicos (codigo, nome) VALUES ('OE2', 'OE 2 — Aprimorar a governança e a gestão');
INSERT INTO objetivos_estrategicos (codigo, nome) VALUES ('OE3', 'OE 3 — Desenvolver o efetivo');
INSERT INTO objetivos_estrategicos (codigo, nome) VALUES ('OE4', 'OE 4 — Promover melhorias de infraestrutura e da rede de serviços contratados');
INSERT INTO objetivos_estrategicos (codigo, nome) VALUES ('OE6', 'OE 6 — Promover a inovação e a produção de conhecimento e produtos em proteção e defesa civil');
INSERT INTO objetivos_estrategicos (codigo, nome) VALUES ('OE7', 'OE 7 — Aprimorar arcabouço normativo em proteção e defesa civil');
INSERT INTO objetivos_estrategicos (codigo, nome) VALUES ('OE8', 'OE 8 — Aprimorar os serviços de apoio direto aos municípios');
INSERT INTO objetivos_estrategicos (codigo, nome) VALUES ('OE9', 'OE 9 — Promover a redução de riscos de desastres no Estado do RJ, com ênfase no apoio e estímulo de políticas públicas municipais integradas e transversais');

-- Estratégias
INSERT INTO estrategias (codigo, nome, objetivo_estrategico_id) VALUES ('E1.1', 'E1.1 — Aprimoramento da construção do orçamento anual, ampliação das fontes de recursos e criação de receitas', (SELECT id FROM objetivos_estrategicos WHERE codigo = 'OE1'));
INSERT INTO estrategias (codigo, nome, objetivo_estrategico_id) VALUES ('E10.1', 'E10.1 — Apoio à promoção da percepção de riscos nas comunidades e do aumento da conscientização quanto aos comportamentos positivos em PDC', (SELECT id FROM objetivos_estrategicos WHERE codigo = 'OE10'));
INSERT INTO estrategias (codigo, nome, objetivo_estrategico_id) VALUES ('E2.1', 'E2.1 — Aprimoramento da governança e gestão', (SELECT id FROM objetivos_estrategicos WHERE codigo = 'OE2'));
INSERT INTO estrategias (codigo, nome, objetivo_estrategico_id) VALUES ('E3.1', 'E3.1 — Desenvolvimento e adequação do efetivo', (SELECT id FROM objetivos_estrategicos WHERE codigo = 'OE3'));
INSERT INTO estrategias (codigo, nome, objetivo_estrategico_id) VALUES ('E4.1', 'E4.1 — Otimização e desenvolvimento da infraestrutura e dos sistemas prediais', (SELECT id FROM objetivos_estrategicos WHERE codigo = 'OE4'));
INSERT INTO estrategias (codigo, nome, objetivo_estrategico_id) VALUES ('E4.3', 'E4.3 — Otimização e desenvolvimento dos sistemas tecnológicos', (SELECT id FROM objetivos_estrategicos WHERE codigo = 'OE4'));
INSERT INTO estrategias (codigo, nome, objetivo_estrategico_id) VALUES ('E4.4', 'E4.4 — Aprimoramento da rede de serviços contratados', (SELECT id FROM objetivos_estrategicos WHERE codigo = 'OE4'));
INSERT INTO estrategias (codigo, nome, objetivo_estrategico_id) VALUES ('E6.1', 'E6.1 — Estruturação da atividade de ciência e tecnologia (Relacionamento)', (SELECT id FROM objetivos_estrategicos WHERE codigo = 'OE6'));
INSERT INTO estrategias (codigo, nome, objetivo_estrategico_id) VALUES ('E6.2', 'E6.2 — Promoção da Inovação', (SELECT id FROM objetivos_estrategicos WHERE codigo = 'OE6'));
INSERT INTO estrategias (codigo, nome, objetivo_estrategico_id) VALUES ('E6.3', 'E6.3 — Fomento da Produção de Conhecimento', (SELECT id FROM objetivos_estrategicos WHERE codigo = 'OE6'));
INSERT INTO estrategias (codigo, nome, objetivo_estrategico_id) VALUES ('E6.4', 'E6.4 — Aplicação dos Conhecimentos Produzidos', (SELECT id FROM objetivos_estrategicos WHERE codigo = 'OE6'));
INSERT INTO estrategias (codigo, nome, objetivo_estrategico_id) VALUES ('E6.5', 'E6.5 — Aprimoramento da Gestão da Informação', (SELECT id FROM objetivos_estrategicos WHERE codigo = 'OE6'));
INSERT INTO estrategias (codigo, nome, objetivo_estrategico_id) VALUES ('E7.1', 'E7.1 — Aprimoramento de normas legais e infralegais', (SELECT id FROM objetivos_estrategicos WHERE codigo = 'OE7'));
INSERT INTO estrategias (codigo, nome, objetivo_estrategico_id) VALUES ('E8.1', 'E8.1 — Aprimoramento dos serviços de prevenção e mitigação', (SELECT id FROM objetivos_estrategicos WHERE codigo = 'OE8'));
INSERT INTO estrategias (codigo, nome, objetivo_estrategico_id) VALUES ('E8.2', 'E8.2 — Aprimoramento dos serviços de preparação e resposta', (SELECT id FROM objetivos_estrategicos WHERE codigo = 'OE8'));
INSERT INTO estrategias (codigo, nome, objetivo_estrategico_id) VALUES ('E8.3', 'E8.3 — Aprimoramento dos serviços de recuperação', (SELECT id FROM objetivos_estrategicos WHERE codigo = 'OE8'));
INSERT INTO estrategias (codigo, nome, objetivo_estrategico_id) VALUES ('E9.2', 'E9.2 — Incentivar o desenvolvimento de políticas públicas transversais e integradas', (SELECT id FROM objetivos_estrategicos WHERE codigo = 'OE9'));

-- Setores Atômicos
INSERT INTO setores (codigo, nome_completo) VALUES ('ASSEJUR', 'Assessoria Jurídica');
INSERT INTO setores (codigo, nome_completo) VALUES ('CEAMA', 'Coordenadoria Estadual de Ações de Meio Ambiente');
INSERT INTO setores (codigo, nome_completo) VALUES ('CEMADEN_RJ', 'Centro Estadual de Monitoramento e Alerta de Desastres Naturais');
INSERT INTO setores (codigo, nome_completo) VALUES ('CEPEDEC', 'Centro de Estudos e Pesquisas em Defesa Civil');
INSERT INTO setores (codigo, nome_completo) VALUES ('CESTAD', 'Centro Estadual de Apoio a Desastres');
INSERT INTO setores (codigo, nome_completo) VALUES ('CONEPDEC', 'Conselho Estadual de Proteção e Defesa Civil');
INSERT INTO setores (codigo, nome_completo) VALUES ('COORD._ENGENHARIA', 'COORD._ENGENHARIA');
INSERT INTO setores (codigo, nome_completo) VALUES ('COORD_ENGENHARIA', 'Coordenadoria de Engenharia em Defesa Civil');
INSERT INTO setores (codigo, nome_completo) VALUES ('DAEAD', 'Divisão de Análise Estratégica e Apoio à Decisão');
INSERT INTO setores (codigo, nome_completo) VALUES ('DGAC', 'Diretoria-Geral de Ações Comunitárias');
INSERT INTO setores (codigo, nome_completo) VALUES ('DGDEC', 'Diretoria-Geral de Defesa Civil');
INSERT INTO setores (codigo, nome_completo) VALUES ('DREDEC', 'Diretoria de Regionais de Defesa Civil');
INSERT INTO setores (codigo, nome_completo) VALUES ('ESDEC', 'Escola de Defesa Civil');
INSERT INTO setores (codigo, nome_completo) VALUES ('GABINETE_DE_GESTÃO_DE_PROJETOS', 'GABINETE_DE_GESTÃO_DE_PROJETOS');
INSERT INTO setores (codigo, nome_completo) VALUES ('GAB_GESTAO_PROJETOS', 'Gabinete de Gestão de Projetos');
INSERT INTO setores (codigo, nome_completo) VALUES ('GRAC', 'Grupo Integrado de Ações Coordenadas');
INSERT INTO setores (codigo, nome_completo) VALUES ('ICTDEC', 'Instituto Científico e Tecnológico de Defesa Civil');
INSERT INTO setores (codigo, nome_completo) VALUES ('ORGAOS_FINALISTICOS', 'Órgãos Finalísticos da SEDEC');
INSERT INTO setores (codigo, nome_completo) VALUES ('ORGAOS_SUBORDINADOS', 'Órgãos Subordinados (Direções, Coordenações e demais setores)');
INSERT INTO setores (codigo, nome_completo) VALUES ('REDECS', 'Regionais de Defesa Civil');
INSERT INTO setores (codigo, nome_completo) VALUES ('SECRETARIO', 'Secretário de Estado de Defesa Civil');
INSERT INTO setores (codigo, nome_completo) VALUES ('SUBSEGAD', 'Subsecretaria Administrativa');
INSERT INTO setores (codigo, nome_completo) VALUES ('SUBSEGOP', 'Subsecretaria Operacional');
INSERT INTO setores (codigo, nome_completo) VALUES ('SUOP', 'Superintendência Operacional');
INSERT INTO setores (codigo, nome_completo) VALUES ('ÓRGÃOS_SUBORDINADOS', 'ÓRGÃOS_SUBORDINADOS');

-- ============================================================
-- AÇÕES ESTRATÉGICAS E DADOS RELACIONADOS
-- ============================================================

-- AE 10.1.2
INSERT INTO acoes_estrategicas (numero, nome, eixo_prioritario_id, objetivo_estrategico_id, estrategia_id,
    acoes_conectadas, descricao_oficial_completa, descricao_o_que, descricao_para_que, ancoragem,
    nota_arranjo_institucional, versao, data_elaboracao, elaboracao, proxima_fase)
VALUES ('10.1.2', 'Desenvolver portfólio de projetos comunitários em PDC para adesão municipal', (SELECT id FROM eixos_prioritarios WHERE codigo = 'EIXO_5'), (SELECT id FROM objetivos_estrategicos WHERE codigo = 'OE10'), (SELECT id FROM estrategias WHERE codigo = 'E10.1'),
    'AE 10.1.1 (Material audiovisual de percepção de risco) | AE 10.1.3 (Orientação técnica aos municípios) | AE 8.1.5 (Colaboração em prevenção/mitigação)',
    'Modelagem de soluções, materiais de apoio e metodologias de proteção comunitária replicáveis (O QUÊ), visando fomentar e facilitar a implementação de políticas locais de percepção de risco de desastres nos municípios integrantes do SIEPDEC-RJ. (PARA QUÊ).',
    'Modelagem de soluções, materiais de apoio e metodologias de proteção comunitária replicáveis.',
    'Fomentar e facilitar a implementação de políticas locais de percepção de risco de desastres nos municípios integrantes do SIEPDEC-RJ.',
    'A percepção de risco e a conscientização comunitária são competências municipais que dependem de capacidade técnica local. Muitos municípios não dispõem de metodologias, modelos ou referências para implementar projetos de proteção comunitária. O Plano Estratégico 2024–2035 posiciona esta ação na Estratégia E10.1, com foco na modelagem de soluções, materiais de apoio e metodologias de proteção comunitária replicáveis. As iniciativas indicadas são colher melhores práticas de projetos com os municípios e disponibilizar o portfólio para adesão.',
    NULL,
    '1.0',
    '2026-02-18',
    'ICTDEC/DAEAD',
    'Fase 2 — Desdobramento Orientado (definição de entregas por setor)');
INSERT INTO destaques_estrategicos (acao_estrategica_id, titulo, header_contexto)
VALUES ((SELECT id FROM acoes_estrategicas WHERE numero = '10.1.2'), 'Projetos-Prateleira para Adesão Municipal', 'CONTEXTO — Do Modelo ao Território');
INSERT INTO destaque_linhas (destaque_id, ordem, tipo, label, conteudo)
VALUES ((SELECT id FROM destaques_estrategicos WHERE acao_estrategica_id = (SELECT id FROM acoes_estrategicas WHERE numero = '10.1.2')), 1, 'label_conteudo', 'Princípio', 'Municípios que desejam implementar projetos de proteção comunitária frequentemente não sabem por onde começar. Não têm metodologias, modelos de projeto nem materiais de referência. O resultado é que iniciativas locais dependem da capacidade individual de cada gestão municipal, gerando disparidade na qualidade e na continuidade das ações. Esta ação resolve esse problema criando um portfólio de projetos-prateleira: modelos prontos, testados e replicáveis, que o município adere e adapta à sua realidade. O portfólio reduz a barreira de entrada e padroniza a qualidade das iniciativas comunitárias em todo o Estado.');
INSERT INTO destaque_linhas (destaque_id, ordem, tipo, label, conteudo)
VALUES ((SELECT id FROM destaques_estrategicos WHERE acao_estrategica_id = (SELECT id FROM acoes_estrategicas WHERE numero = '10.1.2')), 2, 'label_conteudo', 'O ciclo de produção', 'Coleta de práticas: as REDECs (via DREDEC) colhem junto aos municípios as melhores práticas de projetos comunitários em PDC já existentes.
Análise, sistematização e modelagem: a DGAC analisa as práticas coletadas, identifica elementos replicáveis, sistematiza o conhecimento e modela os projetos-prateleira — com escopo, materiais de apoio, roteiros de implementação e critérios de adaptação local. Quando a análise exigir rigor científico específico, solicita suporte ao ICTDEC (com CEPEDEC).
Capacitação: a ESDEC capacita agentes municipais para a implementação dos projetos do portfólio.
Difusão e adesão: as REDECs disponibilizam o portfólio aos municípios e articulam a adesão.');
INSERT INTO destaque_linhas (destaque_id, ordem, tipo, label, conteudo)
VALUES ((SELECT id FROM destaques_estrategicos WHERE acao_estrategica_id = (SELECT id FROM acoes_estrategicas WHERE numero = '10.1.2')), 3, 'label_conteudo', 'Risco a evitar', 'Portfólio genérico sem base empírica. Projetos modelados sem coleta prévia de práticas reais tendem a ser teóricos e desconectados das realidades locais. A etapa de coleta junto aos municípios é condição de qualidade para o portfólio.');
INSERT INTO panoramico_linhas (acao_estrategica_id, ordem, setor_display, papel, sintese_contribuicao, nao_faz)
VALUES ((SELECT id FROM acoes_estrategicas WHERE numero = '10.1.2'), 1, 'DGAC', 'Líder da Ação', 'Cria, analisa, sistematiza e modela projetos-prateleira de proteção comunitária', 'Não coleta práticas nos municípios; não capacita formalmente');
INSERT INTO panoramico_setores (panoramico_linha_id, setor_id, tipo_participacao)
VALUES ((SELECT id FROM panoramico_linhas WHERE acao_estrategica_id = (SELECT id FROM acoes_estrategicas WHERE numero = '10.1.2') AND ordem = 1), (SELECT id FROM setores WHERE codigo = 'DGAC'), 'principal');
INSERT INTO panoramico_linhas (acao_estrategica_id, ordem, setor_display, papel, sintese_contribuicao, nao_faz)
VALUES ((SELECT id FROM acoes_estrategicas WHERE numero = '10.1.2'), 2, 'ICTDEC (com CEPEDEC)', 'Suporte Científico sob Demanda', 'Fornece rigor científico e metodologias estatísticas quando solicitado pela DGAC', 'Não lidera criação ou sistematização; não modela projetos');
INSERT INTO panoramico_setores (panoramico_linha_id, setor_id, tipo_participacao)
VALUES ((SELECT id FROM panoramico_linhas WHERE acao_estrategica_id = (SELECT id FROM acoes_estrategicas WHERE numero = '10.1.2') AND ordem = 2), (SELECT id FROM setores WHERE codigo = 'ICTDEC'), 'principal');
INSERT INTO panoramico_setores (panoramico_linha_id, setor_id, tipo_participacao)
VALUES ((SELECT id FROM panoramico_linhas WHERE acao_estrategica_id = (SELECT id FROM acoes_estrategicas WHERE numero = '10.1.2') AND ordem = 2), (SELECT id FROM setores WHERE codigo = 'CEPEDEC'), 'participante');
INSERT INTO panoramico_linhas (acao_estrategica_id, ordem, setor_display, papel, sintese_contribuicao, nao_faz)
VALUES ((SELECT id FROM acoes_estrategicas WHERE numero = '10.1.2'), 3, 'ESDEC', 'Capacitadora', 'Forma agentes municipais para implementação dos projetos do portfólio', 'Não modela projetos; não coleta práticas');
INSERT INTO panoramico_setores (panoramico_linha_id, setor_id, tipo_participacao)
VALUES ((SELECT id FROM panoramico_linhas WHERE acao_estrategica_id = (SELECT id FROM acoes_estrategicas WHERE numero = '10.1.2') AND ordem = 3), (SELECT id FROM setores WHERE codigo = 'ESDEC'), 'principal');
INSERT INTO panoramico_linhas (acao_estrategica_id, ordem, setor_display, papel, sintese_contribuicao, nao_faz)
VALUES ((SELECT id FROM acoes_estrategicas WHERE numero = '10.1.2'), 4, 'REDECs (via DREDEC)', 'Coleta e Difusão', 'Colhe práticas nos municípios; disponibiliza portfólio; articula adesão', 'Não modela projetos; não sistematiza metodologicamente');
INSERT INTO panoramico_setores (panoramico_linha_id, setor_id, tipo_participacao)
VALUES ((SELECT id FROM panoramico_linhas WHERE acao_estrategica_id = (SELECT id FROM acoes_estrategicas WHERE numero = '10.1.2') AND ordem = 4), (SELECT id FROM setores WHERE codigo = 'REDECS'), 'principal');
INSERT INTO panoramico_setores (panoramico_linha_id, setor_id, tipo_participacao)
VALUES ((SELECT id FROM panoramico_linhas WHERE acao_estrategica_id = (SELECT id FROM acoes_estrategicas WHERE numero = '10.1.2') AND ordem = 4), (SELECT id FROM setores WHERE codigo = 'DREDEC'), 'coordenador');
INSERT INTO panoramico_linhas (acao_estrategica_id, ordem, setor_display, papel, sintese_contribuicao, nao_faz)
VALUES ((SELECT id FROM acoes_estrategicas WHERE numero = '10.1.2'), 5, 'SUOP (sob aval da SUBSEGOP)', 'Validação e Coordenação', 'Valida alinhamento estratégico; coordena integração entre órgãos', 'Não produz conteúdo; não executa na ponta');
INSERT INTO panoramico_setores (panoramico_linha_id, setor_id, tipo_participacao)
VALUES ((SELECT id FROM panoramico_linhas WHERE acao_estrategica_id = (SELECT id FROM acoes_estrategicas WHERE numero = '10.1.2') AND ordem = 5), (SELECT id FROM setores WHERE codigo = 'SUOP'), 'principal');
INSERT INTO panoramico_setores (panoramico_linha_id, setor_id, tipo_participacao)
VALUES ((SELECT id FROM panoramico_linhas WHERE acao_estrategica_id = (SELECT id FROM acoes_estrategicas WHERE numero = '10.1.2') AND ordem = 5), (SELECT id FROM setores WHERE codigo = 'SUBSEGOP'), 'aval');
INSERT INTO fichas (acao_estrategica_id, ordem, titulo, setor_display, papel, justificativa,
    contribuicao_esperada, nao_escopo, dependencias_criticas)
VALUES ((SELECT id FROM acoes_estrategicas WHERE numero = '10.1.2'), 1, 'DGAC — LÍDER DA AÇÃO',
    'DGAC', 'LÍDER DA AÇÃO', 'A DGAC é o órgão responsável pela conscientização comunitária e pela promoção da percepção de risco. Nesta ação, lidera o ciclo completo: cria, analisa, sistematiza e modela os projetos-prateleira de proteção comunitária. Define o escopo de cada projeto, elabora materiais de apoio, roteiros de implementação e critérios de adaptação local. A DGAC detém o conhecimento sobre as dinâmicas comunitárias e sobre os formatos que geram engajamento nas comunidades. Quando necessário, solicita ao ICTDEC (com CEPEDEC) suporte científico e metodológico específico.',
    ARRAY['Liderar o ciclo completo de produção do portfólio: criação, análise, sistematização e modelagem dos projetos-prateleira', 'Definir escopo, materiais de apoio, roteiros de implementação e critérios de adaptação local', 'Analisar e sistematizar as práticas coletadas pelas REDECs, identificando elementos replicáveis', 'Validar a aplicabilidade comunitária dos projetos antes da disponibilização no portfólio', 'Solicitar ao ICTDEC suporte científico quando a análise exigir rigor metodológico específico'], ARRAY['Não capacitar formalmente agentes municipais (competência da ESDEC)', 'Não coletar práticas nos municípios (competência das REDECs via DREDEC)'], ARRAY['Práticas coletadas pelas REDECs como matéria-prima', 'Validação estratégica da SUOP', 'Suporte científico do ICTDEC/CEPEDEC quando solicitado', 'Capacitação da ESDEC para viabilizar a implementação municipal']);
INSERT INTO ficha_setores (ficha_id, setor_id, tipo_participacao)
VALUES ((SELECT id FROM fichas WHERE acao_estrategica_id = (SELECT id FROM acoes_estrategicas WHERE numero = '10.1.2') AND ordem = 1), (SELECT id FROM setores WHERE codigo = 'DGAC'), 'principal');
INSERT INTO fichas (acao_estrategica_id, ordem, titulo, setor_display, papel, justificativa,
    contribuicao_esperada, nao_escopo, dependencias_criticas)
VALUES ((SELECT id FROM acoes_estrategicas WHERE numero = '10.1.2'), 2, 'ICTDEC (com CEPEDEC) — SUPORTE CIENTÍFICO SOB DEMANDA',
    'ICTDEC (com CEPEDEC)', 'SUPORTE CIENTÍFICO SOB DEMANDA', 'O ICTDEC, por meio do CEPEDEC, é o produtor de conhecimento científico e metodologias da Secretaria. Nesta ação, atua sob demanda da DGAC: quando a análise ou sistematização das práticas comunitárias exigir rigor científico específico — como aplicação de metodologias estatísticas robustas, validação técnico-científica de modelos ou produção de referências acadêmicas —, o ICTDEC é acionado. A liderança da criação, análise e sistematização permanece com a DGAC.',
    ARRAY['Fornecer suporte científico e metodológico à DGAC quando solicitado', 'Aplicar metodologias estatísticas robustas quando a análise das práticas exigir', 'Validar tecnicamente modelos de projeto que demandem fundamentação científica específica', 'Apoiar a ESDEC com conteúdo científico para capacitação, quando solicitado'], ARRAY['Não liderar a criação, análise ou sistematização das práticas (competência da DGAC)', 'Não modelar projetos-prateleira (competência da DGAC)', 'Não difundir o portfólio aos municípios (competência das REDECs via DREDEC)', 'Não conduzir capacitações (competência da ESDEC)'], ARRAY['Demandas específicas da DGAC sobre temas que exijam rigor científico', 'Acesso às práticas já coletadas e pré-analisadas pela DGAC', 'Parcerias com IES e ICTs (AE 6.1.3) como fonte complementar de conhecimento']);
INSERT INTO ficha_setores (ficha_id, setor_id, tipo_participacao)
VALUES ((SELECT id FROM fichas WHERE acao_estrategica_id = (SELECT id FROM acoes_estrategicas WHERE numero = '10.1.2') AND ordem = 2), (SELECT id FROM setores WHERE codigo = 'ICTDEC'), 'principal');
INSERT INTO ficha_setores (ficha_id, setor_id, tipo_participacao)
VALUES ((SELECT id FROM fichas WHERE acao_estrategica_id = (SELECT id FROM acoes_estrategicas WHERE numero = '10.1.2') AND ordem = 2), (SELECT id FROM setores WHERE codigo = 'CEPEDEC'), 'participante');
INSERT INTO fichas (acao_estrategica_id, ordem, titulo, setor_display, papel, justificativa,
    contribuicao_esperada, nao_escopo, dependencias_criticas)
VALUES ((SELECT id FROM acoes_estrategicas WHERE numero = '10.1.2'), 3, 'ESDEC — CAPACITADORA',
    'ESDEC', 'CAPACITADORA', 'A ESDEC capacita agentes do SIEPDEC-RJ. Nesta ação, forma agentes municipais para a implementação dos projetos do portfólio: como aplicar as metodologias, adaptar os projetos à realidade local, engajar comunidades e monitorar resultados. Os conteúdos são fornecidos pela DGAC (modelagem) e pelo ICTDEC (fundamentação metodológica).',
    ARRAY['Estruturar e executar capacitações para agentes municipais na implementação dos projetos do portfólio', 'Incluir conteúdos de aplicação de metodologias, adaptação local, engajamento comunitário e monitoramento', 'Avaliar o aprendizado e retroalimentar o modelo de capacitação'], ARRAY['Não modelar projetos (competência da DGAC)', 'Não sistematizar práticas (competência do ICTDEC/CEPEDEC)', 'Não articular adesão municipal (competência das REDECs via DREDEC)'], ARRAY['Conteúdos fornecidos pela DGAC e pelo ICTDEC/CEPEDEC', 'Demanda dimensionada pela SUOP', 'Apoio logístico das REDECs para capacitação no território']);
INSERT INTO ficha_setores (ficha_id, setor_id, tipo_participacao)
VALUES ((SELECT id FROM fichas WHERE acao_estrategica_id = (SELECT id FROM acoes_estrategicas WHERE numero = '10.1.2') AND ordem = 3), (SELECT id FROM setores WHERE codigo = 'ESDEC'), 'principal');
INSERT INTO fichas (acao_estrategica_id, ordem, titulo, setor_display, papel, justificativa,
    contribuicao_esperada, nao_escopo, dependencias_criticas)
VALUES ((SELECT id FROM acoes_estrategicas WHERE numero = '10.1.2'), 4, 'REDECs (via DREDEC) — COLETA DE PRÁTICAS E DIFUSÃO AOS MUNICÍPIOS',
    'REDECs (via DREDEC)', 'COLETA DE PRÁTICAS E DIFUSÃO AOS MUNICÍPIOS', 'As REDECs são o elo entre o Estado e os municípios. Nesta ação, atuam nas duas pontas do ciclo: na entrada, colhem junto aos municípios e COMDECs as melhores práticas de projetos comunitários em PDC já existentes, alimentando o ICTDEC com matéria-prima para sistematização; na saída, disponibilizam o portfólio aos municípios, articulam a adesão e acompanham a implementação.',
    ARRAY['Colher junto aos municípios e COMDECs as melhores práticas de projetos comunitários em PDC', 'Disponibilizar o portfólio de projetos aos municípios de sua região', 'Articular a adesão municipal aos projetos do portfólio', 'Acompanhar e reportar a implementação dos projetos nos municípios'], ARRAY['Não modelar projetos (competência da DGAC)', 'Não sistematizar metodologicamente (competência do ICTDEC/CEPEDEC)', 'Não capacitar formalmente agentes municipais (competência da ESDEC)', 'Não formalizar convênios sem aprovação da SUBSEGAD e validação da ASSEJUR'], ARRAY['Orientações da DGAC sobre o que coletar e como difundir', 'Portfólio finalizado e validado para disponibilização', 'Priorização de municípios definida pela SUOP']);
INSERT INTO ficha_setores (ficha_id, setor_id, tipo_participacao)
VALUES ((SELECT id FROM fichas WHERE acao_estrategica_id = (SELECT id FROM acoes_estrategicas WHERE numero = '10.1.2') AND ordem = 4), (SELECT id FROM setores WHERE codigo = 'REDECS'), 'principal');
INSERT INTO ficha_setores (ficha_id, setor_id, tipo_participacao)
VALUES ((SELECT id FROM fichas WHERE acao_estrategica_id = (SELECT id FROM acoes_estrategicas WHERE numero = '10.1.2') AND ordem = 4), (SELECT id FROM setores WHERE codigo = 'DREDEC'), 'coordenador');
INSERT INTO fichas (acao_estrategica_id, ordem, titulo, setor_display, papel, justificativa,
    contribuicao_esperada, nao_escopo, dependencias_criticas)
VALUES ((SELECT id FROM acoes_estrategicas WHERE numero = '10.1.2'), 5, 'SUOP (sob aval da SUBSEGOP) — VALIDAÇÃO E COORDENAÇÃO',
    'SUOP (sob aval da SUBSEGOP)', 'VALIDAÇÃO E COORDENAÇÃO', 'A SUOP comanda os órgãos setoriais. Nesta ação, valida o portfólio quanto ao alinhamento ao Plano Estratégico, coordena a integração entre os órgãos envolvidos (DGAC, ICTDEC, ESDEC, REDECs) e define critérios de priorização de municípios para difusão e capacitação.',
    ARRAY['Validar o portfólio quanto ao alinhamento ao Plano Estratégico e às prioridades da SEDEC', 'Coordenar a integração entre DGAC, ICTDEC, ESDEC e REDECs na produção e difusão', 'Definir critérios de priorização de municípios para adesão e capacitação', 'Monitorar o ciclo de produção e os resultados da adesão municipal'], ARRAY['Não produzir conteúdo (competência da DGAC e do ICTDEC)', 'Não executar na ponta (competência das REDECs)', 'Não conduzir capacitações (competência da ESDEC)'], ARRAY['Colaboração dos órgãos envolvidos na execução de suas partes', 'Informações das REDECs sobre necessidades e adesão municipal']);
INSERT INTO ficha_setores (ficha_id, setor_id, tipo_participacao)
VALUES ((SELECT id FROM fichas WHERE acao_estrategica_id = (SELECT id FROM acoes_estrategicas WHERE numero = '10.1.2') AND ordem = 5), (SELECT id FROM setores WHERE codigo = 'SUOP'), 'principal');
INSERT INTO ficha_setores (ficha_id, setor_id, tipo_participacao)
VALUES ((SELECT id FROM fichas WHERE acao_estrategica_id = (SELECT id FROM acoes_estrategicas WHERE numero = '10.1.2') AND ordem = 5), (SELECT id FROM setores WHERE codigo = 'SUBSEGOP'), 'aval');
INSERT INTO fundamentacoes (acao_estrategica_id, introducao, conclusao)
VALUES ((SELECT id FROM acoes_estrategicas WHERE numero = '10.1.2'), 'A ausência de um portfólio de projetos comunitários replicáveis gera três efeitos:', 'Esta ação enfrenta esses efeitos por meio de um ciclo de produção de portfólio: as REDECs coletam práticas nos municípios; a DGAC analisa, sistematiza e modela os projetos-prateleira (com suporte científico do ICTDEC/CEPEDEC quando necessário); a ESDEC capacita agentes para implementação; e as REDECs difundem o portfólio e articulam a adesão municipal. A SUOP valida e coordena o ciclo.');
INSERT INTO fundamentacao_itens (fundamentacao_id, ordem, conteudo)
VALUES ((SELECT id FROM fundamentacoes WHERE acao_estrategica_id = (SELECT id FROM acoes_estrategicas WHERE numero = '10.1.2')), 1, '1. Barreira de entrada: Municípios que desejam implementar projetos de proteção comunitária não dispõem de modelos, metodologias ou materiais de referência. O custo de criação do zero é alto e a maioria das COMDECs não tem capacidade técnica para desenvolver projetos próprios. O resultado é que a implementação não ocorre ou depende de iniciativas individuais.');
INSERT INTO fundamentacao_itens (fundamentacao_id, ordem, conteudo)
VALUES ((SELECT id FROM fundamentacoes WHERE acao_estrategica_id = (SELECT id FROM acoes_estrategicas WHERE numero = '10.1.2')), 2, '2. Disparidade entre municípios: Sem padronização, a qualidade das iniciativas comunitárias varia conforme a capacidade de cada gestão municipal. Municípios com mais recursos produzem projetos melhores; municípios vulneráveis ficam sem cobertura. A percepção de risco e a conscientização comunitária ficam desiguais no território estadual.');
INSERT INTO fundamentacao_itens (fundamentacao_id, ordem, conteudo)
VALUES ((SELECT id FROM fundamentacoes WHERE acao_estrategica_id = (SELECT id FROM acoes_estrategicas WHERE numero = '10.1.2')), 3, '3. Práticas exitosas não sistematizadas: Municípios que desenvolveram projetos comunitários bem-sucedidos não têm canal para compartilhar suas práticas. O conhecimento gerado fica restrito ao município de origem, sem gerar benefício para o restante do Estado.');

-- AE 1.1.3
INSERT INTO acoes_estrategicas (numero, nome, eixo_prioritario_id, objetivo_estrategico_id, estrategia_id,
    acoes_conectadas, descricao_oficial_completa, descricao_o_que, descricao_para_que, ancoragem,
    nota_arranjo_institucional, versao, data_elaboracao, elaboracao, proxima_fase)
VALUES ('1.1.3', 'Buscar novas fontes de recursos e criar receitas', (SELECT id FROM eixos_prioritarios WHERE codigo = 'EIXO_2'), (SELECT id FROM objetivos_estrategicos WHERE codigo = 'OE1'), (SELECT id FROM estrategias WHERE codigo = 'E1.1'),
    'AE 1.1.1 (Otimizar estrutura orçamentária) | AE 1.1.2 (Redimensionar orçamento) | AE 1.1.4 (Potencializar receitas existentes) | AE 2.1.2 (Gestão de projetos) | AE 2.1.3 (Instrumentos institucionais) | AE 7.1.2 (Atuação parlamentar)',
    'Estruturação para prospecção de editais, operacionalização e otimização de fundo estadual de defesa civil, aproveitamento de fundos nacionais/estaduais/internacionais e parcerias público-privadas (O QUÊ), visando diversificar a matriz de financiamento da Defesa Civil e reduzir a dependência exclusiva do tesouro estadual para investimentos (PARA QUÊ).',
    'Estruturação para prospecção de editais, operacionalização e otimização de fundo estadual de defesa civil, aproveitamento de fundos nacionais/estaduais/internacionais e parcerias público-privadas.',
    'Diversificar a matriz de financiamento da Defesa Civil e reduzir a dependência exclusiva do tesouro estadual para investimentos.',
    'Esta ação encontra fundamento na Lei Federal nº 12.608/2012, que institui a Política Nacional de Proteção e Defesa Civil e prevê a articulação entre os entes federados para captação e aplicação de recursos. No âmbito estadual, a PEPDEC (Decreto nº 46.935/2020) estabelece, em seu Art. 4º, inciso XVII, o objetivo de “estimular o investimento econômico que viabilize políticas públicas integradas à proteção e defesa civil”. O Plano Estratégico 2024–2035 posiciona esta ação dentro da Estratégia E1.1, cuja premissa é que a Secretaria não pode depender exclusivamente do Tesouro Estadual para financiar seus investimentos.',
    NULL,
    '1.0',
    '2026-02-14',
    'ICTDEC/DAEAD',
    'Fase 2 — Desdobramento Orientado (definição de entregas por setor)');
INSERT INTO destaques_estrategicos (acao_estrategica_id, titulo, header_contexto)
VALUES ((SELECT id FROM acoes_estrategicas WHERE numero = '1.1.3'), 'O Fundo Estadual de Proteção e Defesa Civil', 'CONTEXTO CRÍTICO — Fundo Estadual de Proteção e Defesa Civil');
INSERT INTO destaque_linhas (destaque_id, ordem, tipo, label, conteudo)
VALUES ((SELECT id FROM destaques_estrategicos WHERE acao_estrategica_id = (SELECT id FROM acoes_estrategicas WHERE numero = '1.1.3')), 1, 'label_conteudo', 'Situação atual', 'O Fundo Estadual de Proteção e Defesa Civil foi criado por Emenda Constitucional Estadual, porém encontra-se inoperante devido a veto do Governador. Há previsão de que seja operacionalizado, mas sem data definida.');
INSERT INTO destaque_linhas (destaque_id, ordem, tipo, label, conteudo)
VALUES ((SELECT id FROM destaques_estrategicos WHERE acao_estrategica_id = (SELECT id FROM acoes_estrategicas WHERE numero = '1.1.3')), 2, 'label_conteudo', 'Por que é central', 'Quando operacionalizado, o Fundo se tornará a principal fonte de recursos para as ações de proteção e defesa civil do Estado. Diferente de editais pontuais, ele representará um fluxo permanente e previsível de financiamento, alterando fundamentalmente a escala de operação da Secretaria.');
INSERT INTO destaque_linhas (destaque_id, ordem, tipo, label, conteudo)
VALUES ((SELECT id FROM destaques_estrategicos WHERE acao_estrategica_id = (SELECT id FROM acoes_estrategicas WHERE numero = '1.1.3')), 3, 'label_conteudo', 'Impacto operacional', '• Gestão do Fundo: Exigirá estrutura capacitada para administrar receitas, elaborar planos de aplicação, prestar contas e garantir conformidade legal e contábil permanente.
• Portfólio de Projetos: Será necessário manter um banco estruturado de projetos prontos para receber financiamento, com diagnóstico, indicadores e viabilidade técnica já validados.
• Repasses fundo a fundo: O Fundo poderá alimentar projetos municipais via transferências fundo a fundo, o que multiplicará exponencialmente as responsabilidades de controle, monitoramento e acompanhamento da execução em dezenas de municípios.
• Gabinete de Gestão de Projetos: A operacionalização do Fundo tornará indispensável um Gabinete de Gestão de Projetos forte e funcional, capaz de gerir o ciclo completo: da elaboração ao monitoramento da execução físico-financeira.
• Assessoria Jurídica: A ASSEJUR precisará estar integrada ao fluxo desde a concepção dos instrumentos de repasse, garantindo segurança jurídica em cada transferência.');
INSERT INTO destaque_linhas (destaque_id, ordem, tipo, label, conteudo)
VALUES ((SELECT id FROM destaques_estrategicos WHERE acao_estrategica_id = (SELECT id FROM acoes_estrategicas WHERE numero = '1.1.3')), 4, 'label_conteudo', 'Implicação para o presente', 'Tudo que está sendo estruturado agora é pré-condição para o Fundo. A metodologia de monitoramento de oportunidades, a capacitação em elaboração de projetos, o fortalecimento do Gabinete de Gestão de Projetos e a governança financeira não são apenas ações do presente — são o alicerce sem o qual a Secretaria não terá capacidade de absorver e gerir o Fundo quando ele for ativado. Chegar a esse momento sem preparação significaria desperdiçar a maior oportunidade de financiamento da história da Defesa Civil Estadual.');
INSERT INTO panoramico_linhas (acao_estrategica_id, ordem, setor_display, papel, sintese_contribuicao, nao_faz)
VALUES ((SELECT id FROM acoes_estrategicas WHERE numero = '1.1.3'), 1, 'SUOP (sob aval da SUBSEGOP)', 'Líder Coordenador Transversal', 'Define prioridades de captação; valida propostas; articula setores; destrava gargalos', 'Não elabora projetos; não executa captação isoladamente');
INSERT INTO panoramico_setores (panoramico_linha_id, setor_id, tipo_participacao)
VALUES ((SELECT id FROM panoramico_linhas WHERE acao_estrategica_id = (SELECT id FROM acoes_estrategicas WHERE numero = '1.1.3') AND ordem = 1), (SELECT id FROM setores WHERE codigo = 'SUOP'), 'principal');
INSERT INTO panoramico_setores (panoramico_linha_id, setor_id, tipo_participacao)
VALUES ((SELECT id FROM panoramico_linhas WHERE acao_estrategica_id = (SELECT id FROM acoes_estrategicas WHERE numero = '1.1.3') AND ordem = 1), (SELECT id FROM setores WHERE codigo = 'SUBSEGOP'), 'aval');
INSERT INTO panoramico_linhas (acao_estrategica_id, ordem, setor_display, papel, sintese_contribuicao, nao_faz)
VALUES ((SELECT id FROM acoes_estrategicas WHERE numero = '1.1.3'), 2, 'Gabinete de Gestão de Projetos', 'Coexecutor de Gestão de Portfólio', 'Gere o ciclo de vida dos projetos captados; monitora execução; consolida portfólio', 'Não elabora projetos técnicos; não substitui a SUOP na priorização');
INSERT INTO panoramico_setores (panoramico_linha_id, setor_id, tipo_participacao)
VALUES ((SELECT id FROM panoramico_linhas WHERE acao_estrategica_id = (SELECT id FROM acoes_estrategicas WHERE numero = '1.1.3') AND ordem = 2), (SELECT id FROM setores WHERE codigo = 'GAB_GESTAO_PROJETOS'), 'principal');
INSERT INTO panoramico_linhas (acao_estrategica_id, ordem, setor_display, papel, sintese_contribuicao, nao_faz)
VALUES ((SELECT id FROM acoes_estrategicas WHERE numero = '1.1.3'), 3, 'ICTDEC', 'Coexecutor Técnico-Metodológico', 'Elabora metodologia de monitoramento; capta recursos de P&D; assessora elaboração técnica', 'Não negocia politicamente; não capta fora de P&D sem diretriz');
INSERT INTO panoramico_setores (panoramico_linha_id, setor_id, tipo_participacao)
VALUES ((SELECT id FROM panoramico_linhas WHERE acao_estrategica_id = (SELECT id FROM acoes_estrategicas WHERE numero = '1.1.3') AND ordem = 3), (SELECT id FROM setores WHERE codigo = 'ICTDEC'), 'principal');
INSERT INTO panoramico_linhas (acao_estrategica_id, ordem, setor_display, papel, sintese_contribuicao, nao_faz)
VALUES ((SELECT id FROM acoes_estrategicas WHERE numero = '1.1.3'), 4, 'SUBSEGAD', 'Coexecutor Financeiro', 'Governança financeira; conformidade contábil; modelagem de fundos', 'Não bloqueia por formalismo; não prioriza');
INSERT INTO panoramico_setores (panoramico_linha_id, setor_id, tipo_participacao)
VALUES ((SELECT id FROM panoramico_linhas WHERE acao_estrategica_id = (SELECT id FROM acoes_estrategicas WHERE numero = '1.1.3') AND ordem = 4), (SELECT id FROM setores WHERE codigo = 'SUBSEGAD'), 'principal');
INSERT INTO panoramico_linhas (acao_estrategica_id, ordem, setor_display, papel, sintese_contribuicao, nao_faz)
VALUES ((SELECT id FROM acoes_estrategicas WHERE numero = '1.1.3'), 5, 'ASSEJUR', 'Assessoria Jurídica', 'Segurança jurídica dos instrumentos; parecer sobre convênios e repasses', 'Não decide mérito técnico ou prioridade estratégica');
INSERT INTO panoramico_setores (panoramico_linha_id, setor_id, tipo_participacao)
VALUES ((SELECT id FROM panoramico_linhas WHERE acao_estrategica_id = (SELECT id FROM acoes_estrategicas WHERE numero = '1.1.3') AND ordem = 5), (SELECT id FROM setores WHERE codigo = 'ASSEJUR'), 'principal');
INSERT INTO panoramico_linhas (acao_estrategica_id, ordem, setor_display, papel, sintese_contribuicao, nao_faz)
VALUES ((SELECT id FROM acoes_estrategicas WHERE numero = '1.1.3'), 6, 'Órgãos Finalísticos', 'Provedores de Demanda e Executores', 'Identificam necessidades; participam da construção; executam e prestam contas', 'Não solicitam sem projeto; não fragmentam demandas');
INSERT INTO panoramico_setores (panoramico_linha_id, setor_id, tipo_participacao)
VALUES ((SELECT id FROM panoramico_linhas WHERE acao_estrategica_id = (SELECT id FROM acoes_estrategicas WHERE numero = '1.1.3') AND ordem = 6), (SELECT id FROM setores WHERE codigo = 'ORGAOS_FINALISTICOS'), 'principal');
INSERT INTO fichas (acao_estrategica_id, ordem, titulo, setor_display, papel, justificativa,
    contribuicao_esperada, nao_escopo, dependencias_criticas)
VALUES ((SELECT id FROM acoes_estrategicas WHERE numero = '1.1.3'), 1, 'SUOP (sob aval da SUBSEGOP) — LÍDER COORDENADOR TRANSVERSAL',
    'SUOP (sob aval da SUBSEGOP)', 'LÍDER COORDENADOR TRANSVERSAL', 'A ação impacta múltiplos setores, envolve priorização institucional e exige articulação entre técnica, orçamento e execução. Recursos captados precisam ser convertidos em projetos executáveis. Sem a SUOP coordenando, o ICTDEC capta mas não executa, a SUBSEGAD trata orçamento isoladamente e os órgãos finalísticos não alinham seus projetos. A SUOP é o ponto de convergência operacional. Com a perspectiva de operacionalização do Fundo Estadual, esse papel de coordenação se torna ainda mais crítico, pois a gestão do Fundo exigirá priorização centralizada e governança de portfólio em escala muito superior à atual.',
    ARRAY['Definir prioridades institucionais para captação, com base no Plano Estratégico 2024–2035 e nas Ações Prioritárias de 2026', 'Validar as propostas técnicas elaboradas pelo ICTDEC e demais coexecutores antes da submissão', 'Articular setores para construção de propostas integradas, destravando gargalos de coordenação', 'Coordenar alocação estratégica dos recursos captados, garantindo coerência entre fonte e necessidade operacional', 'Integrar as iniciativas de captação ao portfólio de projetos da Secretaria (AE 2.1.2)', 'Supervisionar o Gabinete de Gestão de Projetos, assegurando sua operacionalidade e fortalecimento contínuo'], ARRAY['Não concentrar tecnicamente toda a elaboração de projetos (competência técnica do ICTDEC e demais órgãos)', 'Não transformar captação em iniciativa isolada de gabinete', 'Não permitir captação desconectada de capacidade de execução', 'Não delegar priorização sem definir critérios claros e transparentes'], ARRAY['Estrutura técnica de elaboração de projetos (ICTDEC)', 'Gabinete de Gestão de Projetos funcional e fortalecido', 'Informações orçamentárias e jurídicas atualizadas (SUBSEGAD e ASSEJUR)', 'Portfólio estruturado de projetos (AE 2.1.2)', 'Credibilidade institucional consolidada (AE 2.1.3)']);
INSERT INTO ficha_setores (ficha_id, setor_id, tipo_participacao)
VALUES ((SELECT id FROM fichas WHERE acao_estrategica_id = (SELECT id FROM acoes_estrategicas WHERE numero = '1.1.3') AND ordem = 1), (SELECT id FROM setores WHERE codigo = 'SUOP'), 'principal');
INSERT INTO ficha_setores (ficha_id, setor_id, tipo_participacao)
VALUES ((SELECT id FROM fichas WHERE acao_estrategica_id = (SELECT id FROM acoes_estrategicas WHERE numero = '1.1.3') AND ordem = 1), (SELECT id FROM setores WHERE codigo = 'SUBSEGOP'), 'aval');
INSERT INTO fichas (acao_estrategica_id, ordem, titulo, setor_display, papel, justificativa,
    contribuicao_esperada, nao_escopo, dependencias_criticas)
VALUES ((SELECT id FROM acoes_estrategicas WHERE numero = '1.1.3'), 2, 'Gabinete de Gestão de Projetos — COEXECUTOR DE GESTÃO DE PORTFÓLIO',
    'Gabinete de Gestão de Projetos', 'COEXECUTOR DE GESTÃO DE PORTFÓLIO', 'A captação de recursos é apenas o início do ciclo. Sem uma estrutura dedicada a gerir o portfólio de projetos — desde a concepção até o encerramento e prestação de contas —, os recursos captados correm risco de execução deficiente, atrasos e prejuízos institucionais.
Nota sobre o cenário atual: O Gabinete de Gestão de Projetos existe na estrutura organizacional da SUBSEGOP, porém encontra-se atualmente inoperante. O fortalecimento deste órgão é condição crítica para o sucesso desta ação estratégica e, de forma ainda mais urgente, para a futura operacionalização do Fundo Estadual, que multiplicará exponencialmente o volume de projetos sob gestão, incluindo repasses fundo a fundo para dezenas de municípios.',
    ARRAY['Gerir o ciclo de vida dos projetos financiados por recursos captados (da aprovação ao encerramento)', 'Monitorar a execução físico-financeira dos projetos, consolidando indicadores de progresso e alertas de desvio', 'Manter o portfólio institucional de projetos atualizado e acessível à SUOP para tomada de decisão', 'Acompanhar, quando da operacionalização do Fundo Estadual, os repasses fundo a fundo e a execução dos projetos municipais financiados', 'Padronizar instrumentos de gestão de projetos (templates, relatórios de status, critérios de encerramento)'], ARRAY['Não elaborar projetos técnicos (competência dos órgãos setoriais e do ICTDEC)', 'Não substituir a SUOP na priorização estratégica', 'Não executar diretamente os projetos (papel dos órgãos finalísticos)', 'Não assumir funções de conformidade contábil (competência da SUBSEGAD)'], ARRAY['Priorização clara da SUOP sobre quais projetos compõem o portfólio', 'Projetos tecnicamente consistentes, elaborados pelo ICTDEC e órgãos setoriais', 'Informações de execução financeira da SUBSEGAD', 'Parecer jurídico da ASSEJUR sobre instrumentos de repasse', 'Recursos humanos qualificados e ded icados (condição crítica para operacionalização)']);
INSERT INTO ficha_setores (ficha_id, setor_id, tipo_participacao)
VALUES ((SELECT id FROM fichas WHERE acao_estrategica_id = (SELECT id FROM acoes_estrategicas WHERE numero = '1.1.3') AND ordem = 2), (SELECT id FROM setores WHERE codigo = 'GAB_GESTAO_PROJETOS'), 'principal');
INSERT INTO fichas (acao_estrategica_id, ordem, titulo, setor_display, papel, justificativa,
    contribuicao_esperada, nao_escopo, dependencias_criticas)
VALUES ((SELECT id FROM acoes_estrategicas WHERE numero = '1.1.3'), 3, 'ICTDEC — COEXECUTOR TÉCNICO-METODOLÓGICO',
    'ICTDEC', 'COEXECUTOR TÉCNICO-METODOLÓGICO', 'A captação exige elaboração técnica robusta. Editais demandam diagnóstico, indicadores e coerência estratégica. Parcerias científicas e internacionais exigem lastro técnico-acadêmico. Compete ao ICTDEC atuar como o escritório central de projetos de captação de recursos externos e parcerias científicas. A Gerência de Captação e Projetos de Fomento (GCPF), vinculada à Divisão de Fomento e Parcerias Científicas (DFPC), é a unidade operacional responsável.',
    ARRAY['Elaborar e disponibilizar metodologia padronizada de monitoramento de oportunidades de financiamento (editais, chamadas, fundos) para uso institucional', 'Executar diretamente a captação de recursos vinculados a projetos de pesquisa, desenvolvimento e inovação (P&D+I)', 'Prestar assessoria técnico-metodológica aos demais setores na elaboração de propostas para editais fora do escopo de P&D, quando demandado pela SUOP', 'Manter e atualizar o portfólio de projetos de pesquisa captáveis da Secretaria', 'Identificar e sinalizar oportunidades de fundos nacionais e internacionais aderentes à estratégia institucional', 'Apoiar a modelagem técnica de PPPs, no que couber ao componente científico e de dados', 'Contribuir com insumos técnicos para a estruturação de projetos a serem financiados pelo Fundo Estadual, quando operacionalizado'], ARRAY['Não assumir negociação política ou parlamentar (competência da Alta Gestão e AE 7.1.2)', 'Não captar recursos fora do escopo de P&D sem diretriz expressa da SUOP', 'Não elaborar projetos desconectados da estratégia institucional vigente', 'Não assumir a gestão financeira dos recursos captados (competência da SUBSEGAD)', 'Não substituir a articulação política de alto nível que cabe à Alta Gestão', 'Não assumir a gestão do portfólio de projetos da Secretaria (competência do Gabinete de Gestão de Projetos)'], ARRAY['Direcionamento estratégico e priorização institucional da SUOP', 'Apoio administrativo e conformidade jurídica da SUBSEGAD e ASSEJUR', 'Envolvimento dos setores finalísticos (fornecimento de dados de necessidades reais)', 'Acesso a informações estratégicas atualizadas (inventários de danos, diagnósticos municipais, dados operacionais)', 'Tempo protegido da equipe técnica para prospecção e elaboração (atividade contínua, não residual)']);
INSERT INTO ficha_setores (ficha_id, setor_id, tipo_participacao)
VALUES ((SELECT id FROM fichas WHERE acao_estrategica_id = (SELECT id FROM acoes_estrategicas WHERE numero = '1.1.3') AND ordem = 3), (SELECT id FROM setores WHERE codigo = 'ICTDEC'), 'principal');
INSERT INTO fichas (acao_estrategica_id, ordem, titulo, setor_display, papel, justificativa,
    contribuicao_esperada, nao_escopo, dependencias_criticas)
VALUES ((SELECT id FROM acoes_estrategicas WHERE numero = '1.1.3'), 4, 'SUBSEGAD — COEXECUTOR FINANCEIRO',
    'SUBSEGAD', 'COEXECUTOR FINANCEIRO', 'Captação sem governança financeira é risco jurídico. A operacionalização de fundos, a conformidade contábil e o acompanhamento da execução financeira são indispensáveis para que os recursos captados se convertam em ações reais sem prejuízo legal. Com a perspectiva do Fundo Estadual, a SUBSEGAD será peça-chave na estruturação dos mecanismos de repasse e prestação de contas, inclusive para transferências fundo a fundo aos municípios.',
    ARRAY['Estruturar mecanismos de operacionalização de fundos (incluindo o Fundo Estadual de Proteção e Defesa Civil, quando ativado)', 'Garantir conformidade contábil e jurídica dos instrumentos de captação e repasse', 'Apoiar a modelagem financeira do Fundo Estadual, em articulação com a ASSEJUR', 'Monitorar execução financeira de recursos captados', 'Formalizar convênios, termos de cooperação e instrumentos jurídicos necessários', 'Estruturar fluxos de prestação de contas para repasses fundo a fundo, quando aplicável'], ARRAY['Não bloquear iniciativas por excesso de formalismo (papel facilitador, não bloqueador)', 'Não centralizar decisões estratégicas de priorização (competência da SUOP)', 'Não elaborar projetos técnicos de captação (competência do ICTDEC e órgãos demandantes)'], ARRAY['Projeto técnico consistente e validado pela SUOP', 'Prioridade institucional clara e documentada', 'Parecer jurídico da ASSEJUR sobre instrumentos de repasse e conformidade legal', 'Regulamentação do Fundo Estadual (quando da operacionalização)']);
INSERT INTO ficha_setores (ficha_id, setor_id, tipo_participacao)
VALUES ((SELECT id FROM fichas WHERE acao_estrategica_id = (SELECT id FROM acoes_estrategicas WHERE numero = '1.1.3') AND ordem = 4), (SELECT id FROM setores WHERE codigo = 'SUBSEGAD'), 'principal');
INSERT INTO fichas (acao_estrategica_id, ordem, titulo, setor_display, papel, justificativa,
    contribuicao_esperada, nao_escopo, dependencias_criticas)
VALUES ((SELECT id FROM acoes_estrategicas WHERE numero = '1.1.3'), 5, 'ASSEJUR — ASSESSORIA JURÍDICA',
    'ASSEJUR', 'ASSESSORIA JURÍDICA', 'A diversificação de fontes de recursos envolve instrumentos jurídicos complexos: convênios, termos de cooperação, parcerias público-privadas, contratos com organismos internacionais e, futuramente, os instrumentos de repasse do Fundo Estadual. A segurança jurídica desses instrumentos é condição para a viabilidade e sustentabilidade de toda a estratégia de captação.',
    ARRAY['Emitir pareceres jurídicos sobre minutas de convênios, termos de cooperação e instrumentos de repasse', 'Assessorar a SUBSEGAD na modelagem jurídica do Fundo Estadual e de seus mecanismos de transferência', 'Validar juridicamente os instrumentos de parceria público-privada propostos', 'Apoiar a construção de cláusulas de prestação de contas e devolução de recursos nos instrumentos de repasse fundo a fundo'], ARRAY['Não decidir mérito técnico ou prioridade estratégica de projetos', 'Não assumir funções de gestão financeira ou contábil', 'Não substituir a articulação política com o legislativo (competência da Alta Gestão e AE 7.1.2)'], ARRAY['Acesso tempestivo às minutas e propostas elaboradas pelo ICTDEC e SUBSEGAD', 'Definição clara do modelo de governança do Fundo Estadual (quando regulamentado)', 'Informações atualizadas sobre o marco normativo aplicável (Lei 12.608, PEPDEC, normas de transferência)']);
INSERT INTO ficha_setores (ficha_id, setor_id, tipo_participacao)
VALUES ((SELECT id FROM fichas WHERE acao_estrategica_id = (SELECT id FROM acoes_estrategicas WHERE numero = '1.1.3') AND ordem = 5), (SELECT id FROM setores WHERE codigo = 'ASSEJUR'), 'principal');
INSERT INTO fichas (acao_estrategica_id, ordem, titulo, setor_display, papel, justificativa,
    contribuicao_esperada, nao_escopo, dependencias_criticas)
VALUES ((SELECT id FROM acoes_estrategicas WHERE numero = '1.1.3'), 6, 'Órgãos Finalísticos — PROVEDORES DE DEMANDA E EXECUTORES',
    'Órgãos Finalísticos', 'PROVEDORES DE DEMANDA E EXECUTORES', 'Os órgãos finalísticos são os destinatários diretos dos recursos captados e os detentores do conhecimento sobre as necessidades operacionais reais. Sem sua participação ativa, os projetos de captação correm o risco de nascer desconectados da realidade de campo, comprometendo a execução e a prestação de contas.',
    ARRAY['Identificar e comunicar necessidades estruturais reais de forma organizada', 'Participar ativamente da construção de projetos, fornecendo dados operacionais e validação de campo', 'Executar os recursos captados conforme plano de trabalho aprovado', 'Prestar contas de resultados com transparência e tempestividade'], ARRAY['Não solicitar captação sem projeto estruturado ou sem aderência ao Plano Estratégico', 'Não fragmentar demandas (consolidar necessidades por área temática antes de acionar a cadeia)', 'Não executar recursos captados sem observar as condições do instrumento de repasse'], ARRAY['Integração efetiva com a gestão de projetos institucional (Gabinete de Gestão de Projetos e AE 2.1.2)', 'Planejamento setorial coerente (Planos Setoriais 2026)', 'Assessoria técnica do ICTDEC para estruturação das demandas em formato captável']);
INSERT INTO ficha_setores (ficha_id, setor_id, tipo_participacao)
VALUES ((SELECT id FROM fichas WHERE acao_estrategica_id = (SELECT id FROM acoes_estrategicas WHERE numero = '1.1.3') AND ordem = 6), (SELECT id FROM setores WHERE codigo = 'ORGAOS_FINALISTICOS'), 'principal');

-- AE 2.1.1
INSERT INTO acoes_estrategicas (numero, nome, eixo_prioritario_id, objetivo_estrategico_id, estrategia_id,
    acoes_conectadas, descricao_oficial_completa, descricao_o_que, descricao_para_que, ancoragem,
    nota_arranjo_institucional, versao, data_elaboracao, elaboracao, proxima_fase)
VALUES ('2.1.1', 'Institucionalizar a gestão estratégica', (SELECT id FROM eixos_prioritarios WHERE codigo = 'EIXO_1'), (SELECT id FROM objetivos_estrategicos WHERE codigo = 'OE2'), (SELECT id FROM estrategias WHERE codigo = 'E2.1'),
    'AE 2.1.2 (Gestão de projetos) | AE 2.1.3 (Instrumentos institucionais) | AE 2.1.4 (Cultura organizacional) | AE 2.1.6 (Gestão de processos) | AE 2.1.7 (Gestão por competências) | AE 2.1.8 (Diagnóstico do SIEPDEC)',
    'Implementação de rotinas de monitoramento de desempenho e análise crítica de indicadores (O QUÊ), visando assegurar o alinhamento contínuo da execução orçamentária e operacional às diretrizes de longo prazo estabelecidas no Plano Estratégico (PARA QUÊ).',
    'Implementação de rotinas de monitoramento de desempenho e análise crítica de indicadores.',
    'Assegurar o alinhamento contínuo da execução orçamentária e operacional às diretrizes de longo prazo estabelecidas no Plano Estratégico.',
    'A institucionalização da gestão estratégica constitui o alicerce sobre o qual todas as demais ações do Plano Estratégico 2024–2035 se sustentam. A Lei Federal nº 12.608/2012 fundamenta a necessidade de planejamento contínuo em proteção e defesa civil. A PEPDEC (Decreto nº 46.935/2020) reforça, em seu Art. 3º, inciso IV, o princípio do “planejamento com base em pesquisas e estudos sobre riscos de desastres”. O próprio Plano Estratégico atribui explicitamente à Divisão de Análise Estratégica e Apoio à Decisão (DAEAD) do ICTDEC a responsabilidade pelo monitoramento global do Plano, incluindo reuniões periódicas com gestores, consolidação de indicadores e relatórios de progresso.',
    NULL,
    '1.0',
    '2026-02-14',
    'ICTDEC/DAEAD',
    'Fase 2 — Desdobramento Orientado (definição de entregas por setor)');
INSERT INTO destaques_estrategicos (acao_estrategica_id, titulo, header_contexto)
VALUES ((SELECT id FROM acoes_estrategicas WHERE numero = '2.1.1'), 'Relevância Transversal desta Ação', 'CONTEXTO — Gestão Estratégica como Infraestrutura de Governança');
INSERT INTO destaque_linhas (destaque_id, ordem, tipo, label, conteudo)
VALUES ((SELECT id FROM destaques_estrategicos WHERE acao_estrategica_id = (SELECT id FROM acoes_estrategicas WHERE numero = '2.1.1')), 1, 'label_conteudo', 'O problema', 'A publicação do Plano Estratégico e a definição das Ações Prioritárias representam avanços significativos. No entanto, a experiência da administração pública demonstra que a maior parte dos planejamentos estratégicos perde efetividade não por falhas de concepção, mas pela ausência de rotinas sistemáticas de acompanhamento que convertam diretrizes em ações rastreadas e mensuráveis.');
INSERT INTO destaque_linhas (destaque_id, ordem, tipo, label, conteudo)
VALUES ((SELECT id FROM destaques_estrategicos WHERE acao_estrategica_id = (SELECT id FROM acoes_estrategicas WHERE numero = '2.1.1')), 2, 'label_conteudo', 'A função desta ação', 'Esta ação não é uma prioridade isolada entre as demais. Ela é a infraestrutura de gestão que viabiliza a medição do progresso de todas as outras ações estratégicas. Sem ela, não há como aferir de forma objetiva se a captação de recursos (AE 1.1.3), a gestão de processos (AE 2.1.6) ou qualquer outra prioridade vigente está avançando, estagnada ou desviada de sua finalidade.');
INSERT INTO destaque_linhas (destaque_id, ordem, tipo, label, conteudo)
VALUES ((SELECT id FROM destaques_estrategicos WHERE acao_estrategica_id = (SELECT id FROM acoes_estrategicas WHERE numero = '2.1.1')), 3, 'label_conteudo', 'Riscos da não execução', '• O Plano Estratégico perde credibilidade interna por falta de visibilidade do acompanhamento
• Decisões permanecem orientadas predominantemente por urgências pontuais, sem suporte de dados de desempenho
• Os investimentos nas demais ações de governança (AEs 2.1.2 a 2.1.8) perdem o elo de acompanhamento, dificultando a demonstração de resultados
• A Alta Gestão não dispõe de instrumentos padronizados para avaliar entregas de forma objetiva');
INSERT INTO destaque_linhas (destaque_id, ordem, tipo, label, conteudo)
VALUES ((SELECT id FROM destaques_estrategicos WHERE acao_estrategica_id = (SELECT id FROM acoes_estrategicas WHERE numero = '2.1.1')), 4, 'label_conteudo', 'Resultado esperado', 'Com a gestão estratégica institucionalizada, a Secretaria passa a operar com ciclos de revisão periódicos, indicadores vinculados à tomada de decisão e transparência no acompanhamento do progresso, assegurando que o planejamento se traduza efetivamente em execução monitorada.');
INSERT INTO panoramico_linhas (acao_estrategica_id, ordem, setor_display, papel, sintese_contribuicao, nao_faz)
VALUES ((SELECT id FROM acoes_estrategicas WHERE numero = '2.1.1'), 1, 'Alta Gestão (SUBSEGOP / Secretário)', 'Líder Institucional', 'Chancela política; valida indicadores; conduz análises críticas; cobra entregas', 'Não elabora metodologia; não consolida dados');
INSERT INTO panoramico_setores (panoramico_linha_id, setor_id, tipo_participacao)
VALUES ((SELECT id FROM panoramico_linhas WHERE acao_estrategica_id = (SELECT id FROM acoes_estrategicas WHERE numero = '2.1.1') AND ordem = 1), (SELECT id FROM setores WHERE codigo = 'SUBSEGOP'), 'principal');
INSERT INTO panoramico_setores (panoramico_linha_id, setor_id, tipo_participacao)
VALUES ((SELECT id FROM panoramico_linhas WHERE acao_estrategica_id = (SELECT id FROM acoes_estrategicas WHERE numero = '2.1.1') AND ordem = 1), (SELECT id FROM setores WHERE codigo = 'SECRETARIO'), 'principal');
INSERT INTO panoramico_linhas (acao_estrategica_id, ordem, setor_display, papel, sintese_contribuicao, nao_faz)
VALUES ((SELECT id FROM acoes_estrategicas WHERE numero = '2.1.1'), 2, 'ICTDEC (DAEAD)', 'Executor Central Técnico-Metodológico', 'Elabora metodologia; define indicadores; consolida dados; produz relatórios; conduz reuniões de monitoramento', 'Não decide prioridades políticas; não executa ações dos setores');
INSERT INTO panoramico_setores (panoramico_linha_id, setor_id, tipo_participacao)
VALUES ((SELECT id FROM panoramico_linhas WHERE acao_estrategica_id = (SELECT id FROM acoes_estrategicas WHERE numero = '2.1.1') AND ordem = 2), (SELECT id FROM setores WHERE codigo = 'ICTDEC'), 'principal');
INSERT INTO panoramico_setores (panoramico_linha_id, setor_id, tipo_participacao)
VALUES ((SELECT id FROM panoramico_linhas WHERE acao_estrategica_id = (SELECT id FROM acoes_estrategicas WHERE numero = '2.1.1') AND ordem = 2), (SELECT id FROM setores WHERE codigo = 'DAEAD'), 'participante');
INSERT INTO panoramico_linhas (acao_estrategica_id, ordem, setor_display, papel, sintese_contribuicao, nao_faz)
VALUES ((SELECT id FROM acoes_estrategicas WHERE numero = '2.1.1'), 3, 'SUOP (sob aval da SUBSEGOP)', 'Articulador Operacional', 'Garante aderência dos órgãos; intermedia entre ICTDEC e subordinados; destrava participação', 'Não elabora indicadores; não produz relatórios');
INSERT INTO panoramico_setores (panoramico_linha_id, setor_id, tipo_participacao)
VALUES ((SELECT id FROM panoramico_linhas WHERE acao_estrategica_id = (SELECT id FROM acoes_estrategicas WHERE numero = '2.1.1') AND ordem = 3), (SELECT id FROM setores WHERE codigo = 'SUOP'), 'principal');
INSERT INTO panoramico_setores (panoramico_linha_id, setor_id, tipo_participacao)
VALUES ((SELECT id FROM panoramico_linhas WHERE acao_estrategica_id = (SELECT id FROM acoes_estrategicas WHERE numero = '2.1.1') AND ordem = 3), (SELECT id FROM setores WHERE codigo = 'SUBSEGOP'), 'aval');
INSERT INTO panoramico_linhas (acao_estrategica_id, ordem, setor_display, papel, sintese_contribuicao, nao_faz)
VALUES ((SELECT id FROM acoes_estrategicas WHERE numero = '2.1.1'), 4, 'Órgãos Subordinados', 'Alimentadores e Executores', 'Reportam indicadores; participam das análises críticas; executam correções de rota', 'Não definem indicadores globais; não alteram prioridades');
INSERT INTO panoramico_setores (panoramico_linha_id, setor_id, tipo_participacao)
VALUES ((SELECT id FROM panoramico_linhas WHERE acao_estrategica_id = (SELECT id FROM acoes_estrategicas WHERE numero = '2.1.1') AND ordem = 4), (SELECT id FROM setores WHERE codigo = 'ÓRGÃOS_SUBORDINADOS'), 'principal');
INSERT INTO fichas (acao_estrategica_id, ordem, titulo, setor_display, papel, justificativa,
    contribuicao_esperada, nao_escopo, dependencias_criticas)
VALUES ((SELECT id FROM acoes_estrategicas WHERE numero = '2.1.1'), 1, 'Alta Gestão (SUBSEGOP / Secretário) — LÍDER INSTITUCIONAL',
    'Alta Gestão (SUBSEGOP / Secretário)', 'LÍDER INSTITUCIONAL', 'A institucionalização da gestão estratégica requer envolvimento direto da Alta Gestão para que as rotinas de monitoramento sejam reconhecidas como compromisso institucional, e não como iniciativa técnica isolada. A participação da liderança confere autoridade ao processo e assegura que os resultados do monitoramento se traduzam em decisões concretas de gestão.',
    ARRAY['Chancelar institucionalmente a sistemática de monitoramento estratégico', 'Presidir ou designar representante para as reuniões de análise crítica de desempenho (RACs)', 'Validar o conjunto de indicadores estratégicos propostos pelo ICTDEC', 'Tomar decisões de correção de rota com base nos relatórios de monitoramento', 'Assegurar que os órgãos subordinados cumpram as rotinas de reporte', 'Comunicar os resultados do monitoramento para fins de transparência e prestação de contas'], ARRAY['Não elaborar a metodologia de monitoramento (competência técnica do ICTDEC/DAEAD)', 'Não consolidar dados ou produzir relatórios técnicos (competência do ICTDEC/DAEAD)', 'Não utilizar o monitoramento como instrumento punitivo (o sistema deve orientar a melhoria contínua, não a sanção)'], ARRAY['Metodologia de monitoramento estruturada e operacional (ICTDEC/DAEAD)', 'Indicadores validados e fontes de dados acessíveis', 'Comprometimento dos órgãos subordinados com o reporte periódico', 'Infraestrutura mínima de TI para consolidação de dados']);
INSERT INTO ficha_setores (ficha_id, setor_id, tipo_participacao)
VALUES ((SELECT id FROM fichas WHERE acao_estrategica_id = (SELECT id FROM acoes_estrategicas WHERE numero = '2.1.1') AND ordem = 1), (SELECT id FROM setores WHERE codigo = 'SUBSEGOP'), 'principal');
INSERT INTO ficha_setores (ficha_id, setor_id, tipo_participacao)
VALUES ((SELECT id FROM fichas WHERE acao_estrategica_id = (SELECT id FROM acoes_estrategicas WHERE numero = '2.1.1') AND ordem = 1), (SELECT id FROM setores WHERE codigo = 'SECRETARIO'), 'principal');
INSERT INTO fichas (acao_estrategica_id, ordem, titulo, setor_display, papel, justificativa,
    contribuicao_esperada, nao_escopo, dependencias_criticas)
VALUES ((SELECT id FROM acoes_estrategicas WHERE numero = '2.1.1'), 2, 'ICTDEC (DAEAD) — EXECUTOR CENTRAL TÉCNICO-METODOLÓGICO',
    'ICTDEC (DAEAD)', 'EXECUTOR CENTRAL TÉCNICO-METODOLÓGICO', 'O Plano Estratégico 2024–2035 atribui à Divisão de Análise Estratégica e Apoio à Decisão (DAEAD) do ICTDEC a responsabilidade pelo monitoramento global do Plano. A DAEAD detém a competência metodológica para definir indicadores, consolidar dados e produzir as análises que subsidiam a tomada de decisão da Alta Gestão.
Além do monitoramento, compete ao ICTDEC a difusão da cultura de gestão estratégica na instituição, em consonância com o Programa SEDEC 360 e com a Metodologia de Planos Setoriais, que dependem diretamente desta ação para sua base metodológica.',
    ARRAY['Estabelecer a metodologia e o macroprocesso do planejamento estratégico da Secretaria, incluindo ciclos de revisão, fluxos de reporte e calendário de análises críticas', 'Definir, em articulação com os órgãos subordinados, o conjunto de indicadores de desempenho (eficácia, eficiência e efetividade) e suas fontes de dados', 'Criar e manter a estrutura para condução da estratégia: implementação, acompanhamento, avaliação, monitoramento e correção', 'Consolidar os dados reportados pelos órgãos subordinados e produzir relatórios de análise crítica para a Alta Gestão', 'Conduzir tecnicamente as reuniões periódicas de monitoramento com os gestores dos órgãos subordinados', 'Promover ações de difusão e capacitação em gestão estratégica junto aos gestores da Secretaria', 'Coordenar a elaboração e revisão dos Planos Setoriais conforme metodologia vigente', 'Produzir notas técnicas e briefings executivos a partir da integração dos dados de monitoramento'], ARRAY['Não decidir prioridades políticas ou estratégicas (competência da Alta Gestão)', 'Não executar as ações estratégicas dos demais setores (apenas monitora e assessora)', 'Não gerir o portfólio de projetos operacionais (competência do Gabinete de Gestão de Projetos, no âmbito da AE 2.1.2)', 'Não substituir os órgãos subordinados na coleta de seus próprios dados e indicadores'], ARRAY['Chancela da Alta Gestão para conferir autoridade institucional ao sistema de monitoramento', 'Articulação operacional da SUOP para garantir adesão dos órgãos subordinados', 'Comprometimento das chefias setoriais com o fornecimento regular de dados e a participação nas análises críticas', 'Infraestrutura mínima de TI para consolidação de dados (considerando as condições atuais, podem ser soluções gratuitas adaptadas)', 'Tempo protegido da equipe DAEAD para atividades de monitoramento', 'Gabinete de Gestão de Projetos funcional (interface com o monitoramento estratégico para cruzamento entre planejamento e execução de projetos — AE 2.1.2)']);
INSERT INTO ficha_setores (ficha_id, setor_id, tipo_participacao)
VALUES ((SELECT id FROM fichas WHERE acao_estrategica_id = (SELECT id FROM acoes_estrategicas WHERE numero = '2.1.1') AND ordem = 2), (SELECT id FROM setores WHERE codigo = 'ICTDEC'), 'principal');
INSERT INTO ficha_setores (ficha_id, setor_id, tipo_participacao)
VALUES ((SELECT id FROM fichas WHERE acao_estrategica_id = (SELECT id FROM acoes_estrategicas WHERE numero = '2.1.1') AND ordem = 2), (SELECT id FROM setores WHERE codigo = 'DAEAD'), 'participante');
INSERT INTO fichas (acao_estrategica_id, ordem, titulo, setor_display, papel, justificativa,
    contribuicao_esperada, nao_escopo, dependencias_criticas)
VALUES ((SELECT id FROM acoes_estrategicas WHERE numero = '2.1.1'), 3, 'SUOP (sob aval da SUBSEGOP) — ARTICULADOR OPERACIONAL',
    'SUOP (sob aval da SUBSEGOP)', 'ARTICULADOR OPERACIONAL', 'A SUOP constitui o elo entre o núcleo técnico-estratégico (ICTDEC) e os órgãos que executam na ponta. O ICTDEC não possui autoridade hierárquica direta sobre os demais órgãos subordinados, o que torna a intermediação da SUOP indispensável para assegurar a adesão institucional às rotinas de monitoramento.',
    ARRAY['Garantir a aderência dos órgãos subordinados às rotinas de monitoramento definidas pelo ICTDEC', 'Intermediar a relação entre o núcleo de planejamento (ICTDEC/DAEAD) e os órgãos executores', 'Destravar gargalos de participação (priorização de agenda, liberação de pessoal, cobrança de reportes)', 'Contribuir com a validação operacional dos indicadores propostos', 'Encaminhar à Alta Gestão as questões que exijam decisão política identificadas nos ciclos de monitoramento'], ARRAY['Não elaborar a metodologia de monitoramento ou definir indicadores (competência do ICTDEC)', 'Não produzir relatórios de análise crítica (competência do ICTDEC)', 'Não alterar prioridades estratégicas sem validação da Alta Gestão', 'Não centralizar o fluxo de informações de monitoramento (órgãos reportam ao ICTDEC; a SUOP assegura que o façam)'], ARRAY['Metodologia clara e calendário de monitoramento definido pelo ICTDEC', 'Compromisso da Alta Gestão com o processo', 'Colaboração dos órgãos subordinados']);
INSERT INTO ficha_setores (ficha_id, setor_id, tipo_participacao)
VALUES ((SELECT id FROM fichas WHERE acao_estrategica_id = (SELECT id FROM acoes_estrategicas WHERE numero = '2.1.1') AND ordem = 3), (SELECT id FROM setores WHERE codigo = 'SUOP'), 'principal');
INSERT INTO ficha_setores (ficha_id, setor_id, tipo_participacao)
VALUES ((SELECT id FROM fichas WHERE acao_estrategica_id = (SELECT id FROM acoes_estrategicas WHERE numero = '2.1.1') AND ordem = 3), (SELECT id FROM setores WHERE codigo = 'SUBSEGOP'), 'aval');
INSERT INTO fichas (acao_estrategica_id, ordem, titulo, setor_display, papel, justificativa,
    contribuicao_esperada, nao_escopo, dependencias_criticas)
VALUES ((SELECT id FROM acoes_estrategicas WHERE numero = '2.1.1'), 4, 'Órgãos Subordinados (Direções, Coordenações, REDECs e demais setores) — ALIMENTADORES DO SISTEMA E EXECUTORES DE CORREÇÃO',
    'Órgãos Subordinados (Direções, Coordenações, REDECs e demais setores)', 'ALIMENTADORES DO SISTEMA E EXECUTORES DE CORREÇÃO', 'Os órgãos subordinados são simultaneamente a fonte primária de dados do sistema de monitoramento e os destinatários das correções de rota identificadas nas análises críticas. Sem o compromisso desses órgãos com o reporte tempestivo e fidedigno de seus indicadores, o sistema perde confiabilidade. São eles que convertem o monitoramento em melhoria efetiva.',
    ARRAY['Reportar periodicamente os indicadores de desempenho de suas áreas, conforme calendário e formato definidos pelo ICTDEC', 'Participar ativamente das reuniões de análise crítica, apresentando resultados, dificuldades e propostas de ajuste', 'Executar as correções de rota pactuadas nas análises críticas, dentro de seus escopos de atuação', 'Designar responsável pelo acompanhamento estratégico dentro do setor (ponto focal de monitoramento)', 'Elaborar seus Planos Setoriais conforme a metodologia vigente, alimentando o ciclo de planejamento-execução-monitoramento'], ARRAY['Não definir indicadores globais ou alterar a metodologia de monitoramento (competência do ICTDEC)', 'Não alterar prioridades estratégicas unilateralmente (as prioridades são as definidas nas Ações Prioritárias vigentes)', 'Não omitir ou distorcer dados de desempenho (o sistema opera com transparência; resultados aquém do esperado são insumo para melhoria, não motivo de sanção)', 'Não tratar o reporte como atividade acessória (o monitoramento integra a gestão corrente do setor)'], ARRAY['Metodologia de monitoramento clara, objetiva e compatível com a capacidade operacional dos setores', 'Indicadores realistas e fontes de dados acessíveis', 'Retorno efetivo das análises críticas (o reporte deve gerar ação, não apenas registro)', 'Capacitação em interpretação de indicadores e gestão por resultados (promovida pelo ICTDEC)', 'Calendário de monitoramento que considere os ciclos operacionais dos órgãos']);
INSERT INTO ficha_setores (ficha_id, setor_id, tipo_participacao)
VALUES ((SELECT id FROM fichas WHERE acao_estrategica_id = (SELECT id FROM acoes_estrategicas WHERE numero = '2.1.1') AND ordem = 4), (SELECT id FROM setores WHERE codigo = 'ORGAOS_SUBORDINADOS'), 'principal');
INSERT INTO ficha_setores (ficha_id, setor_id, tipo_participacao)
VALUES ((SELECT id FROM fichas WHERE acao_estrategica_id = (SELECT id FROM acoes_estrategicas WHERE numero = '2.1.1') AND ordem = 4), (SELECT id FROM setores WHERE codigo = 'REDECS'), 'participante');
INSERT INTO fundamentacoes (acao_estrategica_id, introducao, conclusao)
VALUES ((SELECT id FROM acoes_estrategicas WHERE numero = '2.1.1'), 'A ausência de gestão estratégica institucionalizada produz três efeitos operacionais diretos:', 'A institucionalização da gestão estratégica enfrenta esses três efeitos ao estabelecer dados estruturados para a tomada de decisão, ciclos de revisão que mantêm o Plano ativo e uma base objetiva e padronizada de avaliação. Trata-se da ação que confere sustentabilidade a todas as demais.');
INSERT INTO fundamentacao_itens (fundamentacao_id, ordem, conteudo)
VALUES ((SELECT id FROM fundamentacoes WHERE acao_estrategica_id = (SELECT id FROM acoes_estrategicas WHERE numero = '2.1.1')), 1, '1. Ausência de visibilidade sobre o desempenho: Sem rotinas de monitoramento, não há como aferir objetivamente quais setores estão entregando conforme o planejado, quais enfrentam gargalos e quais necessitam de suporte. A gestão opera sem dados estruturados, apoiando-se predominantemente em percepções informais.');
INSERT INTO fundamentacao_itens (fundamentacao_id, ordem, conteudo)
VALUES ((SELECT id FROM fundamentacoes WHERE acao_estrategica_id = (SELECT id FROM acoes_estrategicas WHERE numero = '2.1.1')), 2, '2. Risco de descontinuidade do Plano Estratégico: Um planejamento estratégico que não é acompanhado por rotinas visíveis e periódicas tende a perder relevância institucional progressivamente. Isso compromete a adesão dos gestores e reduz a capacidade da Secretaria de sustentar políticas de longo prazo.');
INSERT INTO fundamentacao_itens (fundamentacao_id, ordem, conteudo)
VALUES ((SELECT id FROM fundamentacoes WHERE acao_estrategica_id = (SELECT id FROM acoes_estrategicas WHERE numero = '2.1.1')), 3, '3. Cobrança sem base objetiva: Na ausência de indicadores padronizados, a avaliação de desempenho dos setores fica dependente de critérios informais e variáveis, o que dificulta a responsabilização equitativa e a identificação precisa dos pontos de melhoria.');

-- AE 2.1.2
INSERT INTO acoes_estrategicas (numero, nome, eixo_prioritario_id, objetivo_estrategico_id, estrategia_id,
    acoes_conectadas, descricao_oficial_completa, descricao_o_que, descricao_para_que, ancoragem,
    nota_arranjo_institucional, versao, data_elaboracao, elaboracao, proxima_fase)
VALUES ('2.1.2', 'Institucionalizar a gestão de projetos', (SELECT id FROM eixos_prioritarios WHERE codigo = 'EIXO_1'), (SELECT id FROM objetivos_estrategicos WHERE codigo = 'OE2'), (SELECT id FROM estrategias WHERE codigo = 'E2.1'),
    'AE 2.1.1 (Gestão estratégica) | AE 2.1.3 (Instrumentos institucionais) | AE 2.1.6 (Gestão de processos) | AE 1.1.3 (Fontes de recursos)',
    'Adoção de metodologias padronizadas e instituição de ferramentas tecnológicas de suporte que instrumentalizem todo o ciclo de vida da gestão (O QUÊ), visando garantir a viabilidade técnica, o monitoramento da execução e a entrega efetiva de produtos com qualidade e aderência aos prazos (PARA QUÊ).',
    'Adoção de metodologias padronizadas e instituição de ferramentas tecnológicas de suporte que instrumentalizem todo o ciclo de vida da gestão.',
    'Garantir a viabilidade técnica, o monitoramento da execução e a entrega efetiva de produtos com qualidade e aderência aos prazos.',
    'A gestão de projetos é requisito transversal para a execução de qualquer iniciativa estruturante da Secretaria. A Lei Federal nº 12.608/2012 prevê a articulação sistemática entre os entes para ações de proteção e defesa civil, o que pressupõe capacidade de formular, executar e monitorar projetos. A PEPDEC (Decreto nº 46.935/2020) reforça a necessidade de planejamento baseado em estudos e pesquisas (Art. 3º, IV), cuja operacionalização depende de instrumentos de gestão de projetos. O Plano Estratégico 2024–2035 posiciona esta ação como segundo pilar da governança (E2.1), complementar à gestão estratégica (AE 2.1.1): enquanto a AE 2.1.1 mede o alinhamento global da Secretaria à estratégia, a AE 2.1.2 assegura que as iniciativas individuais sejam executadas com método, prazo e qualidade.',
    NULL,
    '1.0',
    '2026-02-14',
    'ICTDEC/DAEAD',
    'Fase 2 — Desdobramento Orientado (definição de entregas por setor)');
INSERT INTO destaques_estrategicos (acao_estrategica_id, titulo, header_contexto)
VALUES ((SELECT id FROM acoes_estrategicas WHERE numero = '2.1.2'), 'O Gabinete de Gestão de Projetos', 'CONTEXTO — Condição Estrutural para a Institucionalização');
INSERT INTO destaque_linhas (destaque_id, ordem, tipo, label, conteudo)
VALUES ((SELECT id FROM destaques_estrategicos WHERE acao_estrategica_id = (SELECT id FROM acoes_estrategicas WHERE numero = '2.1.2')), 1, 'label_conteudo', 'Situação atual', 'O Gabinete de Gestão de Projetos integra a estrutura organizacional como órgão assessor da SUBSEGOP, porém encontra-se atualmente sem operação regular. Este enquadramento o posiciona como líder desta ação estratégica, reconhecendo que sua ativação e fortalecimento constituem condição estrutural para o sucesso não apenas desta ação, mas de diversas outras prioridades que dependem de capacidade de gestão de portfólio.');
INSERT INTO destaque_linhas (destaque_id, ordem, tipo, label, conteudo)
VALUES ((SELECT id FROM destaques_estrategicos WHERE acao_estrategica_id = (SELECT id FROM acoes_estrategicas WHERE numero = '2.1.2')), 2, 'label_conteudo', 'Por que é central', '• A Secretaria opera múltiplos projetos simultâneos (captação de recursos, convênios, obras, capacitações, parcerias) sem uma estrutura dedicada a gerir esse portfólio de forma integrada
• Sem gestão de projetos institucionalizada, cada setor adota métodos próprios, o que dificulta o monitoramento, a prestação de contas e a identificação tempestiva de desvios
• A futura operacionalização do Fundo Estadual de Proteção e Defesa Civil multiplicará o volume de projetos sob gestão, incluindo repasses fundo a fundo para municípios, exigindo capacidade institucional que só será alcançada se a estruturação começar agora');
INSERT INTO destaque_linhas (destaque_id, ordem, tipo, label, conteudo)
VALUES ((SELECT id FROM destaques_estrategicos WHERE acao_estrategica_id = (SELECT id FROM acoes_estrategicas WHERE numero = '2.1.2')), 3, 'label_conteudo', 'Nota sobre vinculação institucional', 'Atualmente, o Gabinete está vinculado à SUBSEGOP como órgão assessor. Recomenda-se avaliar, em momento oportuno, a vinculação funcional à SUOP. A razão técnica é que a SUOP é o órgão de integração operacional da Secretaria — é por meio dela que os órgãos subordinados se articulam para a execução. Um gabinete de projetos vinculado à instância integradora teria acesso direto ao fluxo de informações operacionais, maior proximidade com os executores e condições mais adequadas para exercer o monitoramento em tempo real. Essa análise deve considerar os arranjos normativos vigentes e ser conduzida pela Alta Gestão.');
INSERT INTO destaque_linhas (destaque_id, ordem, tipo, label, conteudo)
VALUES ((SELECT id FROM destaques_estrategicos WHERE acao_estrategica_id = (SELECT id FROM acoes_estrategicas WHERE numero = '2.1.2')), 4, 'label_conteudo', 'Implicação para o presente', 'A ativação do Gabinete é pré-condição operacional. Enquanto não estiver funcional, as etapas iniciais (definição de metodologia, capacitação, seleção de ferramentas) serão conduzidas pelo ICTDEC em articulação com a SUOP, com transferência progressiva ao Gabinete à medida que este se torne operacional.');
INSERT INTO panoramico_linhas (acao_estrategica_id, ordem, setor_display, papel, sintese_contribuicao, nao_faz)
VALUES ((SELECT id FROM acoes_estrategicas WHERE numero = '2.1.2'), 1, 'Gabinete de Gestão de Projetos (SUBSEGOP)', 'Líder Operacional', 'Gere o ciclo de vida dos projetos; monitora execução; consolida portfólio; padroniza instrumentos', 'Não elabora projetos técnicos; não define prioridades estratégicas');
INSERT INTO panoramico_setores (panoramico_linha_id, setor_id, tipo_participacao)
VALUES ((SELECT id FROM panoramico_linhas WHERE acao_estrategica_id = (SELECT id FROM acoes_estrategicas WHERE numero = '2.1.2') AND ordem = 1), (SELECT id FROM setores WHERE codigo = 'GABINETE_DE_GESTÃO_DE_PROJETOS'), 'principal');
INSERT INTO panoramico_linhas (acao_estrategica_id, ordem, setor_display, papel, sintese_contribuicao, nao_faz)
VALUES ((SELECT id FROM acoes_estrategicas WHERE numero = '2.1.2'), 2, 'ICTDEC', 'Coexecutor Metodológico', 'Elabora metodologia; capacita gestores; apoia definição de ferramentas; assegura coerência com demais instrumentos de governança', 'Não gere portfólio; não monitora projetos individuais');
INSERT INTO panoramico_setores (panoramico_linha_id, setor_id, tipo_participacao)
VALUES ((SELECT id FROM panoramico_linhas WHERE acao_estrategica_id = (SELECT id FROM acoes_estrategicas WHERE numero = '2.1.2') AND ordem = 2), (SELECT id FROM setores WHERE codigo = 'ICTDEC'), 'principal');
INSERT INTO panoramico_linhas (acao_estrategica_id, ordem, setor_display, papel, sintese_contribuicao, nao_faz)
VALUES ((SELECT id FROM acoes_estrategicas WHERE numero = '2.1.2'), 3, 'SUOP (sob aval da SUBSEGOP)', 'Articulador e Supervisor', 'Garante adesão dos órgãos; valida prioridades do portfólio; supervisiona implantação', 'Não elabora metodologia; não opera ferramentas');
INSERT INTO panoramico_setores (panoramico_linha_id, setor_id, tipo_participacao)
VALUES ((SELECT id FROM panoramico_linhas WHERE acao_estrategica_id = (SELECT id FROM acoes_estrategicas WHERE numero = '2.1.2') AND ordem = 3), (SELECT id FROM setores WHERE codigo = 'SUOP'), 'principal');
INSERT INTO panoramico_setores (panoramico_linha_id, setor_id, tipo_participacao)
VALUES ((SELECT id FROM panoramico_linhas WHERE acao_estrategica_id = (SELECT id FROM acoes_estrategicas WHERE numero = '2.1.2') AND ordem = 3), (SELECT id FROM setores WHERE codigo = 'SUBSEGOP'), 'aval');
INSERT INTO panoramico_linhas (acao_estrategica_id, ordem, setor_display, papel, sintese_contribuicao, nao_faz)
VALUES ((SELECT id FROM acoes_estrategicas WHERE numero = '2.1.2'), 4, 'SUBSEGAD', 'Apoio Financeiro', 'Dados orçamentários; conformidade contábil; apoio na prestação de contas', 'Não gere projetos; não define metodologia');
INSERT INTO panoramico_setores (panoramico_linha_id, setor_id, tipo_participacao)
VALUES ((SELECT id FROM panoramico_linhas WHERE acao_estrategica_id = (SELECT id FROM acoes_estrategicas WHERE numero = '2.1.2') AND ordem = 4), (SELECT id FROM setores WHERE codigo = 'SUBSEGAD'), 'principal');
INSERT INTO panoramico_linhas (acao_estrategica_id, ordem, setor_display, papel, sintese_contribuicao, nao_faz)
VALUES ((SELECT id FROM acoes_estrategicas WHERE numero = '2.1.2'), 5, 'Órgãos Subordinados', 'Usuários e Executores', 'Aplicam a metodologia; executam projetos; reportam ao Gabinete', 'Não criam metodologias paralelas');
INSERT INTO panoramico_setores (panoramico_linha_id, setor_id, tipo_participacao)
VALUES ((SELECT id FROM panoramico_linhas WHERE acao_estrategica_id = (SELECT id FROM acoes_estrategicas WHERE numero = '2.1.2') AND ordem = 5), (SELECT id FROM setores WHERE codigo = 'ÓRGÃOS_SUBORDINADOS'), 'principal');
INSERT INTO fichas (acao_estrategica_id, ordem, titulo, setor_display, papel, justificativa,
    contribuicao_esperada, nao_escopo, dependencias_criticas)
VALUES ((SELECT id FROM acoes_estrategicas WHERE numero = '2.1.2'), 1, 'Gabinete de Gestão de Projetos (órgão assessor da SUBSEGOP) — LÍDER OPERACIONAL',
    'Gabinete de Gestão de Projetos (órgão assessor da SUBSEGOP)', 'LÍDER OPERACIONAL', 'A institucionalização da gestão de projetos exige um órgão dedicado à gestão do portfólio institucional, que centralize o acompanhamento do ciclo de vida dos projetos e assegure a padronização dos instrumentos. O Gabinete de Gestão de Projetos, vinculado à SUBSEGOP como órgão assessor, é o órgão com essa atribuição na estrutura da Secretaria.
Nota sobre a operacionalização: O Gabinete encontra-se atualmente sem operação regular. Sua ativação constitui condição estrutural para o sucesso desta ação. No período de transição, as atividades metodológicas iniciais (definição de metodologia, capacitação, seleção de ferramentas) serão conduzidas pelo ICTDEC em articulação com a SUOP, com transferência progressiva ao Gabinete à medida que este se torne operacional.',
    ARRAY['Gerir o ciclo de vida dos projetos institucionais (da aprovação ao encerramento e prestação de contas)', 'Monitorar a execução físico-financeira dos projetos, consolidando indicadores de progresso e alertas de desvio', 'Manter o portfólio institucional de projetos atualizado e acessível à SUOP e à Alta Gestão', 'Padronizar instrumentos de gestão de projetos (templates, relatórios de status, critérios de priorização e encerramento)', 'Adotar e gerir plataforma ou mecanismo tecnológico para gerenciamento integrado dos projetos', 'Difundir os fundamentos da gestão de projetos na instituição, em articulação com o ICTDEC', 'Acompanhar, quando da operacionalização do Fundo Estadual, os projetos financiados por repasses, incluindo transferências fundo a fundo'], ARRAY['Não elaborar os projetos técnicos (competência dos órgãos setoriais e, no âmbito de P&D, do ICTDEC)', 'Não definir prioridades estratégicas (competência da Alta Gestão via AE 2.1.1)', 'Não executar diretamente os projetos (papel dos órgãos responsáveis)', 'Não assumir funções de conformidade contábil (competência da SUBSEGAD)', 'Não elaborar a metodologia de gestão de projetos isoladamente (construção conjunta com o ICTDEC)'], ARRAY['Recursos humanos qualificados e dedicados (condição crítica para ativação)', 'Metodologia de gestão de projetos definida pelo ICTDEC', 'Ferramenta tecnológica compatível com a maturidade e os recursos disponíveis', 'Priorização institucional clara (AE 2.1.1 — gestão estratégica)', 'Informações de execução financeira da SUBSEGAD', 'Parecer jurídico da ASSEJUR sobre instrumentos de repasse (quando aplicável)']);
INSERT INTO ficha_setores (ficha_id, setor_id, tipo_participacao)
VALUES ((SELECT id FROM fichas WHERE acao_estrategica_id = (SELECT id FROM acoes_estrategicas WHERE numero = '2.1.2') AND ordem = 1), (SELECT id FROM setores WHERE codigo = 'GAB_GESTAO_PROJETOS'), 'principal');
INSERT INTO ficha_setores (ficha_id, setor_id, tipo_participacao)
VALUES ((SELECT id FROM fichas WHERE acao_estrategica_id = (SELECT id FROM acoes_estrategicas WHERE numero = '2.1.2') AND ordem = 1), (SELECT id FROM setores WHERE codigo = 'SUBSEGOP'), 'superior');
INSERT INTO fichas (acao_estrategica_id, ordem, titulo, setor_display, papel, justificativa,
    contribuicao_esperada, nao_escopo, dependencias_criticas)
VALUES ((SELECT id FROM acoes_estrategicas WHERE numero = '2.1.2'), 2, 'ICTDEC — COEXECUTOR METODOLÓGICO',
    'ICTDEC', 'COEXECUTOR METODOLÓGICO', 'O ICTDEC é responsável pela modernização administrativa e pela formulação de metodologias de gestão no âmbito da Secretaria. Compete-lhe formular a metodologia de gestão de projetos adequada à realidade institucional e capacitar os gestores para sua aplicação. O ICTDEC não gere o portfólio de projetos (papel do Gabinete), mas fornece o método e o conhecimento técnico que viabilizam essa gestão.',
    ARRAY['Estabelecer a metodologia organizacional de gestão de projetos, adequada ao nível de maturidade institucional', 'Definir, em articulação com o Gabinete, os templates, fluxos e critérios de classificação de projetos', 'Apoiar a seleção e configuração de ferramenta tecnológica para gerenciamento de projetos, considerando as restrições de recursos e maturidade', 'Promover ações de capacitação e difusão dos fundamentos de gestão de projetos junto aos gestores da Secretaria', 'Assessorar o Gabinete na implantação gradual da metodologia, especialmente na fase de transição', 'Assegurar a coerência entre a metodologia de gestão de projetos e os demais instrumentos de governança em implantação (gestão estratégica, gestão de processos, gestão por competências), garantindo que compartilhem taxonomias compatíveis, fluxos de dados integrados e indicadores que se alimentem mutuamente'], ARRAY['Não gerir o portfólio de projetos da Secretaria (competência do Gabinete de Gestão de Projetos)', 'Não monitorar a execução de projetos individuais (competência do Gabinete)', 'Não substituir o Gabinete permanentemente (o suporte é transitório, visando a transferência de capacidade)', 'Não definir prioridades do portfólio (competência da SUOP/Alta Gestão)'], ARRAY['Ativação do Gabinete de Gestão de Projetos (receptor da metodologia)', 'Articulação da SUOP para garantir adesão dos órgãos subordinados à metodologia', 'Acesso às informações sobre os projetos em andamento na Secretaria (para diagnóstico inicial)', 'Tempo protegido da equipe para esta atividade']);
INSERT INTO ficha_setores (ficha_id, setor_id, tipo_participacao)
VALUES ((SELECT id FROM fichas WHERE acao_estrategica_id = (SELECT id FROM acoes_estrategicas WHERE numero = '2.1.2') AND ordem = 2), (SELECT id FROM setores WHERE codigo = 'ICTDEC'), 'principal');
INSERT INTO fichas (acao_estrategica_id, ordem, titulo, setor_display, papel, justificativa,
    contribuicao_esperada, nao_escopo, dependencias_criticas)
VALUES ((SELECT id FROM acoes_estrategicas WHERE numero = '2.1.2'), 3, 'SUOP (sob aval da SUBSEGOP) — ARTICULADOR E SUPERVISOR',
    'SUOP (sob aval da SUBSEGOP)', 'ARTICULADOR E SUPERVISOR', 'A SUOP é o órgão de integração operacional da Secretaria e a instância que articula a participação dos órgãos subordinados. Seu papel é garantir que a gestão de projetos se torne prática institucional e que o portfólio esteja alinhado à estratégia. Cabe também à SUOP contribuir para o fortalecimento do Gabinete, dado o impacto operacional de sua ativação.',
    ARRAY['Contribuir para a ativação e o fortalecimento do Gabinete de Gestão de Projetos, em articulação com a SUBSEGOP', 'Validar as prioridades do portfólio de projetos, em articulação com a Alta Gestão', 'Garantir a aderência dos órgãos subordinados à metodologia de gestão de projetos', 'Destravar gargalos de implementação (recursos humanos, acesso a informações, participação dos setores)', 'Encaminhar à Alta Gestão as decisões que extrapolem o nível operacional'], ARRAY['Não elaborar a metodologia de gestão de projetos (competência do ICTDEC)', 'Não operar as ferramentas de gerenciamento (competência do Gabinete)', 'Não executar projetos diretamente (competência dos órgãos responsáveis)'], ARRAY['Metodologia definida pelo ICTDEC', 'Gabinete de Gestão de Projetos progressivamente operacional', 'Compromisso da Alta Gestão com a institucionalização']);
INSERT INTO ficha_setores (ficha_id, setor_id, tipo_participacao)
VALUES ((SELECT id FROM fichas WHERE acao_estrategica_id = (SELECT id FROM acoes_estrategicas WHERE numero = '2.1.2') AND ordem = 3), (SELECT id FROM setores WHERE codigo = 'SUOP'), 'principal');
INSERT INTO ficha_setores (ficha_id, setor_id, tipo_participacao)
VALUES ((SELECT id FROM fichas WHERE acao_estrategica_id = (SELECT id FROM acoes_estrategicas WHERE numero = '2.1.2') AND ordem = 3), (SELECT id FROM setores WHERE codigo = 'SUBSEGOP'), 'aval');
INSERT INTO fichas (acao_estrategica_id, ordem, titulo, setor_display, papel, justificativa,
    contribuicao_esperada, nao_escopo, dependencias_criticas)
VALUES ((SELECT id FROM acoes_estrategicas WHERE numero = '2.1.2'), 4, 'SUBSEGAD — APOIO FINANCEIRO E ADMINISTRATIVO',
    'SUBSEGAD', 'APOIO FINANCEIRO E ADMINISTRATIVO', 'A gestão de projetos requer informações financeiras atualizadas e conformidade contábil, especialmente para projetos financiados por fontes externas. A SUBSEGAD fornece os dados de execução orçamentária que alimentam o monitoramento físico-financeiro realizado pelo Gabinete.',
    ARRAY['Fornecer informações de execução orçamentária e financeira dos projetos ao Gabinete de Gestão de Projetos', 'Garantir conformidade contábil e jurídica dos instrumentos vinculados aos projetos', 'Apoiar a prestação de contas de projetos financiados por fontes externas', 'Sinalizar tempestivamente restrições orçamentárias que impactem o portfólio'], ARRAY['Não gerir projetos (competência do Gabinete)', 'Não definir metodologia de gestão de projetos (competência do ICTDEC)', 'Não priorizar projetos (competência da SUOP/Alta Gestão)'], ARRAY['Portfólio de projetos estruturado e atualizado (Gabinete)', 'Critérios claros de classificação orçamentária dos projetos', 'Parecer da ASSEJUR quando necessário (instrumentos de repasse, convênios)']);
INSERT INTO ficha_setores (ficha_id, setor_id, tipo_participacao)
VALUES ((SELECT id FROM fichas WHERE acao_estrategica_id = (SELECT id FROM acoes_estrategicas WHERE numero = '2.1.2') AND ordem = 4), (SELECT id FROM setores WHERE codigo = 'SUBSEGAD'), 'principal');
INSERT INTO fichas (acao_estrategica_id, ordem, titulo, setor_display, papel, justificativa,
    contribuicao_esperada, nao_escopo, dependencias_criticas)
VALUES ((SELECT id FROM acoes_estrategicas WHERE numero = '2.1.2'), 5, 'Órgãos Subordinados (Direções, Coordenações, REDECs e demais setores) — USUÁRIOS DA METODOLOGIA E EXECUTORES DE PROJETOS',
    'Órgãos Subordinados (Direções, Coordenações, REDECs e demais setores)', 'USUÁRIOS DA METODOLOGIA E EXECUTORES DE PROJETOS', 'Os órgãos subordinados são os responsáveis pela execução dos projetos e, portanto, os usuários diretos da metodologia institucionalizada. Sua adesão ao método padronizado é o que converte a metodologia em prática efetiva.',
    ARRAY['Aplicar a metodologia de gestão de projetos definida institucionalmente em suas iniciativas', 'Reportar ao Gabinete de Gestão de Projetos o status de execução de seus projetos, conforme fluxos definidos', 'Participar das capacitações em gestão de projetos promovidas pelo ICTDEC', 'Utilizar as ferramentas tecnológicas padronizadas para gerenciamento de suas iniciativas', 'Fornecer informações tempestivas sobre desvios, riscos e necessidades de reprogramação'], ARRAY['Não criar metodologias paralelas de gestão de projetos (a padronização é institucional)', 'Não alterar prioridades do portfólio sem validação da SUOP', 'Não tratar o reporte ao Gabinete como atividade acessória (integra a gestão corrente)'], ARRAY['Metodologia simples, objetiva e compatível com a capacidade operacional dos setores', 'Ferramentas tecnológicas acessíveis e de fácil utilização', 'Capacitação adequada promovida pelo ICTDEC', 'Retorno efetivo do monitoramento (o reporte deve gerar suporte, não apenas registro)']);
INSERT INTO ficha_setores (ficha_id, setor_id, tipo_participacao)
VALUES ((SELECT id FROM fichas WHERE acao_estrategica_id = (SELECT id FROM acoes_estrategicas WHERE numero = '2.1.2') AND ordem = 5), (SELECT id FROM setores WHERE codigo = 'ORGAOS_SUBORDINADOS'), 'principal');
INSERT INTO ficha_setores (ficha_id, setor_id, tipo_participacao)
VALUES ((SELECT id FROM fichas WHERE acao_estrategica_id = (SELECT id FROM acoes_estrategicas WHERE numero = '2.1.2') AND ordem = 5), (SELECT id FROM setores WHERE codigo = 'REDECS'), 'participante');
INSERT INTO fundamentacoes (acao_estrategica_id, introducao, conclusao)
VALUES ((SELECT id FROM acoes_estrategicas WHERE numero = '2.1.2'), 'A ausência de gestão de projetos institucionalizada gera três efeitos operacionais diretos:', 'A institucionalização da gestão de projetos enfrenta esses efeitos ao estabelecer um método padronizado, uma estrutura dedicada (Gabinete) e ferramentas de acompanhamento, criando a capacidade institucional necessária para gerir o portfólio atual e absorver o crescimento futuro.');
INSERT INTO fundamentacao_itens (fundamentacao_id, ordem, conteudo)
VALUES ((SELECT id FROM fundamentacoes WHERE acao_estrategica_id = (SELECT id FROM acoes_estrategicas WHERE numero = '2.1.2')), 1, '1. Fragmentação de métodos: Cada setor adota seus próprios critérios de planejamento, execução e acompanhamento de projetos. Isso impede a consolidação de um portfólio institucional e dificulta a visão integrada de prazos, custos e entregas.');
INSERT INTO fundamentacao_itens (fundamentacao_id, ordem, conteudo)
VALUES ((SELECT id FROM fundamentacoes WHERE acao_estrategica_id = (SELECT id FROM acoes_estrategicas WHERE numero = '2.1.2')), 2, '2. Risco na execução de recursos externos: Projetos financiados por editais, convênios ou fundos exigem acompanhamento rigoroso da execução físico-financeira e prestação de contas tempestiva. Sem instrumento padronizado, a Secretaria fica exposta a riscos de inadimplência e devolução de recursos.');
INSERT INTO fundamentacao_itens (fundamentacao_id, ordem, conteudo)
VALUES ((SELECT id FROM fundamentacoes WHERE acao_estrategica_id = (SELECT id FROM acoes_estrategicas WHERE numero = '2.1.2')), 3, '3. Perda de capacidade de escala: A operacionalização do Fundo Estadual de Proteção e Defesa Civil exigirá gestão simultânea de dezenas de projetos, incluindo repasses a municípios. Essa escala é inviável sem estrutura, metodologia e ferramentas adequadas.');

-- AE 2.1.3
INSERT INTO acoes_estrategicas (numero, nome, eixo_prioritario_id, objetivo_estrategico_id, estrategia_id,
    acoes_conectadas, descricao_oficial_completa, descricao_o_que, descricao_para_que, ancoragem,
    nota_arranjo_institucional, versao, data_elaboracao, elaboracao, proxima_fase)
VALUES ('2.1.3', 'Produzir instrumentos institucionais de transparência e comunicação', (SELECT id FROM eixos_prioritarios WHERE codigo = 'EIXO_1'), (SELECT id FROM objetivos_estrategicos WHERE codigo = 'OE2'), (SELECT id FROM estrategias WHERE codigo = 'E2.1'),
    'AE 2.1.1 (Gestão estratégica) | AE 2.1.2 (Gestão de projetos) | AE 2.1.4 (Cultura organizacional) | AE 1.1.3 (Fontes de recursos) | AE 7.1.2 (Atuação parlamentar)',
    'Desenvolvimento de produtos de comunicação estratégica que sistematizem e evidenciem o valor público das entregas da Defesa Civil (O QUÊ), visando fortalecer o posicionamento da marca, promover a coesão e o alinhamento organizacional e ampliar a credibilidade para a atração de investimentos e parcerias estratégicas (PARA QUÊ).',
    'Desenvolvimento de produtos de comunicação estratégica que sistematizem e evidenciem o valor público das entregas da Defesa Civil.',
    'Fortalecer o posicionamento institucional, promover a coesão e o alinhamento organizacional e ampliar a credibilidade para a atração de investimentos e parcerias estratégicas.',
    'A produção de instrumentos institucionais de transparência responde a um duplo imperativo. Internamente, a Secretaria necessita de produtos que sistematizem suas entregas e tornem visível o trabalho de seus órgãos, promovendo coesão e alinhamento. Externamente, a credibilidade institucional perante financiadores, parceiros e órgãos de controle depende da capacidade de demonstrar, com clareza e regularidade, o valor público das ações realizadas. A Lei Federal nº 12.608/2012 prevê a transparência como princípio da gestão de riscos e desastres. A PEPDEC (Decreto nº 46.935/2020) reforça a necessidade de ampla divulgação das ações de proteção e defesa civil. O Plano Estratégico 2024–2035 posiciona esta ação como complemento direto da gestão estratégica (AE 2.1.1) e da captação de recursos (AE 1.1.3): sem instrumentos que evidenciem resultados, não há como sustentar credibilidade para parcerias nem prestar contas à sociedade.',
    NULL,
    '1.0',
    '2026-02-14',
    'ICTDEC/DAEAD',
    'Fase 2 — Desdobramento Orientado (definição de entregas por setor)');
INSERT INTO panoramico_linhas (acao_estrategica_id, ordem, setor_display, papel, sintese_contribuicao, nao_faz)
VALUES ((SELECT id FROM acoes_estrategicas WHERE numero = '2.1.3'), 1, 'SUOP (sob aval da SUBSEGOP)', 'Líder: Coordenador e Produtor', 'Coordena coleta; compila dados; produz os instrumentos a partir dos templates; valida e submete à Alta Gestão', 'Não define metodologia; não produz conteúdo jornalístico');
INSERT INTO panoramico_setores (panoramico_linha_id, setor_id, tipo_participacao)
VALUES ((SELECT id FROM panoramico_linhas WHERE acao_estrategica_id = (SELECT id FROM acoes_estrategicas WHERE numero = '2.1.3') AND ordem = 1), (SELECT id FROM setores WHERE codigo = 'SUOP'), 'principal');
INSERT INTO panoramico_setores (panoramico_linha_id, setor_id, tipo_participacao)
VALUES ((SELECT id FROM panoramico_linhas WHERE acao_estrategica_id = (SELECT id FROM acoes_estrategicas WHERE numero = '2.1.3') AND ordem = 1), (SELECT id FROM setores WHERE codigo = 'SUBSEGOP'), 'aval');
INSERT INTO panoramico_linhas (acao_estrategica_id, ordem, setor_display, papel, sintese_contribuicao, nao_faz)
VALUES ((SELECT id FROM acoes_estrategicas WHERE numero = '2.1.3'), 2, 'ICTDEC', 'Coexecutor Metodológico', 'Define metodologia, estrutura e templates dos produtos; revisa padrões quando necessário', 'Não compila dados; não produz as edições recorrentes dos instrumentos');
INSERT INTO panoramico_setores (panoramico_linha_id, setor_id, tipo_participacao)
VALUES ((SELECT id FROM panoramico_linhas WHERE acao_estrategica_id = (SELECT id FROM acoes_estrategicas WHERE numero = '2.1.3') AND ordem = 2), (SELECT id FROM setores WHERE codigo = 'ICTDEC'), 'principal');
INSERT INTO panoramico_linhas (acao_estrategica_id, ordem, setor_display, papel, sintese_contribuicao, nao_faz)
VALUES ((SELECT id FROM acoes_estrategicas WHERE numero = '2.1.3'), 3, 'Órgãos Subordinados', 'Fornecedores de Conteúdo', 'Reportam atividades, resultados e dados setoriais para compilação pela SUOP', 'Não produzem instrumentos institucionais isolados');
INSERT INTO panoramico_setores (panoramico_linha_id, setor_id, tipo_participacao)
VALUES ((SELECT id FROM panoramico_linhas WHERE acao_estrategica_id = (SELECT id FROM acoes_estrategicas WHERE numero = '2.1.3') AND ordem = 3), (SELECT id FROM setores WHERE codigo = 'ÓRGÃOS_SUBORDINADOS'), 'principal');
INSERT INTO fichas (acao_estrategica_id, ordem, titulo, setor_display, papel, justificativa,
    contribuicao_esperada, nao_escopo, dependencias_criticas)
VALUES ((SELECT id FROM acoes_estrategicas WHERE numero = '2.1.3'), 1, 'SUOP (sob aval da SUBSEGOP) — LÍDER: COORDENADOR E PRODUTOR',
    'SUOP (sob aval da SUBSEGOP)', 'LÍDER: COORDENADOR E PRODUTOR', 'A produção de instrumentos de transparência exige a compilação de informações de múltiplos órgãos da Secretaria e a formatação de produtos com regularidade. A SUOP, como órgão de integração operacional, é a instância com capacidade de mobilizar os setores, compilar os dados e produzir os instrumentos utilizando a metodologia e os templates definidos pelo ICTDEC. Essa divisão de trabalho evita que o ciclo recorrente de produção dependa do ICTDEC, cujos recursos devem estar concentrados na formulação metodológica e no monitoramento estratégico.',
    ARRAY['Coordenar a coleta de dados e informações junto aos órgãos subordinados', 'Compilar os dados recebidos e produzir os instrumentos institucionais utilizando os templates e padrões definidos pelo ICTDEC', 'Assegurar que os órgãos cumpram os prazos de fornecimento de informações', 'Validar os produtos antes da submissão à Alta Gestão para aprovação e publicação', 'Articular com a Comunicação Social da Secretaria para a difusão dos produtos finalizados', 'Integrar o calendário de produção destes instrumentos ao ciclo de monitoramento estratégico (AE 2.1.1)'], ARRAY['Não definir a metodologia, estrutura ou templates dos produtos (competência do ICTDEC)', 'Não produzir conteúdo editorial ou jornalístico (competência da Comunicação Social)', 'Não substituir os órgãos subordinados na produção de seus próprios dados'], ARRAY['Metodologia, templates e padrões de qualidade definidos pelo ICTDEC', 'Comprometimento dos órgãos subordinados com o fornecimento regular de dados', 'Apoio da Comunicação Social para difusão e adequação de linguagem ao público externo', 'Chancela da Alta Gestão para publicação dos instrumentos', 'Dados do monitoramento estratégico (DAEAD/AE 2.1.1) para alimentar o Relatório de Gestão']);
INSERT INTO ficha_setores (ficha_id, setor_id, tipo_participacao)
VALUES ((SELECT id FROM fichas WHERE acao_estrategica_id = (SELECT id FROM acoes_estrategicas WHERE numero = '2.1.3') AND ordem = 1), (SELECT id FROM setores WHERE codigo = 'SUOP'), 'principal');
INSERT INTO ficha_setores (ficha_id, setor_id, tipo_participacao)
VALUES ((SELECT id FROM fichas WHERE acao_estrategica_id = (SELECT id FROM acoes_estrategicas WHERE numero = '2.1.3') AND ordem = 1), (SELECT id FROM setores WHERE codigo = 'SUBSEGOP'), 'aval');
INSERT INTO fichas (acao_estrategica_id, ordem, titulo, setor_display, papel, justificativa,
    contribuicao_esperada, nao_escopo, dependencias_criticas)
VALUES ((SELECT id FROM acoes_estrategicas WHERE numero = '2.1.3'), 2, 'ICTDEC — COEXECUTOR METODOLÓGICO',
    'ICTDEC', 'COEXECUTOR METODOLÓGICO', 'O ICTDEC detém a competência técnica para definir a metodologia, a estrutura e os templates dos produtos institucionais previstos nesta ação. Sua contribuição é de natureza fundacional: define o “como fazer” e entrega os modelos para que a SUOP execute o ciclo recorrente de produção. O ICTDEC não participa da compilação de dados nem da produção periódica dos instrumentos, salvo quando houver necessidade de revisão metodológica ou atualização dos padrões.',
    ARRAY['Definir a metodologia, a estrutura e o conteúdo mínimo de cada produto institucional (Portfólio, Relatório de Gestão, Calendário, Carta de Serviços, instrumentos de apresentação)', 'Elaborar os templates padronizados para produção recorrente pela SUOP', 'Definir padrões de qualidade, formato e identidade visual dos produtos, em articulação com a Comunicação Social', 'Assegurar a coerência entre a estrutura dos instrumentos e os dados do monitoramento estratégico (AE 2.1.1) e do portfólio de projetos (AE 2.1.2)', 'Revisar e atualizar a metodologia e os templates quando necessário, com base na experiência das edições produzidas pela SUOP'], ARRAY['Não compilar dados dos órgãos subordinados (competência da SUOP)', 'Não produzir as edições recorrentes dos instrumentos (ciclo de produção fica com a SUOP)', 'Não produzir conteúdo jornalístico ou peças de mídia (competência da Comunicação Social)', 'Não validar os produtos para publicação (competência da SUOP e da Alta Gestão)'], ARRAY['Definição prévia dos produtos a serem instituídos (validação da SUOP e da Alta Gestão)', 'Apoio da Comunicação Social para alinhamento de identidade visual', 'Retorno da SUOP sobre a aplicabilidade dos templates após as primeiras edições (melhoria contínua)']);
INSERT INTO ficha_setores (ficha_id, setor_id, tipo_participacao)
VALUES ((SELECT id FROM fichas WHERE acao_estrategica_id = (SELECT id FROM acoes_estrategicas WHERE numero = '2.1.3') AND ordem = 2), (SELECT id FROM setores WHERE codigo = 'ICTDEC'), 'principal');
INSERT INTO fichas (acao_estrategica_id, ordem, titulo, setor_display, papel, justificativa,
    contribuicao_esperada, nao_escopo, dependencias_criticas)
VALUES ((SELECT id FROM acoes_estrategicas WHERE numero = '2.1.3'), 3, 'Órgãos Subordinados (Direções, Coordenações, REDECs e demais setores) — FORNECEDORES DE CONTEÚDO',
    'Órgãos Subordinados (Direções, Coordenações, REDECs e demais setores)', 'FORNECEDORES DE CONTEÚDO', 'Os instrumentos institucionais previstos nesta ação só têm valor se refletirem a realidade das entregas da Secretaria. Os órgãos subordinados são a fonte primária das informações que alimentam o Portfólio de Atividades, o Relatório de Gestão, a Carta de Serviços e os demais produtos. Sem o fornecimento tempestivo e fidedigno desses dados, os instrumentos perdem representatividade e utilidade.',
    ARRAY['Fornecer informações sobre suas atividades, resultados e serviços conforme formato e prazos definidos pela SUOP', 'Validar a descrição de suas atribuições e serviços nos instrumentos de apresentação e na Carta de Serviços', 'Alimentar o Calendário Anual de Atividades com seus eventos e ações programáticas', 'Reportar resultados setoriais para composição do Relatório Anual de Gestão'], ARRAY['Não produzir instrumentos institucionais de transparência isolados ou paralelos aos da Secretaria', 'Não publicar dados institucionais sem observar os padrões definidos para a ação', 'Não omitir ou distorcer informações setoriais (a precisão dos instrumentos depende da fidedignidade dos dados fornecidos)'], ARRAY['Formato claro e objetivo para o fornecimento de dados (definido pelo ICTDEC, operacionalizado pela SUOP)', 'Prazos compatíveis com os ciclos operacionais dos setores', 'Retorno sobre o uso das informações fornecidas (o setor deve ver sua contribuição refletida nos produtos finais)']);
INSERT INTO ficha_setores (ficha_id, setor_id, tipo_participacao)
VALUES ((SELECT id FROM fichas WHERE acao_estrategica_id = (SELECT id FROM acoes_estrategicas WHERE numero = '2.1.3') AND ordem = 3), (SELECT id FROM setores WHERE codigo = 'ORGAOS_SUBORDINADOS'), 'principal');
INSERT INTO ficha_setores (ficha_id, setor_id, tipo_participacao)
VALUES ((SELECT id FROM fichas WHERE acao_estrategica_id = (SELECT id FROM acoes_estrategicas WHERE numero = '2.1.3') AND ordem = 3), (SELECT id FROM setores WHERE codigo = 'REDECS'), 'participante');
INSERT INTO fundamentacoes (acao_estrategica_id, introducao, conclusao)
VALUES ((SELECT id FROM acoes_estrategicas WHERE numero = '2.1.3'), 'A ausência de instrumentos institucionais de transparência gera três efeitos operacionais diretos:', 'Esta ação enfrenta esses efeitos ao criar produtos padronizados de comunicação institucional que sistematizam as entregas, estruturam a prestação de contas e constroem credibilidade mensurável perante públicos internos e externos.');
INSERT INTO fundamentacao_itens (fundamentacao_id, ordem, conteudo)
VALUES ((SELECT id FROM fundamentacoes WHERE acao_estrategica_id = (SELECT id FROM acoes_estrategicas WHERE numero = '2.1.3')), 1, '1. Invisibilidade das entregas: A Secretaria realiza um volume significativo de ações que não são sistematizadas nem comunicadas de forma estruturada. Isso produz uma percepção distorcida tanto interna (setores desconhecem o que os demais fazem) quanto externa (financiadores, parceiros e sociedade não têm acesso ao escopo real de atuação da Defesa Civil).');
INSERT INTO fundamentacao_itens (fundamentacao_id, ordem, conteudo)
VALUES ((SELECT id FROM fundamentacoes WHERE acao_estrategica_id = (SELECT id FROM acoes_estrategicas WHERE numero = '2.1.3')), 2, '2. Fragilidade na prestação de contas: Sem relatório de gestão institucionalizado, a Secretaria depende de compilações improvisadas para responder a demandas de órgãos de controle, legislativo ou imprensa. Isso consome tempo, gera inconsistências e expõe a instituição a riscos reputacionais.');
INSERT INTO fundamentacao_itens (fundamentacao_id, ordem, conteudo)
VALUES ((SELECT id FROM fundamentacoes WHERE acao_estrategica_id = (SELECT id FROM acoes_estrategicas WHERE numero = '2.1.3')), 3, '3. Perda de credibilidade para captação: A atração de investimentos e parcerias (AE 1.1.3) depende da capacidade de demonstrar resultados. Agências de fomento, organismos internacionais e potenciais parceiros avaliam a maturidade institucional também pela qualidade dos instrumentos de comunicação. Sem eles, a Secretaria compete em desvantagem.');

-- AE 2.1.4
INSERT INTO acoes_estrategicas (numero, nome, eixo_prioritario_id, objetivo_estrategico_id, estrategia_id,
    acoes_conectadas, descricao_oficial_completa, descricao_o_que, descricao_para_que, ancoragem,
    nota_arranjo_institucional, versao, data_elaboracao, elaboracao, proxima_fase)
VALUES ('2.1.4', 'Fortalecer a cultura e o clima organizacional', (SELECT id FROM eixos_prioritarios WHERE codigo = 'EIXO_1'), (SELECT id FROM objetivos_estrategicos WHERE codigo = 'OE2'), (SELECT id FROM estrategias WHERE codigo = 'E2.1'),
    'AE 2.1.1 (Gestão estratégica) | AE 2.1.3 (Instrumentos institucionais) | AE 2.1.7 (Gestão por competências) | AE 3.1.1 (Capacitação do efetivo)',
    'Promoção de ações contínuas de internalização da Identidade Estratégica e integração transversal (O QUÊ), visando assegurar que cada servidor compreenda seu papel na missão maior e atue com senso de unidade, ao passo que se fomenta a evolução da maturidade institucional em todos os níveis hierárquicos, consolidando uma cultura orientada a resultados, à inovação e à governança sistêmica (PARA QUÊ).',
    'Promoção de ações contínuas de internalização da Identidade Estratégica e integração transversal.',
    'Assegurar que cada servidor compreenda seu papel na missão institucional e atue com senso de unidade, fomentando a evolução da maturidade institucional em todos os níveis hierárquicos, consolidando uma cultura orientada a resultados, à inovação e à governança sistêmica.',
    'O fortalecimento da cultura organizacional é o eixo que confere coerência e sustentabilidade a todas as demais ações de governança. Metodologias, processos e indicadores só produzem resultado quando internalizados pelas equipes como prática institucional, não como exigência burocrática. O Plano Estratégico 2024–2035 define valores institucionais (sentimento de servidor, engajamento, comprometimento e foco, desenvolvimento pessoal, receptividade, integridade) e posiciona esta ação como instrumento de internalização desses valores. A Lei Federal nº 12.608/2012 e a PEPDEC (Decreto nº 46.935/2020) exigem capacidade de atuação coordenada e multissetorial, o que pressupõe coesão interna e alinhamento entre os órgãos. O Programa SEDEC 360 constitui a iniciativa estruturante que operacionaliza esta ação, promovendo o fortalecimento da governança e da cultura de gestão na Secretaria.',
    NULL,
    '1.0',
    '2026-02-14',
    'ICTDEC/DAEAD',
    'Fase 2 — Desdobramento Orientado (definição de entregas por setor)');
INSERT INTO destaques_estrategicos (acao_estrategica_id, titulo, header_contexto)
VALUES ((SELECT id FROM acoes_estrategicas WHERE numero = '2.1.4'), 'A Dimensão Cultural da Governança', 'CONTEXTO — Por que Cultura é Infraestrutura');
INSERT INTO destaque_linhas (destaque_id, ordem, tipo, label, conteudo)
VALUES ((SELECT id FROM destaques_estrategicos WHERE acao_estrategica_id = (SELECT id FROM acoes_estrategicas WHERE numero = '2.1.4')), 1, 'label_conteudo', 'A relação com as demais AEs', 'A Estratégia E2.1 prevê a implantação simultânea de diversos instrumentos de governança: gestão estratégica (AE 2.1.1), gestão de projetos (AE 2.1.2), gestão de processos (AE 2.1.6) e gestão por competências (AE 2.1.7). Cada um desses instrumentos exige, para sua efetividade, que as equipes compreendam o propósito da mudança e adiram a novas rotinas. A AE 2.1.4 é o componente de adesão que sustenta todos os demais: sem evolução cultural, a implantação de novos instrumentos tende a encontrar resistência passiva e perder efetividade ao longo do tempo.');
INSERT INTO destaque_linhas (destaque_id, ordem, tipo, label, conteudo)
VALUES ((SELECT id FROM destaques_estrategicos WHERE acao_estrategica_id = (SELECT id FROM acoes_estrategicas WHERE numero = '2.1.4')), 2, 'label_conteudo', 'O papel do SEDEC 360', 'O Programa SEDEC 360 é a iniciativa que operacionaliza esta ação, integrando as dimensões de gestão, governança e cultura num processo estruturado de fortalecimento institucional. As ações previstas nesta AE são conduzidas no âmbito do SEDEC 360, que fornece o enquadramento metodológico e o calendário de execução.');
INSERT INTO destaque_linhas (destaque_id, ordem, tipo, label, conteudo)
VALUES ((SELECT id FROM destaques_estrategicos WHERE acao_estrategica_id = (SELECT id FROM acoes_estrategicas WHERE numero = '2.1.4')), 3, 'label_conteudo', 'Condição de sucesso', 'Ações de cultura organizacional só produzem resultado quando conduzidas com patrocínio visível da Alta Gestão. Se percebidas como iniciativa técnica isolada, tendem a ser tratadas como atividade acessória. Por isso, a liderança institucional desta ação cabe à Alta Gestão, com execução técnica pelo ICTDEC.');
INSERT INTO panoramico_linhas (acao_estrategica_id, ordem, setor_display, papel, sintese_contribuicao, nao_faz)
VALUES ((SELECT id FROM acoes_estrategicas WHERE numero = '2.1.4'), 1, 'Alta Gestão (SUBSEGOP / Secretário)', 'Líder Institucional', 'Patrocina as ações de cultura; define condutas valorizadas; participa presencialmente nas iniciativas; confere legitimidade', 'Não elabora metodologia; não conduz tecnicamente as ações');
INSERT INTO panoramico_setores (panoramico_linha_id, setor_id, tipo_participacao)
VALUES ((SELECT id FROM panoramico_linhas WHERE acao_estrategica_id = (SELECT id FROM acoes_estrategicas WHERE numero = '2.1.4') AND ordem = 1), (SELECT id FROM setores WHERE codigo = 'SUBSEGOP'), 'principal');
INSERT INTO panoramico_setores (panoramico_linha_id, setor_id, tipo_participacao)
VALUES ((SELECT id FROM panoramico_linhas WHERE acao_estrategica_id = (SELECT id FROM acoes_estrategicas WHERE numero = '2.1.4') AND ordem = 1), (SELECT id FROM setores WHERE codigo = 'SECRETARIO'), 'principal');
INSERT INTO panoramico_linhas (acao_estrategica_id, ordem, setor_display, papel, sintese_contribuicao, nao_faz)
VALUES ((SELECT id FROM acoes_estrategicas WHERE numero = '2.1.4'), 2, 'ICTDEC', 'Executor Técnico', 'Planeja e conduz as ações no âmbito do SEDEC 360; formula metodologias; realiza diagnósticos de maturidade', 'Não define valores sem chancela da Alta Gestão; não aplica sanções');
INSERT INTO panoramico_setores (panoramico_linha_id, setor_id, tipo_participacao)
VALUES ((SELECT id FROM panoramico_linhas WHERE acao_estrategica_id = (SELECT id FROM acoes_estrategicas WHERE numero = '2.1.4') AND ordem = 2), (SELECT id FROM setores WHERE codigo = 'ICTDEC'), 'principal');
INSERT INTO panoramico_linhas (acao_estrategica_id, ordem, setor_display, papel, sintese_contribuicao, nao_faz)
VALUES ((SELECT id FROM acoes_estrategicas WHERE numero = '2.1.4'), 3, 'SUOP (sob aval da SUBSEGOP)', 'Articulador Operacional', 'Garante participação dos órgãos; participa presencialmente nas ações; facilita a integração transversal', 'Não elabora metodologia; não conduz diagnósticos');
INSERT INTO panoramico_setores (panoramico_linha_id, setor_id, tipo_participacao)
VALUES ((SELECT id FROM panoramico_linhas WHERE acao_estrategica_id = (SELECT id FROM acoes_estrategicas WHERE numero = '2.1.4') AND ordem = 3), (SELECT id FROM setores WHERE codigo = 'SUOP'), 'principal');
INSERT INTO panoramico_setores (panoramico_linha_id, setor_id, tipo_participacao)
VALUES ((SELECT id FROM panoramico_linhas WHERE acao_estrategica_id = (SELECT id FROM acoes_estrategicas WHERE numero = '2.1.4') AND ordem = 3), (SELECT id FROM setores WHERE codigo = 'SUBSEGOP'), 'aval');
INSERT INTO panoramico_linhas (acao_estrategica_id, ordem, setor_display, papel, sintese_contribuicao, nao_faz)
VALUES ((SELECT id FROM acoes_estrategicas WHERE numero = '2.1.4'), 4, 'Órgãos Subordinados', 'Participantes e Multiplicadores', 'Participam das ações; internalizam os valores; replicam as práticas nos setores', 'Não definem valores institucionais; não conduzem ações de cultura isoladas');
INSERT INTO panoramico_setores (panoramico_linha_id, setor_id, tipo_participacao)
VALUES ((SELECT id FROM panoramico_linhas WHERE acao_estrategica_id = (SELECT id FROM acoes_estrategicas WHERE numero = '2.1.4') AND ordem = 4), (SELECT id FROM setores WHERE codigo = 'ÓRGÃOS_SUBORDINADOS'), 'principal');
INSERT INTO fichas (acao_estrategica_id, ordem, titulo, setor_display, papel, justificativa,
    contribuicao_esperada, nao_escopo, dependencias_criticas)
VALUES ((SELECT id FROM acoes_estrategicas WHERE numero = '2.1.4'), 1, 'Alta Gestão (SUBSEGOP / Secretário) — LÍDER INSTITUCIONAL',
    'Alta Gestão (SUBSEGOP / Secretário)', 'LÍDER INSTITUCIONAL', 'A cultura organizacional é moldada, acima de tudo, pelo exemplo e pelo patrocínio da liderança. As equipes observam se a Alta Gestão adere concretamente aos valores que promove. Sem esse patrocínio visível, ações de fortalecimento cultural tendem a ser percebidas como exercícios formais sem consequência prática, o que compromete a adesão.',
    ARRAY['Patrocinar institucionalmente o Programa SEDEC 360 e as ações de cultura dele decorrentes', 'Definir e chancelar as condutas valorizadas pela instituição, com base nos valores do Plano Estratégico', 'Participar presencialmente, ainda que de forma pontual, nas ações de fortalecimento cultural e integração transversal, conferindo visibilidade ao compromisso institucional com a mudança', 'Participar ativamente das iniciativas de internalização da Identidade Estratégica', 'Assegurar que as práticas de gestão (cobrança, reconhecimento, alocação de recursos) sejam coerentes com os valores promovidos', 'Instituir política de valorização do efetivo, reconhecendo contribuições alinhadas à cultura desejada'], ARRAY['Não elaborar as metodologias de diagnóstico ou intervenção cultural (competência técnica do ICTDEC)', 'Não conduzir tecnicamente as ações de capacitação ou oficinas (competência do ICTDEC)', 'Não tratar cultura como tema exclusivamente discursivo (as ações devem se traduzir em práticas concretas de gestão)'], ARRAY['Metodologias e instrumentos de diagnóstico cultural desenvolvidos pelo ICTDEC', 'Articulação operacional da SUOP para garantir participação dos órgãos', 'Disponibilidade de agenda da Alta Gestão para participação efetiva nas ações (não apenas chancela formal)']);
INSERT INTO ficha_setores (ficha_id, setor_id, tipo_participacao)
VALUES ((SELECT id FROM fichas WHERE acao_estrategica_id = (SELECT id FROM acoes_estrategicas WHERE numero = '2.1.4') AND ordem = 1), (SELECT id FROM setores WHERE codigo = 'SUBSEGOP'), 'principal');
INSERT INTO ficha_setores (ficha_id, setor_id, tipo_participacao)
VALUES ((SELECT id FROM fichas WHERE acao_estrategica_id = (SELECT id FROM acoes_estrategicas WHERE numero = '2.1.4') AND ordem = 1), (SELECT id FROM setores WHERE codigo = 'SECRETARIO'), 'principal');
INSERT INTO fichas (acao_estrategica_id, ordem, titulo, setor_display, papel, justificativa,
    contribuicao_esperada, nao_escopo, dependencias_criticas)
VALUES ((SELECT id FROM acoes_estrategicas WHERE numero = '2.1.4'), 2, 'ICTDEC — EXECUTOR TÉCNICO',
    'ICTDEC', 'EXECUTOR TÉCNICO', 'O ICTDEC é responsável pela formulação e condução técnica das ações de fortalecimento da cultura organizacional, no âmbito do Programa SEDEC 360. Compete-lhe planejar as intervenções, desenvolver as metodologias de diagnóstico de maturidade institucional e conduzir as ações de difusão da Identidade Estratégica junto aos órgãos da Secretaria.
O ICTDEC não define unilateralmente os valores ou as condutas a serem promovidos — essa definição é prerrogativa da Alta Gestão. O papel do ICTDEC é fornecer o método e a estrutura para que a evolução cultural ocorra de forma planejada, mensurável e sustentável.',
    ARRAY['Planejar e conduzir as ações do Programa SEDEC 360 relacionadas ao fortalecimento da cultura e do clima organizacional', 'Desenvolver a metodologia de diagnóstico de clima e maturidade institucional', 'Conduzir as ações de difusão da Identidade Estratégica (missão, visão, valores) junto aos órgãos subordinados', 'Promover ações de integração transversal que fomentem o senso de unidade e o conhecimento mútuo entre setores', 'Apoiar a Alta Gestão na definição das condutas valorizadas, fornecendo insumos técnicos e análises de maturidade', 'Monitorar a evolução dos indicadores de maturidade institucional e propor ajustes nas ações', 'Assegurar a coerência entre as ações de cultura e os demais instrumentos de governança em implantação (gestão estratégica, processos, competências)'], ARRAY['Não definir valores ou condutas unilateralmente (prerrogativa da Alta Gestão)', 'Não aplicar sanções disciplinares ou avaliações punitivas (a ação é de desenvolvimento, não de controle)', 'Não substituir as chefias setoriais na condução do clima em seus órgãos (o ICTDEC fornece método, não gestão direta)', 'Não tratar as ações de cultura como eventos isolados (a evolução cultural é contínua e cumulativa)'], ARRAY['Patrocínio visível e participação efetiva da Alta Gestão', 'Articulação operacional da SUOP para garantir participação dos órgãos subordinados', 'Tempo protegido para as ações de cultura (não absorvido por demandas operacionais urgentes)', 'Abertura das chefias setoriais para ações de diagnóstico e integração (sem percepção de fiscalização)', 'Dados do monitoramento estratégico (AE 2.1.1) para correlacionar evolução cultural com desempenho institucional']);
INSERT INTO ficha_setores (ficha_id, setor_id, tipo_participacao)
VALUES ((SELECT id FROM fichas WHERE acao_estrategica_id = (SELECT id FROM acoes_estrategicas WHERE numero = '2.1.4') AND ordem = 2), (SELECT id FROM setores WHERE codigo = 'ICTDEC'), 'principal');
INSERT INTO fichas (acao_estrategica_id, ordem, titulo, setor_display, papel, justificativa,
    contribuicao_esperada, nao_escopo, dependencias_criticas)
VALUES ((SELECT id FROM acoes_estrategicas WHERE numero = '2.1.4'), 3, 'SUOP (sob aval da SUBSEGOP) — ARTICULADOR OPERACIONAL',
    'SUOP (sob aval da SUBSEGOP)', 'ARTICULADOR OPERACIONAL', 'A SUOP garante que os órgãos subordinados participem das ações de cultura e integração promovidas pelo ICTDEC. Sem essa articulação, as ações alcançam apenas os setores mais próximos do núcleo de planejamento, sem atingir os órgãos operacionais e regionais que constituem a maior parte da força de trabalho.',
    ARRAY['Garantir a participação dos órgãos subordinados nas ações de cultura e integração transversal', 'Participar presencialmente, ainda que de forma pontual, nas ações de fortalecimento cultural, reforçando perante os órgãos subordinados a relevância institucional das iniciativas', 'Facilitar a logística de participação (liberação de pessoal, agenda, priorização)', 'Comunicar aos órgãos o propósito e a relevância das ações, reforçando a mensagem da Alta Gestão', 'Sinalizar ao ICTDEC dificuldades ou resistências identificadas na participação dos setores'], ARRAY['Não elaborar metodologias de cultura ou diagnóstico (competência do ICTDEC)', 'Não conduzir tecnicamente as ações de integração ou capacitação (competência do ICTDEC)', 'Não definir valores ou condutas (prerrogativa da Alta Gestão)'], ARRAY['Calendário de ações definido pelo ICTDEC com antecedência', 'Patrocínio da Alta Gestão (confere legitimidade à convocação)', 'Flexibilidade para ajustar agenda operacional dos órgãos']);
INSERT INTO ficha_setores (ficha_id, setor_id, tipo_participacao)
VALUES ((SELECT id FROM fichas WHERE acao_estrategica_id = (SELECT id FROM acoes_estrategicas WHERE numero = '2.1.4') AND ordem = 3), (SELECT id FROM setores WHERE codigo = 'SUOP'), 'principal');
INSERT INTO ficha_setores (ficha_id, setor_id, tipo_participacao)
VALUES ((SELECT id FROM fichas WHERE acao_estrategica_id = (SELECT id FROM acoes_estrategicas WHERE numero = '2.1.4') AND ordem = 3), (SELECT id FROM setores WHERE codigo = 'SUBSEGOP'), 'aval');
INSERT INTO fichas (acao_estrategica_id, ordem, titulo, setor_display, papel, justificativa,
    contribuicao_esperada, nao_escopo, dependencias_criticas)
VALUES ((SELECT id FROM acoes_estrategicas WHERE numero = '2.1.4'), 4, 'Órgãos Subordinados (Direções, Coordenações, REDECs e demais setores) — PARTICIPANTES E MULTIPLICADORES',
    'Órgãos Subordinados (Direções, Coordenações, REDECs e demais setores)', 'PARTICIPANTES E MULTIPLICADORES', 'A cultura organizacional se constrói na prática diária dos setores. Os órgãos subordinados são simultaneamente os destinatários das ações de fortalecimento cultural e os agentes que as incorporam à rotina. As chefias setoriais têm papel especialmente relevante como multiplicadores: é no nível da gestão imediata que os valores são vivenciados ou ignorados.',
    ARRAY['Participar das ações de internalização da Identidade Estratégica e integração transversal promovidas pelo ICTDEC', 'Incorporar as condutas valorizadas nas práticas de gestão cotidiana do setor', 'Contribuir com os diagnósticos de clima e maturidade institucional, fornecendo percepções fidedignas', 'Atuar como multiplicadores das práticas de cultura junto às equipes, especialmente por meio das chefias setoriais', 'Sinalizar necessidades e dificuldades específicas do setor que impactem o clima organizacional'], ARRAY['Não definir valores ou condutas institucionais unilateralmente (definição é institucional, chancelada pela Alta Gestão)', 'Não conduzir ações de cultura isoladas ou paralelas às ações institucionais', 'Não tratar os diagnósticos de clima como avaliação de desempenho individual (são instrumentos de desenvolvimento institucional)'], ARRAY['Ações planejadas com antecedência e compatíveis com os ciclos operacionais dos setores', 'Coesão entre o discurso institucional e as práticas de gestão (a Alta Gestão deve liderar pelo exemplo)', 'Retorno sobre os diagnósticos realizados (o setor precisa ver que sua participação gera ação)', 'Capacitação das chefias setoriais em práticas de gestão de pessoas e liderança (AE 2.1.7 e AE 3.1.1)']);
INSERT INTO ficha_setores (ficha_id, setor_id, tipo_participacao)
VALUES ((SELECT id FROM fichas WHERE acao_estrategica_id = (SELECT id FROM acoes_estrategicas WHERE numero = '2.1.4') AND ordem = 4), (SELECT id FROM setores WHERE codigo = 'ORGAOS_SUBORDINADOS'), 'principal');
INSERT INTO ficha_setores (ficha_id, setor_id, tipo_participacao)
VALUES ((SELECT id FROM fichas WHERE acao_estrategica_id = (SELECT id FROM acoes_estrategicas WHERE numero = '2.1.4') AND ordem = 4), (SELECT id FROM setores WHERE codigo = 'REDECS'), 'participante');
INSERT INTO fundamentacoes (acao_estrategica_id, introducao, conclusao)
VALUES ((SELECT id FROM acoes_estrategicas WHERE numero = '2.1.4'), 'A ausência de ações estruturadas de fortalecimento cultural gera três efeitos operacionais:', 'Esta ação enfrenta esses efeitos ao promover ações contínuas de internalização dos valores e da Identidade Estratégica, integração transversal entre setores e institucionalização das condutas valorizadas, assegurando que a evolução cultural não dependa de indivíduos, mas se torne prática permanente da organização.');
INSERT INTO fundamentacao_itens (fundamentacao_id, ordem, conteudo)
VALUES ((SELECT id FROM fundamentacoes WHERE acao_estrategica_id = (SELECT id FROM acoes_estrategicas WHERE numero = '2.1.4')), 1, '1. Baixa adesão a novos instrumentos de gestão: A implantação de metodologias de gestão estratégica, processos, projetos e competências exige mudança de hábitos e rotinas. Sem um trabalho deliberado de preparação cultural, essas mudanças enfrentam resistência passiva e tendem a se esvaziar após o impulso inicial de implantação.');
INSERT INTO fundamentacao_itens (fundamentacao_id, ordem, conteudo)
VALUES ((SELECT id FROM fundamentacoes WHERE acao_estrategica_id = (SELECT id FROM acoes_estrategicas WHERE numero = '2.1.4')), 2, '2. Fragmentação entre setores: A Secretaria é composta por órgãos com missões distintas, distribuídos em diferentes localidades e com dinâmicas operacionais próprias. Sem ações de integração transversal, cada setor tende a operar de forma isolada, com baixo conhecimento sobre as atividades dos demais, o que dificulta a coordenação e a sinergia.');
INSERT INTO fundamentacao_itens (fundamentacao_id, ordem, conteudo)
VALUES ((SELECT id FROM fundamentacoes WHERE acao_estrategica_id = (SELECT id FROM acoes_estrategicas WHERE numero = '2.1.4')), 3, '3. Descontinuidade de boas práticas: Quando os valores e as condutas não são formalizados e internalizados, as boas práticas dependem das pessoas que as praticam. A rotatividade de pessoal, natural em órgãos públicos, leva à perda de práticas positivas não institucionalizadas.');

-- AE 2.1.5
INSERT INTO acoes_estrategicas (numero, nome, eixo_prioritario_id, objetivo_estrategico_id, estrategia_id,
    acoes_conectadas, descricao_oficial_completa, descricao_o_que, descricao_para_que, ancoragem,
    nota_arranjo_institucional, versao, data_elaboracao, elaboracao, proxima_fase)
VALUES ('2.1.5', 'Estabelecer revisão periódica das normas internas', (SELECT id FROM eixos_prioritarios WHERE codigo = 'EIXO_1'), (SELECT id FROM objetivos_estrategicos WHERE codigo = 'OE2'), (SELECT id FROM estrategias WHERE codigo = 'E2.1'),
    'AE 2.1.3 (Instrumentos institucionais) | AE 2.1.6 (Gestão de processos) | AE 7.1.1 (Arcabouço normativo externo) | AE 8.2.5 (Conteúdo doutrinário)',
    'Instituição de ciclos rotineiros de atualização e validação do arcabouço normativo e doutrinário (O QUÊ), visando garantir a aderência dos ritos operacionais à legislação vigente, a padronização das condutas e a segurança jurídica na tomada de decisão dos gestores (PARA QUÊ).',
    'Instituição de ciclos rotineiros de atualização e validação do arcabouço normativo e doutrinário.',
    'Garantir a aderência dos ritos operacionais à legislação vigente, a padronização das condutas e a segurança jurídica na tomada de decisão dos gestores.',
    'O arcabouço normativo interno (regimentos, protocolos, NGAs e demais instrumentos) é o que traduz a legislação e a estratégia em regras de conduta operacional. Quando desatualizado, gera ambiguidade na tomada de decisão, insegurança jurídica e despadronização de condutas. O Plano Estratégico 2024–2035 prevê esta ação como instrumento de segurança jurídica e padronização, e suas iniciativas exemplificativas incluem o mapeamento do conjunto de normas internas, a inclusão de período de revisão no calendário anual e a criação de Grupos de Trabalho para aprimoramento. A ação é complementar à gestão de processos (AE 2.1.6): enquanto a AE 2.1.6 padroniza os fluxos de trabalho, a AE 2.1.5 assegura que o arcabouço normativo que rege esses fluxos esteja vigente, coerente e acessível. No âmbito externo, a AE 7.1.1 trata do acompanhamento da legislação pertinente à Defesa Civil; a presente AE concentra-se exclusivamente nas normas internas da Secretaria.',
    NULL,
    '1.0',
    '2026-02-14',
    'ICTDEC/DAEAD',
    'Fase 2 — Desdobramento Orientado (definição de entregas por setor)');
INSERT INTO panoramico_linhas (acao_estrategica_id, ordem, setor_display, papel, sintese_contribuicao, nao_faz)
VALUES ((SELECT id FROM acoes_estrategicas WHERE numero = '2.1.5'), 1, 'SUOP (sob aval da SUBSEGOP)', 'Líder Coordenador', 'Coordena o processo de revisão; mobiliza os órgãos; coordena GTs; valida e encaminha para aprovação', 'Não define metodologia; não emite parecer jurídico');
INSERT INTO panoramico_setores (panoramico_linha_id, setor_id, tipo_participacao)
VALUES ((SELECT id FROM panoramico_linhas WHERE acao_estrategica_id = (SELECT id FROM acoes_estrategicas WHERE numero = '2.1.5') AND ordem = 1), (SELECT id FROM setores WHERE codigo = 'SUOP'), 'principal');
INSERT INTO panoramico_setores (panoramico_linha_id, setor_id, tipo_participacao)
VALUES ((SELECT id FROM panoramico_linhas WHERE acao_estrategica_id = (SELECT id FROM acoes_estrategicas WHERE numero = '2.1.5') AND ordem = 1), (SELECT id FROM setores WHERE codigo = 'SUBSEGOP'), 'aval');
INSERT INTO panoramico_linhas (acao_estrategica_id, ordem, setor_display, papel, sintese_contribuicao, nao_faz)
VALUES ((SELECT id FROM acoes_estrategicas WHERE numero = '2.1.5'), 2, 'ICTDEC', 'Coexecutor Metodológico', 'Define metodologia de revisão; mapeia o arcabouço vigente; gera coletânea; estrutura ciclos e templates', 'Não coordena GTs; não emite parecer jurídico; não aprova normas');
INSERT INTO panoramico_setores (panoramico_linha_id, setor_id, tipo_participacao)
VALUES ((SELECT id FROM panoramico_linhas WHERE acao_estrategica_id = (SELECT id FROM acoes_estrategicas WHERE numero = '2.1.5') AND ordem = 2), (SELECT id FROM setores WHERE codigo = 'ICTDEC'), 'principal');
INSERT INTO panoramico_linhas (acao_estrategica_id, ordem, setor_display, papel, sintese_contribuicao, nao_faz)
VALUES ((SELECT id FROM acoes_estrategicas WHERE numero = '2.1.5'), 3, 'Órgãos Subordinados', 'Proponentes e Validadores Técnicos', 'Identificam lacunas e obsolescências; propõem revisões; validam a aplicabilidade das normas revisadas', 'Não aprovam normas unilateralmente; não alteram normas sem processo formal');
INSERT INTO panoramico_setores (panoramico_linha_id, setor_id, tipo_participacao)
VALUES ((SELECT id FROM panoramico_linhas WHERE acao_estrategica_id = (SELECT id FROM acoes_estrategicas WHERE numero = '2.1.5') AND ordem = 3), (SELECT id FROM setores WHERE codigo = 'ÓRGÃOS_SUBORDINADOS'), 'principal');
INSERT INTO fichas (acao_estrategica_id, ordem, titulo, setor_display, papel, justificativa,
    contribuicao_esperada, nao_escopo, dependencias_criticas)
VALUES ((SELECT id FROM acoes_estrategicas WHERE numero = '2.1.5'), 1, 'SUOP (sob aval da SUBSEGOP) — LÍDER COORDENADOR',
    'SUOP (sob aval da SUBSEGOP)', 'LÍDER COORDENADOR', 'A revisão periódica de normas internas exige coordenação entre múltiplos setores, pois as normas regulam atividades transversais. A SUOP, como órgão de integração operacional, é a instância com capacidade de mobilizar os órgãos, constituir e coordenar os Grupos de Trabalho e assegurar que o ciclo de revisão se cumpra dentro dos prazos. Sem essa coordenação centralizada, as revisões tendem a ocorrer de forma reativa (apenas quando surgem problemas) e fragmentada.',
    ARRAY['Coordenar o ciclo de revisão normativa, utilizando a metodologia e o calendário definidos pelo ICTDEC', 'Constituir e coordenar os Grupos de Trabalho (GTs) para aprimoramento das normas internas, com participação dos órgãos afetados', 'Mobilizar os órgãos subordinados para o fornecimento de insumos e validação técnica das minutas', 'Incluir no Calendário Anual de Atividades da SEDEC (AE 2.1.3) o período dedicado à revisão das normas internas', 'Encaminhar as minutas revisadas para parecer da ASSEJUR e posterior aprovação da Alta Gestão', 'Manter registro formal das revisões realizadas, incluindo justificativa e data de vigência'], ARRAY['Não definir a metodologia de revisão normativa (competência do ICTDEC)', 'Não emitir parecer jurídico sobre as normas revisadas (competência da ASSEJUR)', 'Não aprovar normas sem chancela da Alta Gestão', 'Não tratar normas externas (legislação federal e estadual) — escopo da AE 7.1.1'], ARRAY['Metodologia, ciclos e templates de revisão definidos pelo ICTDEC', 'Parecer jurídico da ASSEJUR para validação das minutas revisadas', 'Comprometimento dos órgãos subordinados com a participação nos GTs e fornecimento de insumos', 'Chancela da Alta Gestão para publicação das normas revisadas', 'Coletânea atualizada do arcabouço normativo vigente (produto inicial do ICTDEC)']);
INSERT INTO ficha_setores (ficha_id, setor_id, tipo_participacao)
VALUES ((SELECT id FROM fichas WHERE acao_estrategica_id = (SELECT id FROM acoes_estrategicas WHERE numero = '2.1.5') AND ordem = 1), (SELECT id FROM setores WHERE codigo = 'SUOP'), 'principal');
INSERT INTO ficha_setores (ficha_id, setor_id, tipo_participacao)
VALUES ((SELECT id FROM fichas WHERE acao_estrategica_id = (SELECT id FROM acoes_estrategicas WHERE numero = '2.1.5') AND ordem = 1), (SELECT id FROM setores WHERE codigo = 'SUBSEGOP'), 'aval');
INSERT INTO fichas (acao_estrategica_id, ordem, titulo, setor_display, papel, justificativa,
    contribuicao_esperada, nao_escopo, dependencias_criticas)
VALUES ((SELECT id FROM acoes_estrategicas WHERE numero = '2.1.5'), 2, 'ICTDEC — COEXECUTOR METODOLÓGICO',
    'ICTDEC', 'COEXECUTOR METODOLÓGICO', 'O ICTDEC é responsável pela formulação da metodologia de revisão normativa, pelo mapeamento inicial do arcabouço vigente e pela geração da coletânea de normas internas. Sua contribuição é de natureza fundacional e metodológica: define o ciclo de revisão (periodicidade, critérios de priorização, templates), entrega os instrumentos para que a SUOP execute o processo de forma recorrente, e revisa os padrões quando necessário. O ICTDEC não coordena os GTs nem conduz o ciclo operacional de revisão.',
    ARRAY['Mapear o conjunto de normas internas vigentes na Secretaria (regimentos, protocolos, NGAs, ordens de serviço e demais instrumentos) e gerar a coletânea inicial', 'Definir a metodologia de revisão normativa: periodicidade dos ciclos, critérios de priorização (normas críticas vs. acessórias), templates de análise e formato de registro', 'Estabelecer critérios para classificação das normas por status (vigente, em revisão, obsoleta)', 'Assegurar a coerência entre as normas internas revisadas e os processos mapeados na gestão de processos (AE 2.1.6)', 'Revisar e atualizar a metodologia de revisão com base na experiência dos ciclos conduzidos pela SUOP'], ARRAY['Não coordenar os Grupos de Trabalho de revisão (competência da SUOP)', 'Não conduzir o ciclo operacional recorrente de revisão (competência da SUOP)', 'Não emitir parecer jurídico (competência da ASSEJUR)', 'Não aprovar normas (competência da Alta Gestão)', 'Não tratar normas externas (escopo da AE 7.1.1)'], ARRAY['Acesso ao repositório existente de normas internas (disperso ou centralizado)', 'Apoio da ASSEJUR para identificação de normas com risco de conflito legal', 'Informações sobre processos mapeados (AE 2.1.6) para cruzamento com normas vigentes', 'Retorno da SUOP sobre a aplicabilidade da metodologia após os primeiros ciclos']);
INSERT INTO ficha_setores (ficha_id, setor_id, tipo_participacao)
VALUES ((SELECT id FROM fichas WHERE acao_estrategica_id = (SELECT id FROM acoes_estrategicas WHERE numero = '2.1.5') AND ordem = 2), (SELECT id FROM setores WHERE codigo = 'ICTDEC'), 'principal');
INSERT INTO fichas (acao_estrategica_id, ordem, titulo, setor_display, papel, justificativa,
    contribuicao_esperada, nao_escopo, dependencias_criticas)
VALUES ((SELECT id FROM acoes_estrategicas WHERE numero = '2.1.5'), 3, 'Órgãos Subordinados (Direções, Coordenações, REDECs e demais setores) — PROPONENTES E VALIDADORES TÉCNICOS',
    'Órgãos Subordinados (Direções, Coordenações, REDECs e demais setores)', 'PROPONENTES E VALIDADORES TÉCNICOS', 'Os órgãos que operam sob as normas internas são os primeiros a identificar lacunas, ambiguidades, obsolescências ou conflitos com a prática operacional. Sua participação no processo de revisão é indispensável para que as normas revisadas sejam tecnicamente adequadas e operacionalmente aplicáveis. Sem esse insumo, a revisão corre o risco de produzir normas formalmente corretas, mas desconectadas da realidade de quem as executa.',
    ARRAY['Identificar e reportar à SUOP normas internas obsoletas, ambíguas, conflitantes ou com lacunas operacionais', 'Participar dos Grupos de Trabalho constituídos para revisão das normas que afetam suas atividades', 'Validar tecnicamente as minutas revisadas, atestando a aplicabilidade à rotina operacional do setor', 'Adotar as normas revisadas após sua aprovação, incorporando-as às práticas do setor'], ARRAY['Não alterar normas internas sem processo formal de revisão (a padronização é institucional)', 'Não aprovar revisões unilateralmente (toda revisão passa por GT, ASSEJUR e Alta Gestão)', 'Não criar normas paralelas para suprir lacunas percebidas (a lacuna deve ser reportada para tratamento institucional)'], ARRAY['Canal claro e acessível para reportar necessidades de revisão normativa (definido pela SUOP)', 'Calendário de revisão conhecido com antecedência para planejamento da participação nos GTs', 'Retorno sobre as proposições apresentadas (o setor deve saber se sua contribuição foi incorporada, adaptada ou descartada, e por quê)', 'Normas revisadas divulgadas de forma acessível e com orientação sobre as alterações realizadas']);
INSERT INTO ficha_setores (ficha_id, setor_id, tipo_participacao)
VALUES ((SELECT id FROM fichas WHERE acao_estrategica_id = (SELECT id FROM acoes_estrategicas WHERE numero = '2.1.5') AND ordem = 3), (SELECT id FROM setores WHERE codigo = 'ORGAOS_SUBORDINADOS'), 'principal');
INSERT INTO ficha_setores (ficha_id, setor_id, tipo_participacao)
VALUES ((SELECT id FROM fichas WHERE acao_estrategica_id = (SELECT id FROM acoes_estrategicas WHERE numero = '2.1.5') AND ordem = 3), (SELECT id FROM setores WHERE codigo = 'REDECS'), 'participante');
INSERT INTO fundamentacoes (acao_estrategica_id, introducao, conclusao)
VALUES ((SELECT id FROM acoes_estrategicas WHERE numero = '2.1.5'), 'A ausência de revisão periódica das normas internas gera três efeitos operacionais:', 'Esta ação enfrenta esses efeitos ao instituir ciclos formais de revisão (previsibilidade), uma coletânea organizada do arcabouço normativo (acessibilidade) e Grupos de Trabalho com participação dos órgãos operadores (legitimidade e aplicabilidade das normas revisadas).');
INSERT INTO fundamentacao_itens (fundamentacao_id, ordem, conteudo)
VALUES ((SELECT id FROM fundamentacoes WHERE acao_estrategica_id = (SELECT id FROM acoes_estrategicas WHERE numero = '2.1.5')), 1, '1. Insegurança jurídica na tomada de decisão: Gestores que atuam sob normas desatualizadas enfrentam ambiguidade sobre o que é permitido, esperado ou vedado. Isso leva a duas reações igualmente danosas: paralisia decisória (medo de agir sem respaldo) ou ação sem padronização (cada gestor interpreta a norma à sua maneira).');
INSERT INTO fundamentacao_itens (fundamentacao_id, ordem, conteudo)
VALUES ((SELECT id FROM fundamentacoes WHERE acao_estrategica_id = (SELECT id FROM acoes_estrategicas WHERE numero = '2.1.5')), 2, '2. Despadronização de condutas: Quando as normas não acompanham a evolução da legislação e da prática operacional, os setores desenvolvem soluções informais próprias. O resultado é a fragmentação: o mesmo procedimento é executado de formas diferentes por órgãos distintos, comprometendo a rastreabilidade e a uniformidade.');
INSERT INTO fundamentacao_itens (fundamentacao_id, ordem, conteudo)
VALUES ((SELECT id FROM fundamentacoes WHERE acao_estrategica_id = (SELECT id FROM acoes_estrategicas WHERE numero = '2.1.5')), 3, '3. Normas inacessíveis ou desconhecidas: Sem uma coletânea organizada e atualizada, os servidores frequentemente desconhecem quais normas estão vigentes ou onde encontrá-las. A dispersão documental agrava o problema, pois normas publicadas em períodos distintos e em diferentes veículos se acumulam sem consolidação.');

-- AE 2.1.6
INSERT INTO acoes_estrategicas (numero, nome, eixo_prioritario_id, objetivo_estrategico_id, estrategia_id,
    acoes_conectadas, descricao_oficial_completa, descricao_o_que, descricao_para_que, ancoragem,
    nota_arranjo_institucional, versao, data_elaboracao, elaboracao, proxima_fase)
VALUES ('2.1.6', 'Implantar e implementar a gestão de processos', (SELECT id FROM eixos_prioritarios WHERE codigo = 'EIXO_1'), (SELECT id FROM objetivos_estrategicos WHERE codigo = 'OE2'), (SELECT id FROM estrategias WHERE codigo = 'E2.1'),
    'AE 2.1.1 (Gestão estratégica) | AE 2.1.2 (Gestão de projetos) | AE 2.1.5 (Revisão de normas) | AE 2.1.7 (Gestão por competências)',
    'Mapeamento, padronização e integração dos fluxos de trabalho finalísticos e de suporte sob a ótica da Cadeia de Valor (O QUÊ), visando assegurar a continuidade, a impessoalidade e a conexão eficiente entre as etapas produtivas, promovendo ganhos de eficácia sistêmica e a qualidade das entregas em conformidade com as políticas institucionais (PARA QUÊ).',
    'Mapeamento, padronização e integração dos fluxos de trabalho finalísticos e de suporte sob a ótica da Cadeia de Valor.',
    'Assegurar a continuidade, a impessoalidade e a conexão eficiente entre as etapas produtivas, promovendo ganhos de eficácia sistêmica e a qualidade das entregas em conformidade com as políticas institucionais.',
    'A gestão de processos é o instrumento que transforma atividades dispersas e dependentes de conhecimento individual em fluxos de trabalho padronizados, documentáveis e transferíveis. O Plano Estratégico 2024–2035 posiciona esta ação como pilar da governança (E2.1), com iniciativas que incluem o estabelecimento de metodologia organizacional, a adoção de plataforma para gerenciamento de processos e a difusão dos fundamentos junto à instituição. A ação é diretamente complementar à revisão de normas internas (AE 2.1.5) — enquanto a AE 2.1.5 assegura que as normas estejam vigentes e coerentes, a AE 2.1.6 padroniza os fluxos operacionais que essas normas regem. Ambas, juntas, combatem a execução informal e não rastreada. A gestão de processos também alimenta a gestão por competências (AE 2.1.7): só é possível definir quais competências cada função exige quando os processos que essa função executa estão mapeados.',
    NULL,
    '1.0',
    '2026-02-14',
    'ICTDEC/DAEAD',
    'Fase 2 — Desdobramento Orientado (definição de entregas por setor)');
INSERT INTO destaques_estrategicos (acao_estrategica_id, titulo, header_contexto)
VALUES ((SELECT id FROM acoes_estrategicas WHERE numero = '2.1.6'), 'O Modelo de Sustentação', 'CONTEXTO — Da Implantação à Manutenção');
INSERT INTO destaque_linhas (destaque_id, ordem, tipo, label, conteudo)
VALUES ((SELECT id FROM destaques_estrategicos WHERE acao_estrategica_id = (SELECT id FROM acoes_estrategicas WHERE numero = '2.1.6')), 1, 'label_conteudo', 'Fase de implantação', 'O ICTDEC define a metodologia organizacional de gestão de processos, conduz as oficinas de mapeamento junto aos órgãos e produz os primeiros mapeamentos (processos finalísticos prioritários). A SUOP coordena a participação dos órgãos e valida a priorização dos processos a serem mapeados.');
INSERT INTO destaque_linhas (destaque_id, ordem, tipo, label, conteudo)
VALUES ((SELECT id FROM destaques_estrategicos WHERE acao_estrategica_id = (SELECT id FROM acoes_estrategicas WHERE numero = '2.1.6')), 2, 'label_conteudo', 'Fase de manutenção', 'Após a implantação inicial, a SUOP mantém o repositório institucional de processos. Cada órgão é responsável por identificar necessidades de atualização em seus processos e encaminhá-las à SUOP, que valida e incorpora as alterações ao repositório. Os órgãos têm acesso de leitura e download das fichas de processos. O ICTDEC atua como consultor metodológico para eventuais atualizações da metodologia ou mapeamentos de maior complexidade.');
INSERT INTO destaque_linhas (destaque_id, ordem, tipo, label, conteudo)
VALUES ((SELECT id FROM destaques_estrategicos WHERE acao_estrategica_id = (SELECT id FROM acoes_estrategicas WHERE numero = '2.1.6')), 3, 'label_conteudo', 'Razão da descentralização', 'Centralizar todo o mapeamento e manutenção no ICTDEC criaria um gargalo insustentável. Os processos pertencem aos setores que os executam — são eles que percebem mudanças e ajustes necessários. O repositório centralizado na SUOP assegura governança (versão única, validação antes da publicação), enquanto a identificação das necessidades de atualização permanece com quem opera o processo.');
INSERT INTO panoramico_linhas (acao_estrategica_id, ordem, setor_display, papel, sintese_contribuicao, nao_faz)
VALUES ((SELECT id FROM acoes_estrategicas WHERE numero = '2.1.6'), 1, 'SUOP (sob aval da SUBSEGOP)', 'Líder Coordenador e Supervisor', 'Coordena implantação; prioriza processos; mantém repositório; supervisiona atualizações', 'Não define metodologia; não conduz oficinas; não mapeia processos');
INSERT INTO panoramico_setores (panoramico_linha_id, setor_id, tipo_participacao)
VALUES ((SELECT id FROM panoramico_linhas WHERE acao_estrategica_id = (SELECT id FROM acoes_estrategicas WHERE numero = '2.1.6') AND ordem = 1), (SELECT id FROM setores WHERE codigo = 'SUOP'), 'principal');
INSERT INTO panoramico_setores (panoramico_linha_id, setor_id, tipo_participacao)
VALUES ((SELECT id FROM panoramico_linhas WHERE acao_estrategica_id = (SELECT id FROM acoes_estrategicas WHERE numero = '2.1.6') AND ordem = 1), (SELECT id FROM setores WHERE codigo = 'SUBSEGOP'), 'aval');
INSERT INTO panoramico_linhas (acao_estrategica_id, ordem, setor_display, papel, sintese_contribuicao, nao_faz)
VALUES ((SELECT id FROM acoes_estrategicas WHERE numero = '2.1.6'), 2, 'ICTDEC', 'Coexecutor Metodológico', 'Define metodologia; conduz mapeamentos iniciais; capacita órgãos; consultoria para manutenção', 'Não mantém repositório; não supervisiona ciclo recorrente');
INSERT INTO panoramico_setores (panoramico_linha_id, setor_id, tipo_participacao)
VALUES ((SELECT id FROM panoramico_linhas WHERE acao_estrategica_id = (SELECT id FROM acoes_estrategicas WHERE numero = '2.1.6') AND ordem = 2), (SELECT id FROM setores WHERE codigo = 'ICTDEC'), 'principal');
INSERT INTO panoramico_linhas (acao_estrategica_id, ordem, setor_display, papel, sintese_contribuicao, nao_faz)
VALUES ((SELECT id FROM acoes_estrategicas WHERE numero = '2.1.6'), 3, 'Órgãos Subordinados', 'Participantes, Executores e Proponentes de Atualização', 'Participam das oficinas; executam processos padronizados; identificam e encaminham atualizações à SUOP', 'Não criam metodologias próprias; não alteram padrões sem validação');
INSERT INTO panoramico_setores (panoramico_linha_id, setor_id, tipo_participacao)
VALUES ((SELECT id FROM panoramico_linhas WHERE acao_estrategica_id = (SELECT id FROM acoes_estrategicas WHERE numero = '2.1.6') AND ordem = 3), (SELECT id FROM setores WHERE codigo = 'ÓRGÃOS_SUBORDINADOS'), 'principal');
INSERT INTO fichas (acao_estrategica_id, ordem, titulo, setor_display, papel, justificativa,
    contribuicao_esperada, nao_escopo, dependencias_criticas)
VALUES ((SELECT id FROM acoes_estrategicas WHERE numero = '2.1.6'), 1, 'SUOP (sob aval da SUBSEGOP) — LÍDER COORDENADOR E SUPERVISOR',
    'SUOP (sob aval da SUBSEGOP)', 'LÍDER COORDENADOR E SUPERVISOR', 'A gestão de processos exige coordenação transversal, pois os processos finalísticos frequentemente cruzam fronteiras entre órgãos. A SUOP, como instância de integração operacional, é quem articula a participação dos setores na fase de implantação e, após esta, supervisiona a manutenção descentralizada pelos órgãos. Cabe também à SUOP validar a priorização dos processos a serem mapeados, assegurando alinhamento à estratégia.',
    ARRAY['Coordenar a implantação da gestão de processos, assegurando a participação dos órgãos nas oficinas de mapeamento conduzidas pelo ICTDEC', 'Validar a priorização dos processos a serem mapeados, em articulação com a Alta Gestão', 'Supervisionar a manutenção descentralizada dos processos mapeados pelos órgãos subordinados', 'Destravar gargalos de participação (liberação de pessoal, agenda, engajamento dos setores)', 'Integrar o calendário de oficinas e revisões de processos ao planejamento operacional da Superintendência', 'Articular com o ICTDEC a resolução de interfaces críticas entre processos de órgãos distintos', 'Manter o repositório institucional de processos mapeados, validando e incorporando as atualizações encaminhadas pelos órgãos subordinados'], ARRAY['Não definir a metodologia de gestão de processos (competência do ICTDEC)', 'Não conduzir as oficinas de mapeamento (competência do ICTDEC)', 'Não mapear processos diretamente (competência dos órgãos com apoio do ICTDEC)'], ARRAY['Metodologia de gestão de processos e estrutura do repositório definidas pelo ICTDEC', 'Comprometimento dos órgãos subordinados com a participação nas oficinas e o encaminhamento de atualizações', 'Ferramenta ou mecanismo para manutenção do repositório (definido pelo ICTDEC, operado pela SUOP)', 'Tempo protegido das equipes dos órgãos para participação nas oficinas']);
INSERT INTO ficha_setores (ficha_id, setor_id, tipo_participacao)
VALUES ((SELECT id FROM fichas WHERE acao_estrategica_id = (SELECT id FROM acoes_estrategicas WHERE numero = '2.1.6') AND ordem = 1), (SELECT id FROM setores WHERE codigo = 'SUOP'), 'principal');
INSERT INTO ficha_setores (ficha_id, setor_id, tipo_participacao)
VALUES ((SELECT id FROM fichas WHERE acao_estrategica_id = (SELECT id FROM acoes_estrategicas WHERE numero = '2.1.6') AND ordem = 1), (SELECT id FROM setores WHERE codigo = 'SUBSEGOP'), 'aval');
INSERT INTO fichas (acao_estrategica_id, ordem, titulo, setor_display, papel, justificativa,
    contribuicao_esperada, nao_escopo, dependencias_criticas)
VALUES ((SELECT id FROM acoes_estrategicas WHERE numero = '2.1.6'), 2, 'ICTDEC — COEXECUTOR METODOLÓGICO',
    'ICTDEC', 'COEXECUTOR METODOLÓGICO', 'O ICTDEC é responsável pela formulação da metodologia organizacional de gestão de processos e pela condução dos mapeamentos iniciais. Sua contribuição divide-se em duas fases: na implantação, define a metodologia, conduz as oficinas de mapeamento com os órgãos e capacita as equipes; na manutenção, atua como consultor metodológico, apoiando eventuais atualizações da metodologia ou mapeamentos de maior complexidade, sem assumir a responsabilidade recorrente de manter os processos de cada setor.',
    ARRAY['Estabelecer a metodologia organizacional de gestão de processos, incluindo padrões de notação, níveis de detalhamento e critérios de priorização', 'Conduzir as oficinas de mapeamento de processos junto aos órgãos subordinados, com foco prioritário nos processos finalísticos', 'Capacitar os órgãos subordinados para que mantenham seus processos mapeados de forma autônoma', 'Apoiar a seleção e configuração de ferramenta ou mecanismo para registro e gerenciamento dos processos', 'Difundir os fundamentos da gestão de processos na instituição', 'Atuar como consultor metodológico após a implantação, apoiando atualizações de maior complexidade ou revisões da metodologia', 'Assegurar a coerência entre os processos mapeados e as normas internas (AE 2.1.5) e as competências requeridas por função (AE 2.1.7)'], ARRAY['Não manter os processos de outros órgãos (responsabilidade do setor que executa o processo)', 'Não supervisionar o ciclo recorrente de manutenção (competência da SUOP)', 'Não priorizar quais processos serão mapeados (validação da SUOP/Alta Gestão)', 'Não mapear todos os processos da Secretaria (a implantação é gradual, priorizando processos finalísticos críticos)'], ARRAY['Priorização dos processos a serem mapeados (SUOP/Alta Gestão)', 'Participação efetiva dos órgãos subordinados nas oficinas', 'Tempo protegido da equipe do ICTDEC para condução das oficinas', 'Acesso às normas internas vigentes (AE 2.1.5) para cruzamento com os processos mapeados']);
INSERT INTO ficha_setores (ficha_id, setor_id, tipo_participacao)
VALUES ((SELECT id FROM fichas WHERE acao_estrategica_id = (SELECT id FROM acoes_estrategicas WHERE numero = '2.1.6') AND ordem = 2), (SELECT id FROM setores WHERE codigo = 'ICTDEC'), 'principal');
INSERT INTO fichas (acao_estrategica_id, ordem, titulo, setor_display, papel, justificativa,
    contribuicao_esperada, nao_escopo, dependencias_criticas)
VALUES ((SELECT id FROM acoes_estrategicas WHERE numero = '2.1.6'), 3, 'Órgãos Subordinados (Direções, Coordenações, REDECs e demais setores) — PARTICIPANTES, EXECUTORES E PROPONENTES DE ATUALIZAÇÃO',
    'Órgãos Subordinados (Direções, Coordenações, REDECs e demais setores)', 'PARTICIPANTES, EXECUTORES E PROPONENTES DE ATUALIZAÇÃO', 'Os órgãos subordinados têm três papéis distintos nesta ação. Na implantação, participam das oficinas de mapeamento conduzidas pelo ICTDEC, contribuindo com o conhecimento operacional sobre como os processos realmente funcionam. Na operação, executam seus processos conforme os fluxos padronizados. Na manutenção, identificam necessidades de atualização e encaminham as propostas à SUOP para validação e incorporação ao repositório. Têm acesso de leitura e download das fichas de processos no repositório institucional.',
    ARRAY['Participar das oficinas de mapeamento conduzidas pelo ICTDEC, contribuindo com conhecimento operacional', 'Executar os processos conforme os fluxos padronizados e validados', 'Identificar necessidades de atualização nos processos e encaminhar propostas à SUOP para validação e incorporação ao repositório', 'Reportar gargalos, interfaces críticas e oportunidades de melhoria nos processos', 'Participar das capacitações em gestão de processos promovidas pelo ICTDEC'], ARRAY['Não criar metodologias próprias de mapeamento (a padronização é institucional)', 'Não alterar processos padronizados sem validação da SUOP', 'Não sobrescrever fichas diretamente no repositório (toda atualização passa pela SUOP para validação)'], ARRAY['Metodologia clara, objetiva e compatível com a capacidade operacional dos setores', 'Capacitação adequada para identificação de necessidades de atualização (ICTDEC)', 'Acesso de leitura e download das fichas de processos no repositório institucional mantido pela SUOP', 'Consultoria metodológica do ICTDEC para situações de maior complexidade', 'Canal claro para encaminhamento de propostas de atualização à SUOP']);
INSERT INTO ficha_setores (ficha_id, setor_id, tipo_participacao)
VALUES ((SELECT id FROM fichas WHERE acao_estrategica_id = (SELECT id FROM acoes_estrategicas WHERE numero = '2.1.6') AND ordem = 3), (SELECT id FROM setores WHERE codigo = 'ORGAOS_SUBORDINADOS'), 'principal');
INSERT INTO ficha_setores (ficha_id, setor_id, tipo_participacao)
VALUES ((SELECT id FROM fichas WHERE acao_estrategica_id = (SELECT id FROM acoes_estrategicas WHERE numero = '2.1.6') AND ordem = 3), (SELECT id FROM setores WHERE codigo = 'REDECS'), 'participante');
INSERT INTO fundamentacoes (acao_estrategica_id, introducao, conclusao)
VALUES ((SELECT id FROM acoes_estrategicas WHERE numero = '2.1.6'), 'A ausência de gestão de processos institucionalizada gera três efeitos operacionais:', 'Esta ação enfrenta esses efeitos ao implantar uma metodologia padronizada de mapeamento (continuidade e impessoalidade), uma visão integrada pela Cadeia de Valor (conexão entre etapas) e um modelo de manutenção com repositório centralizado e atualização propositiva dos órgãos (escalabilidade com governança).');
INSERT INTO fundamentacao_itens (fundamentacao_id, ordem, conteudo)
VALUES ((SELECT id FROM fundamentacoes WHERE acao_estrategica_id = (SELECT id FROM acoes_estrategicas WHERE numero = '2.1.6')), 1, '1. Dependência de conhecimento individual: Quando os processos não estão mapeados e padronizados, a execução depende de quem sabe fazer. A rotatividade de pessoal, natural em órgãos públicos, gera perda de capacidade operacional a cada movimentação, pois o conhecimento sai com a pessoa.');
INSERT INTO fundamentacao_itens (fundamentacao_id, ordem, conteudo)
VALUES ((SELECT id FROM fundamentacoes WHERE acao_estrategica_id = (SELECT id FROM acoes_estrategicas WHERE numero = '2.1.6')), 2, '2. Desconexão entre setores: Processos finalísticos frequentemente envolvem múltiplos órgãos. Sem a visão integrada da cadeia de valor, cada setor otimiza apenas a sua etapa, gerando descompassos nas interfaces: um setor entrega fora do formato que o próximo precisa, prazos não se conectam, retrabalho se acumula.');
INSERT INTO fundamentacao_itens (fundamentacao_id, ordem, conteudo)
VALUES ((SELECT id FROM fundamentacoes WHERE acao_estrategica_id = (SELECT id FROM acoes_estrategicas WHERE numero = '2.1.6')), 3, '3. Impossibilidade de melhoria sistemática: Sem processos mapeados, não há base para identificar gargalos, medir eficiência ou propor otimizações. As melhorias acontecem de forma intuitiva e localizada, sem escala nem rastreabilidade.');

-- AE 2.1.7
INSERT INTO acoes_estrategicas (numero, nome, eixo_prioritario_id, objetivo_estrategico_id, estrategia_id,
    acoes_conectadas, descricao_oficial_completa, descricao_o_que, descricao_para_que, ancoragem,
    nota_arranjo_institucional, versao, data_elaboracao, elaboracao, proxima_fase)
VALUES ('2.1.7', 'Implantar e implementar a gestão por competências', (SELECT id FROM eixos_prioritarios WHERE codigo = 'EIXO_1'), (SELECT id FROM objetivos_estrategicos WHERE codigo = 'OE2'), (SELECT id FROM estrategias WHERE codigo = 'E2.1'),
    'AE 2.1.4 (Cultura organizacional) | AE 2.1.5 (Revisão de normas/regimentos) | AE 2.1.6 (Gestão de processos) | AE 3.1.1 (Capacitação do efetivo)',
    'Estabelecimento de um modelo de gestão que integre o mapeamento, a avaliação e o desenvolvimento contínuo de conhecimentos, habilidades e atitudes (O QUÊ), visando alinhar o capital humano aos objetivos estratégicos da organização e potencializar a performance individual e coletiva (PARA QUÊ).',
    'Estabelecimento de um modelo de gestão que integre o mapeamento, a avaliação e o desenvolvimento contínuo de conhecimentos, habilidades e atitudes.',
    'Alinhar o capital humano aos objetivos estratégicos da organização e potencializar a performance individual e coletiva.',
    'A gestão por competências é o instrumento que conecta as funções da estrutura organizacional às capacidades necessárias para executá-las. O Plano Estratégico 2024–2035 posiciona esta ação com três iniciativas sequenciais: mapear as funções da estrutura, mapear as competências necessárias e desejáveis para cada função, e mapear as competências da força de trabalho. A sequência é deliberada: não é possível definir competências sem antes saber quais funções existem e quais processos cada uma executa. Por isso, esta AE tem dependência direta da gestão de processos (AE 2.1.6): os processos mapeados são o insumo primário para identificar os conhecimentos, habilidades e atitudes que cada função exige. Há também interdependência com a revisão de normas internas (AE 2.1.5): regimentos internos que reflitam com precisão as funções e atribuições de cada setor são base formal para o mapeamento de competências. O Objetivo Estratégico 3 (Desenvolver o efetivo) reforça essa conexão ao prever trilhas de aprendizagem, capacitações e gestão de pessoas por competências com foco estratégico.',
    NULL,
    '1.0',
    '2026-02-14',
    'ICTDEC/DAEAD',
    'Fase 2 — Desdobramento Orientado (definição de entregas por setor)');
INSERT INTO destaques_estrategicos (acao_estrategica_id, titulo, header_contexto)
VALUES ((SELECT id FROM acoes_estrategicas WHERE numero = '2.1.7'), 'A Cadeia Lógica Função → Processo → Competência', 'CONTEXTO — Pré-requisitos e Sequência');
INSERT INTO destaque_linhas (destaque_id, ordem, tipo, label, conteudo)
VALUES ((SELECT id FROM destaques_estrategicos WHERE acao_estrategica_id = (SELECT id FROM acoes_estrategicas WHERE numero = '2.1.7')), 1, 'label_conteudo', 'Pré-requisito', 'A gestão por competências só produz resultado quando apoiada em dados concretos sobre o que cada função efetivamente faz. Sem o mapeamento de processos (AE 2.1.6), a definição de competências tende a ser genérica, baseada em descrições formais de cargo que nem sempre correspondem à realidade operacional. A AE 2.1.6 é, portanto, insumo direto desta ação.');
INSERT INTO destaque_linhas (destaque_id, ordem, tipo, label, conteudo)
VALUES ((SELECT id FROM destaques_estrategicos WHERE acao_estrategica_id = (SELECT id FROM acoes_estrategicas WHERE numero = '2.1.7')), 2, 'label_conteudo', 'Sequência lógica', '1. Mapear funções da estrutura da SEDEC (o que existe) → 2. Mapear competências necessárias e desejáveis para cada função (o que se precisa) → 3. Mapear competências da força de trabalho (o que se tem) → 4. Identificar lacunas e orientar desenvolvimento (o que falta).');
INSERT INTO destaque_linhas (destaque_id, ordem, tipo, label, conteudo)
VALUES ((SELECT id FROM destaques_estrategicos WHERE acao_estrategica_id = (SELECT id FROM acoes_estrategicas WHERE numero = '2.1.7')), 3, 'label_conteudo', 'Saída esperada', 'A lacuna entre competências requeridas e existentes alimenta diretamente a grade de capacitações da ESDEC (AE 3.1.1), as trilhas de aprendizagem e a política de alocação de pessoal. O modelo também subsidia decisões de movimentação, seleção e reconhecimento.');
INSERT INTO panoramico_linhas (acao_estrategica_id, ordem, setor_display, papel, sintese_contribuicao, nao_faz)
VALUES ((SELECT id FROM acoes_estrategicas WHERE numero = '2.1.7'), 1, 'SUOP (sob aval da SUBSEGOP)', 'Líder Coordenador', 'Coordena implantação; mobiliza órgãos; valida mapeamentos; supervisiona aplicação', 'Não define metodologia; não conduz mapeamentos técnicos');
INSERT INTO panoramico_setores (panoramico_linha_id, setor_id, tipo_participacao)
VALUES ((SELECT id FROM panoramico_linhas WHERE acao_estrategica_id = (SELECT id FROM acoes_estrategicas WHERE numero = '2.1.7') AND ordem = 1), (SELECT id FROM setores WHERE codigo = 'SUOP'), 'principal');
INSERT INTO panoramico_setores (panoramico_linha_id, setor_id, tipo_participacao)
VALUES ((SELECT id FROM panoramico_linhas WHERE acao_estrategica_id = (SELECT id FROM acoes_estrategicas WHERE numero = '2.1.7') AND ordem = 1), (SELECT id FROM setores WHERE codigo = 'SUBSEGOP'), 'aval');
INSERT INTO panoramico_linhas (acao_estrategica_id, ordem, setor_display, papel, sintese_contribuicao, nao_faz)
VALUES ((SELECT id FROM acoes_estrategicas WHERE numero = '2.1.7'), 2, 'ICTDEC', 'Coexecutor Metodológico', 'Define metodologia; elabora instrumentos de mapeamento; conduz diagnóstico de lacunas', 'Não executa capacitações; não decide alocação de pessoal');
INSERT INTO panoramico_setores (panoramico_linha_id, setor_id, tipo_participacao)
VALUES ((SELECT id FROM panoramico_linhas WHERE acao_estrategica_id = (SELECT id FROM acoes_estrategicas WHERE numero = '2.1.7') AND ordem = 2), (SELECT id FROM setores WHERE codigo = 'ICTDEC'), 'principal');
INSERT INTO panoramico_linhas (acao_estrategica_id, ordem, setor_display, papel, sintese_contribuicao, nao_faz)
VALUES ((SELECT id FROM acoes_estrategicas WHERE numero = '2.1.7'), 3, 'ESDEC', 'Coexecutora de Desenvolvimento', 'Operacionaliza trilhas de aprendizagem e capacitações orientadas pelas lacunas identificadas', 'Não define competências requeridas; não mapeia funções');
INSERT INTO panoramico_setores (panoramico_linha_id, setor_id, tipo_participacao)
VALUES ((SELECT id FROM panoramico_linhas WHERE acao_estrategica_id = (SELECT id FROM acoes_estrategicas WHERE numero = '2.1.7') AND ordem = 3), (SELECT id FROM setores WHERE codigo = 'ESDEC'), 'principal');
INSERT INTO panoramico_linhas (acao_estrategica_id, ordem, setor_display, papel, sintese_contribuicao, nao_faz)
VALUES ((SELECT id FROM acoes_estrategicas WHERE numero = '2.1.7'), 4, 'Órgãos Subordinados', 'Fornecedores de Informação e Destinatários', 'Fornecem dados sobre funções e competências atuais; validam mapeamentos; aplicam o modelo', 'Não definem metodologia; não criam modelos paralelos');
INSERT INTO panoramico_setores (panoramico_linha_id, setor_id, tipo_participacao)
VALUES ((SELECT id FROM panoramico_linhas WHERE acao_estrategica_id = (SELECT id FROM acoes_estrategicas WHERE numero = '2.1.7') AND ordem = 4), (SELECT id FROM setores WHERE codigo = 'ÓRGÃOS_SUBORDINADOS'), 'principal');
INSERT INTO fichas (acao_estrategica_id, ordem, titulo, setor_display, papel, justificativa,
    contribuicao_esperada, nao_escopo, dependencias_criticas)
VALUES ((SELECT id FROM acoes_estrategicas WHERE numero = '2.1.7'), 1, 'SUOP (sob aval da SUBSEGOP) — LÍDER COORDENADOR',
    'SUOP (sob aval da SUBSEGOP)', 'LÍDER COORDENADOR', 'A gestão por competências impacta diretamente a rotina de todos os órgãos da Secretaria e toca em temas sensíveis (alocação, avaliação, desenvolvimento). A SUOP, como órgão de integração operacional, coordena a implantação junto aos setores e assegura que o modelo seja aplicado de forma uniforme. A SUBSEGOP patrocina institucionalmente a ação, conferindo a legitimidade necessária para que os mapeamentos e diagnósticos tenham adesão.',
    ARRAY['Coordenar a implantação do modelo de gestão por competências, assegurando a participação dos órgãos', 'Mobilizar os órgãos subordinados para o fornecimento de informações sobre funções e competências', 'Validar os mapeamentos de funções e competências elaborados pelo ICTDEC, em articulação com os órgãos afetados', 'Supervisionar a aplicação do modelo pelos órgãos subordinados após a implantação', 'Articular com a ESDEC para que as lacunas de competência identificadas se traduzam em ações de desenvolvimento', 'Reportar à SUBSEGOP os resultados dos diagnósticos para subsidiar decisões de gestão de pessoas'], ARRAY['Não definir a metodologia de gestão por competências (competência do ICTDEC)', 'Não conduzir tecnicamente os mapeamentos (competência do ICTDEC)', 'Não executar ações de capacitação (competência da ESDEC)', 'Não decidir unilateralmente movimentação ou alocação de pessoal com base nos diagnósticos (prerrogativa da SUBSEGOP/Alta Gestão)'], ARRAY['Metodologia e instrumentos de mapeamento definidos pelo ICTDEC', 'Patrocínio institucional da SUBSEGOP', 'Processos mapeados (AE 2.1.6) como insumo para definição de competências por função', 'Regimentos internos atualizados (AE 2.1.5) como base formal para o mapeamento de funções', 'Comprometimento dos órgãos subordinados com o fornecimento de informações fidedignas', 'Capacidade da ESDEC para absorver as demandas de desenvolvimento geradas pelos diagnósticos']);
INSERT INTO ficha_setores (ficha_id, setor_id, tipo_participacao)
VALUES ((SELECT id FROM fichas WHERE acao_estrategica_id = (SELECT id FROM acoes_estrategicas WHERE numero = '2.1.7') AND ordem = 1), (SELECT id FROM setores WHERE codigo = 'SUOP'), 'principal');
INSERT INTO ficha_setores (ficha_id, setor_id, tipo_participacao)
VALUES ((SELECT id FROM fichas WHERE acao_estrategica_id = (SELECT id FROM acoes_estrategicas WHERE numero = '2.1.7') AND ordem = 1), (SELECT id FROM setores WHERE codigo = 'SUBSEGOP'), 'aval');
INSERT INTO fichas (acao_estrategica_id, ordem, titulo, setor_display, papel, justificativa,
    contribuicao_esperada, nao_escopo, dependencias_criticas)
VALUES ((SELECT id FROM acoes_estrategicas WHERE numero = '2.1.7'), 2, 'ICTDEC — COEXECUTOR METODOLÓGICO',
    'ICTDEC', 'COEXECUTOR METODOLÓGICO', 'O ICTDEC é responsável pela formulação do modelo de gestão por competências e pela elaboração dos instrumentos de mapeamento. Sua contribuição abrange a definição da metodologia, a condução técnica dos mapeamentos de funções e competências, e a produção dos diagnósticos de lacuna. O ICTDEC não executa as ações de desenvolvimento decorrentes (capacitações, trilhas) nem decide sobre alocação de pessoal — essas competências pertencem, respectivamente, à ESDEC e à Alta Gestão.',
    ARRAY['Elaborar o modelo de gestão por competências, definindo conceitos, taxonomia e instrumentos de mapeamento', 'Conduzir o mapeamento das funções da estrutura da SEDEC, em articulação com os órgãos subordinados', 'Definir as competências necessárias e desejáveis para cada função, a partir dos processos mapeados (AE 2.1.6)', 'Elaborar instrumentos para mapeamento das competências da força de trabalho', 'Produzir os diagnósticos de lacuna (competências requeridas vs. existentes) e encaminhá-los à SUOP', 'Fornecer insumos técnicos à ESDEC para orientação das trilhas de aprendizagem e da grade de capacitações (AE 3.1.1)', 'Formalizar acordos de cooperação técnica com parceiros externos para capacitações que a ESDEC não consiga ofertar internamente, a partir das lacunas identificadas', 'Revisar e atualizar a metodologia com base na experiência dos primeiros ciclos de aplicação'], ARRAY['Não executar ações de capacitação ou desenvolvimento (competência da ESDEC)', 'Não decidir sobre alocação, movimentação ou avaliação de desempenho de pessoal (prerrogativa da SUBSEGOP/Alta Gestão)', 'Não coordenar a implantação do modelo nos órgãos (competência da SUOP)', 'Não mapear competências sem dados de processos (dependência da AE 2.1.6)'], ARRAY['Processos mapeados (AE 2.1.6) como insumo para definição de competências por função', 'Regimentos internos atualizados (AE 2.1.5) que reflitam as funções e atribuições de cada setor', 'Coordenação da SUOP para mobilização dos órgãos', 'Informações fidedignas dos órgãos subordinados sobre funções e força de trabalho', 'Disponibilidade de acesso ao efetivo do CBMERJ para aplicação do mapeamento de competências, considerando que a maior parte da força de trabalho da Secretaria integra a Corporação', 'Capacidade da ESDEC para absorver os insumos e traduzi-los em ações de desenvolvimento']);
INSERT INTO ficha_setores (ficha_id, setor_id, tipo_participacao)
VALUES ((SELECT id FROM fichas WHERE acao_estrategica_id = (SELECT id FROM acoes_estrategicas WHERE numero = '2.1.7') AND ordem = 2), (SELECT id FROM setores WHERE codigo = 'ICTDEC'), 'principal');
INSERT INTO fichas (acao_estrategica_id, ordem, titulo, setor_display, papel, justificativa,
    contribuicao_esperada, nao_escopo, dependencias_criticas)
VALUES ((SELECT id FROM acoes_estrategicas WHERE numero = '2.1.7'), 3, 'ESDEC — COEXECUTORA DE DESENVOLVIMENTO',
    'ESDEC', 'COEXECUTORA DE DESENVOLVIMENTO', 'A ESDEC é a instância que traduz os diagnósticos de lacuna em ações concretas de desenvolvimento. O mapeamento de competências só gera valor institucional quando as lacunas identificadas se transformam em trilhas de aprendizagem, capacitações e programas de desenvolvimento. Sem essa conexão, o modelo fica restrito ao diagnóstico, sem produzir mudança efetiva na capacidade da força de trabalho.',
    ARRAY['Receber os diagnósticos de lacuna produzidos pelo ICTDEC e utilizá-los como insumo para a grade de capacitações (AE 3.1.1)', 'Estruturar trilhas de aprendizagem orientadas pelas competências requeridas para cada função', 'Adequar a oferta de cursos e programas de desenvolvimento às prioridades identificadas nos mapeamentos', 'Identificar competências cuja capacitação não pode ser ofertada internamente e articular, em conjunto com o ICTDEC, a busca de parceiros externos para suprir essas lacunas', 'Registrar e reportar a evolução das capacitações realizadas, permitindo a atualização dos diagnósticos de lacuna'], ARRAY['Não definir quais competências são requeridas para cada função (competência do ICTDEC com base nos processos mapeados)', 'Não conduzir o mapeamento de competências da força de trabalho (competência do ICTDEC)', 'Não decidir sobre alocação ou movimentação de pessoal (prerrogativa da SUBSEGOP/Alta Gestão)'], ARRAY['Diagnósticos de lacuna produzidos pelo ICTDEC, com priorização clara das competências mais críticas', 'Recursos e capacidade operacional para ampliar ou adequar a grade de cursos', 'Articulação com a SUOP para liberação do efetivo dos órgãos para participação nas capacitações', 'Formalização de acordos de cooperação técnica com parceiros externos pelo ICTDEC, para capacitações que a ESDEC não consiga ofertar internamente']);
INSERT INTO ficha_setores (ficha_id, setor_id, tipo_participacao)
VALUES ((SELECT id FROM fichas WHERE acao_estrategica_id = (SELECT id FROM acoes_estrategicas WHERE numero = '2.1.7') AND ordem = 3), (SELECT id FROM setores WHERE codigo = 'ESDEC'), 'principal');
INSERT INTO fichas (acao_estrategica_id, ordem, titulo, setor_display, papel, justificativa,
    contribuicao_esperada, nao_escopo, dependencias_criticas)
VALUES ((SELECT id FROM acoes_estrategicas WHERE numero = '2.1.7'), 4, 'Órgãos Subordinados (Direções, Coordenações, REDECs e demais setores) — FORNECEDORES DE INFORMAÇÃO E DESTINATÁRIOS',
    'Órgãos Subordinados (Direções, Coordenações, REDECs e demais setores)', 'FORNECEDORES DE INFORMAÇÃO E DESTINATÁRIOS', 'Os órgãos subordinados são a fonte das informações que alimentam o modelo (quais funções existem, quem as ocupa, quais competências possuem) e, simultaneamente, os destinatários do modelo implantado (aplicação na gestão cotidiana do setor). Sua participação ativa no fornecimento de dados fidedignos é condição para que o diagnóstico reflita a realidade e gere ações de desenvolvimento pertinentes.',
    ARRAY['Fornecer informações sobre as funções exercidas no setor e as competências da força de trabalho', 'Validar os mapeamentos de funções e competências elaborados pelo ICTDEC, atestando a correspondência com a realidade operacional', 'Aplicar o modelo de gestão por competências na gestão cotidiana do setor (orientação de desenvolvimento, identificação de necessidades)', 'Liberar efetivo para participação nas capacitações orientadas pelos diagnósticos de lacuna', 'Sinalizar mudanças nas funções ou nas demandas de competência decorrentes de alterações nos processos (conexão com AE 2.1.6)'], ARRAY['Não definir metodologia ou instrumentos de mapeamento (competência do ICTDEC)', 'Não criar modelos paralelos de avaliação de competências', 'Não omitir ou distorcer informações sobre a força de trabalho (a qualidade do modelo depende da fidedignidade dos dados)'], ARRAY['Metodologia clara e objetiva, com instrumentos acessíveis e compatíveis com a rotina dos setores', 'Confidencialidade adequada dos dados individuais de competência (o modelo é de desenvolvimento, não punitivo)', 'Retorno sobre os diagnósticos realizados e as ações de desenvolvimento previstas', 'Capacitações efetivamente disponíveis para as lacunas identificadas (ESDEC)']);
INSERT INTO ficha_setores (ficha_id, setor_id, tipo_participacao)
VALUES ((SELECT id FROM fichas WHERE acao_estrategica_id = (SELECT id FROM acoes_estrategicas WHERE numero = '2.1.7') AND ordem = 4), (SELECT id FROM setores WHERE codigo = 'ORGAOS_SUBORDINADOS'), 'principal');
INSERT INTO ficha_setores (ficha_id, setor_id, tipo_participacao)
VALUES ((SELECT id FROM fichas WHERE acao_estrategica_id = (SELECT id FROM acoes_estrategicas WHERE numero = '2.1.7') AND ordem = 4), (SELECT id FROM setores WHERE codigo = 'REDECS'), 'participante');
INSERT INTO fundamentacoes (acao_estrategica_id, introducao, conclusao)
VALUES ((SELECT id FROM acoes_estrategicas WHERE numero = '2.1.7'), 'A ausência de gestão por competências gera três efeitos operacionais:', 'Esta ação enfrenta esses efeitos ao estabelecer um modelo integrado de mapeamento, diagnóstico e desenvolvimento que conecta funções a competências, competências a lacunas e lacunas a ações de capacitação, criando um ciclo contínuo de alinhamento entre capital humano e objetivos estratégicos.');
INSERT INTO fundamentacao_itens (fundamentacao_id, ordem, conteudo)
VALUES ((SELECT id FROM fundamentacoes WHERE acao_estrategica_id = (SELECT id FROM acoes_estrategicas WHERE numero = '2.1.7')), 1, '1. Alocação desconectada da necessidade: Sem o conhecimento sistemático de quais competências cada função exige e quais a força de trabalho possui, a alocação de pessoal depende de critérios informais. Pessoas são designadas para funções sem que se verifique a aderência entre suas competências e as demandas da posição.');
INSERT INTO fundamentacao_itens (fundamentacao_id, ordem, conteudo)
VALUES ((SELECT id FROM fundamentacoes WHERE acao_estrategica_id = (SELECT id FROM acoes_estrategicas WHERE numero = '2.1.7')), 2, '2. Capacitação sem foco estratégico: Sem diagnóstico de lacunas, as capacitações são orientadas por demandas avulsas ou por disponibilidade de oferta, e não pelas necessidades reais da instituição. Isso gera investimento em desenvolvimento que não necessariamente se traduz em melhoria de desempenho.');
INSERT INTO fundamentacao_itens (fundamentacao_id, ordem, conteudo)
VALUES ((SELECT id FROM fundamentacoes WHERE acao_estrategica_id = (SELECT id FROM acoes_estrategicas WHERE numero = '2.1.7')), 3, '3. Ausência de referência para desenvolvimento: Sem um modelo que defina o que se espera de cada função, os servidores não têm clareza sobre quais competências devem desenvolver. O crescimento profissional fica sem direção institucional, dependendo exclusivamente de iniciativa individual.');

-- AE 3.1.1
INSERT INTO acoes_estrategicas (numero, nome, eixo_prioritario_id, objetivo_estrategico_id, estrategia_id,
    acoes_conectadas, descricao_oficial_completa, descricao_o_que, descricao_para_que, ancoragem,
    nota_arranjo_institucional, versao, data_elaboracao, elaboracao, proxima_fase)
VALUES ('3.1.1', 'Ampliar conhecimento e experiência do efetivo em proteção e defesa civil', (SELECT id FROM eixos_prioritarios WHERE codigo = 'EIXO_1'), (SELECT id FROM objetivos_estrategicos WHERE codigo = 'OE3'), (SELECT id FROM estrategias WHERE codigo = 'E3.1'),
    'AE 2.1.4 (Cultura organizacional) | AE 2.1.7 (Gestão por competências) | AE 3.1.2 (Avaliação de performance) | AE 6.1.4 (Extensão acadêmica)',
    'Estabelecimento de trilhas de educação continuada e intercâmbio de experiências práticas (O QUÊ), visando elevar o nível de especialização técnica da tropa para atuar com excelência tanto na gestão de riscos quanto no gerenciamento de desastres complexos (PARA QUÊ).',
    'Estabelecimento de trilhas de educação continuada e intercâmbio de experiências práticas.',
    'Elevar o nível de especialização técnica da tropa para atuar com excelência tanto na gestão de riscos quanto no gerenciamento de desastres complexos.',
    'O desenvolvimento do efetivo é o objetivo que conecta a governança à capacidade de execução. Instrumentos de gestão (processos, projetos, indicadores) só geram resultado quando operados por profissionais com conhecimento técnico adequado. O Plano Estratégico 2024–2035 posiciona esta ação na Estratégia E3.1 (Desenvolvimento e adequação do efetivo), com iniciativas que incluem trilhas de educação continuada e estímulo ao autodesenvolvimento. A ação tem dependência direta da gestão por competências (AE 2.1.7): os diagnósticos de lacuna produzidos pela AE 2.1.7 orientam o que capacitar; a presente AE trata de como capacitar. Sem essa conexão, as capacitações tendem a ser orientadas por demandas avulsas ou por disponibilidade de oferta, e não pelas necessidades reais da instituição. O OE 3 reforça que o fator crítico de sucesso é a liderança patrocinando uma cultura pautada no desenvolvimento pessoal e profissional.',
    NULL,
    '1.0',
    '2026-02-14',
    'ICTDEC/DAEAD',
    'Fase 2 — Desdobramento Orientado (definição de entregas por setor)');
INSERT INTO destaques_estrategicos (acao_estrategica_id, titulo, header_contexto)
VALUES ((SELECT id FROM acoes_estrategicas WHERE numero = '3.1.1'), 'Capacitação Orientada por Diagnóstico', 'CONTEXTO — Trilhas Dirigidas + Autodesenvolvimento');
INSERT INTO destaque_linhas (destaque_id, ordem, tipo, label, conteudo)
VALUES ((SELECT id FROM destaques_estrategicos WHERE acao_estrategica_id = (SELECT id FROM acoes_estrategicas WHERE numero = '3.1.1')), 1, 'label_conteudo', 'Capacitação dirigida', 'Trilhas de educação continuada estruturadas a partir dos diagnósticos de lacuna (AE 2.1.7), ofertadas pela ESDEC com apoio de parceiros externos formalizados pelo ICTDEC. Inclui cursos, oficinas e programas de desenvolvimento orientados pelas competências requeridas para cada função. O Curso GIRD-RJ (Gestão Integrada de Riscos e Desastres) é o produto estruturante desta dimensão, voltado à qualificação técnica dos agentes da SEDEC-RJ.');
INSERT INTO destaque_linhas (destaque_id, ordem, tipo, label, conteudo)
VALUES ((SELECT id FROM destaques_estrategicos WHERE acao_estrategica_id = (SELECT id FROM acoes_estrategicas WHERE numero = '3.1.1')), 2, 'label_conteudo', 'Autodesenvolvimento', 'Estímulo ao autodesenvolvimento por meio de orientação sobre percursos formativos disponíveis e reconhecimento institucional do esforço individual de qualificação. A instituição deve sinalizar com clareza quais competências valoriza e oferecer condições para que o servidor busque seu próprio desenvolvimento.');
INSERT INTO destaque_linhas (destaque_id, ordem, tipo, label, conteudo)
VALUES ((SELECT id FROM destaques_estrategicos WHERE acao_estrategica_id = (SELECT id FROM acoes_estrategicas WHERE numero = '3.1.1')), 3, 'label_conteudo', 'Contratação de capacitações externas', 'Quando o diagnóstico de competências indicar necessidades que não possam ou não sejam convenientes de serem supridas diretamente pela ESDEC, a SUOP, com apoio da SUBSEGOP, pode patrocinar a contratação de cursos especializados junto a fornecedores externos, assegurando que o investimento esteja alinhado às prioridades estratégicas.');
INSERT INTO destaque_linhas (destaque_id, ordem, tipo, label, conteudo)
VALUES ((SELECT id FROM destaques_estrategicos WHERE acao_estrategica_id = (SELECT id FROM acoes_estrategicas WHERE numero = '3.1.1')), 4, 'label_conteudo', 'Condição de sustentabilidade', 'Para que a capacitação gere impacto duradouro, é necessário que o efetivo tenha tempo protegido para participação e que as chefias setoriais compreendam o desenvolvimento como investimento institucional, não como concorrência à operação. A articulação da SUOP é determinante para garantir essa condição.');
INSERT INTO panoramico_linhas (acao_estrategica_id, ordem, setor_display, papel, sintese_contribuicao, nao_faz)
VALUES ((SELECT id FROM acoes_estrategicas WHERE numero = '3.1.1'), 1, 'SUOP (sob aval da SUBSEGOP)', 'Líder Coordenador', 'Coordena participação dos órgãos; garante liberação do efetivo; patrocina contratação de cursos externos', 'Não executa capacitações; não define conteúdo pedagógico');
INSERT INTO panoramico_setores (panoramico_linha_id, setor_id, tipo_participacao)
VALUES ((SELECT id FROM panoramico_linhas WHERE acao_estrategica_id = (SELECT id FROM acoes_estrategicas WHERE numero = '3.1.1') AND ordem = 1), (SELECT id FROM setores WHERE codigo = 'SUOP'), 'principal');
INSERT INTO panoramico_setores (panoramico_linha_id, setor_id, tipo_participacao)
VALUES ((SELECT id FROM panoramico_linhas WHERE acao_estrategica_id = (SELECT id FROM acoes_estrategicas WHERE numero = '3.1.1') AND ordem = 1), (SELECT id FROM setores WHERE codigo = 'SUBSEGOP'), 'aval');
INSERT INTO panoramico_linhas (acao_estrategica_id, ordem, setor_display, papel, sintese_contribuicao, nao_faz)
VALUES ((SELECT id FROM acoes_estrategicas WHERE numero = '3.1.1'), 2, 'ESDEC', 'Executora Principal', 'Operacionaliza trilhas, cursos e programas de desenvolvimento do efetivo', 'Não define competências requeridas; não formaliza parcerias externas');
INSERT INTO panoramico_setores (panoramico_linha_id, setor_id, tipo_participacao)
VALUES ((SELECT id FROM panoramico_linhas WHERE acao_estrategica_id = (SELECT id FROM acoes_estrategicas WHERE numero = '3.1.1') AND ordem = 2), (SELECT id FROM setores WHERE codigo = 'ESDEC'), 'principal');
INSERT INTO panoramico_linhas (acao_estrategica_id, ordem, setor_display, papel, sintese_contribuicao, nao_faz)
VALUES ((SELECT id FROM acoes_estrategicas WHERE numero = '3.1.1'), 3, 'ICTDEC', 'Coexecutor Estratégico', 'Fornece diagnósticos de lacuna; formaliza parcerias para capacitações externas; conecta academia à prática', 'Não executa capacitações diretamente; não coordena órgãos');
INSERT INTO panoramico_setores (panoramico_linha_id, setor_id, tipo_participacao)
VALUES ((SELECT id FROM panoramico_linhas WHERE acao_estrategica_id = (SELECT id FROM acoes_estrategicas WHERE numero = '3.1.1') AND ordem = 3), (SELECT id FROM setores WHERE codigo = 'ICTDEC'), 'principal');
INSERT INTO panoramico_linhas (acao_estrategica_id, ordem, setor_display, papel, sintese_contribuicao, nao_faz)
VALUES ((SELECT id FROM acoes_estrategicas WHERE numero = '3.1.1'), 4, 'Órgãos Subordinados', 'Participantes e Demandantes', 'Liberam efetivo; identificam demandas de capacitação; aplicam conhecimento na rotina', 'Não definem grade de cursos; não contratam capacitações por conta própria');
INSERT INTO panoramico_setores (panoramico_linha_id, setor_id, tipo_participacao)
VALUES ((SELECT id FROM panoramico_linhas WHERE acao_estrategica_id = (SELECT id FROM acoes_estrategicas WHERE numero = '3.1.1') AND ordem = 4), (SELECT id FROM setores WHERE codigo = 'ÓRGÃOS_SUBORDINADOS'), 'principal');
INSERT INTO fichas (acao_estrategica_id, ordem, titulo, setor_display, papel, justificativa,
    contribuicao_esperada, nao_escopo, dependencias_criticas)
VALUES ((SELECT id FROM acoes_estrategicas WHERE numero = '3.1.1'), 1, 'SUOP (sob aval da SUBSEGOP) — LÍDER COORDENADOR',
    'SUOP (sob aval da SUBSEGOP)', 'LÍDER COORDENADOR', 'O desenvolvimento do efetivo exige que os órgãos liberem pessoal para participação nas capacitações, o que frequentemente entra em conflito com as demandas operacionais imediatas. A SUOP, como instância de integração operacional, é quem articula essa participação, assegura a adesão dos setores e valida a priorização das capacitações conforme as necessidades estratégicas. Sem essa coordenação, as capacitações atingem apenas os setores com menor pressão operacional, deixando de fora justamente aqueles com maior lacuna.',
    ARRAY['Coordenar a participação dos órgãos subordinados nas ações de capacitação e desenvolvimento', 'Garantir a liberação do efetivo para participação nas trilhas de educação continuada e nos ciclos de intercâmbio', 'Validar a priorização das capacitações, assegurando alinhamento às necessidades estratégicas e operacionais', 'Integrar o calendário de capacitações ao planejamento operacional dos órgãos, evitando conflitos com períodos críticos', 'Reportar à SUBSEGOP os resultados e a evolução das ações de desenvolvimento do efetivo', 'Patrocinar, com apoio da SUBSEGOP, a contratação de cursos especializados junto a fornecedores externos quando indicado pelo diagnóstico de competências e não suprível pela ESDEC ou por parcerias acadêmicas'], ARRAY['Não executar capacitações ou desenvolver conteúdo pedagógico (competência da ESDEC)', 'Não definir competências requeridas (competência do ICTDEC via AE 2.1.7)', 'Não formalizar parcerias externas para capacitação (competência do ICTDEC)'], ARRAY['Diagnósticos de lacuna de competências produzidos pelo ICTDEC (AE 2.1.7)', 'Grade de capacitações e calendário elaborados pela ESDEC', 'Comprometimento das chefias setoriais com a liberação do efetivo', 'Patrocínio da SUBSEGOP para que o desenvolvimento do efetivo seja tratado como prioridade institucional']);
INSERT INTO ficha_setores (ficha_id, setor_id, tipo_participacao)
VALUES ((SELECT id FROM fichas WHERE acao_estrategica_id = (SELECT id FROM acoes_estrategicas WHERE numero = '3.1.1') AND ordem = 1), (SELECT id FROM setores WHERE codigo = 'SUOP'), 'principal');
INSERT INTO ficha_setores (ficha_id, setor_id, tipo_participacao)
VALUES ((SELECT id FROM fichas WHERE acao_estrategica_id = (SELECT id FROM acoes_estrategicas WHERE numero = '3.1.1') AND ordem = 1), (SELECT id FROM setores WHERE codigo = 'SUBSEGOP'), 'aval');
INSERT INTO fichas (acao_estrategica_id, ordem, titulo, setor_display, papel, justificativa,
    contribuicao_esperada, nao_escopo, dependencias_criticas)
VALUES ((SELECT id FROM acoes_estrategicas WHERE numero = '3.1.1'), 2, 'ESDEC — EXECUTORA PRINCIPAL',
    'ESDEC', 'EXECUTORA PRINCIPAL', 'A ESDEC é a instância que operacionaliza o desenvolvimento do efetivo. Compete-lhe estruturar as trilhas de educação continuada, conduzir os cursos e programas de capacitação, e promover os ciclos de intercâmbio de experiências entre os componentes da força de trabalho. A ESDEC planeja e executa a oferta formativa com base nos diagnósticos de lacuna fornecidos pelo ICTDEC, traduzindo necessidades institucionais em ações pedagógicas concretas.',
    ARRAY['Estruturar e operacionalizar as trilhas de educação continuada orientadas pelas competências requeridas', 'Planejar e conduzir a grade de cursos, oficinas e programas de desenvolvimento do efetivo', 'Desenvolver conteúdo pedagógico para as capacitações ofertadas internamente', 'Identificar competências cuja capacitação não pode ser ofertada internamente e articular com o ICTDEC a busca de parceiros externos', 'Registrar e reportar a evolução das capacitações realizadas, alimentando a atualização dos diagnósticos de lacuna (AE 2.1.7)', 'Fomentar o autodesenvolvimento, orientando o efetivo sobre percursos formativos disponíveis'], ARRAY['Não definir quais competências são requeridas para cada função (competência do ICTDEC via AE 2.1.7)', 'Não formalizar acordos de cooperação técnica com parceiros externos (competência do ICTDEC)', 'Não coordenar a participação dos órgãos (competência da SUOP)', 'Não tratar capacitação como atividade exclusivamente voltada a atores externos do SIEPDEC (esta AE é focada no efetivo interno da SEDEC)'], ARRAY['Diagnósticos de lacuna de competências produzidos pelo ICTDEC (AE 2.1.7), com priorização das competências mais críticas', 'Formalização de acordos de cooperação técnica pelo ICTDEC para capacitações que a ESDEC não consiga ofertar internamente', 'Coordenação da SUOP para liberação do efetivo dos órgãos', 'Recursos e infraestrutura adequados para conduzir as capacitações (salas, equipamentos, plataformas EAD)', 'Apoio do ICTDEC na conexão com instituições de ensino e pesquisa para programas de maior complexidade acadêmica']);
INSERT INTO ficha_setores (ficha_id, setor_id, tipo_participacao)
VALUES ((SELECT id FROM fichas WHERE acao_estrategica_id = (SELECT id FROM acoes_estrategicas WHERE numero = '3.1.1') AND ordem = 2), (SELECT id FROM setores WHERE codigo = 'ESDEC'), 'principal');
INSERT INTO fichas (acao_estrategica_id, ordem, titulo, setor_display, papel, justificativa,
    contribuicao_esperada, nao_escopo, dependencias_criticas)
VALUES ((SELECT id FROM acoes_estrategicas WHERE numero = '3.1.1'), 3, 'ICTDEC — COEXECUTOR ESTRATÉGICO',
    'ICTDEC', 'COEXECUTOR ESTRATÉGICO', 'O ICTDEC contribui para esta ação em duas frentes. Na dimensão de insumos, fornece os diagnósticos de lacuna de competências (AE 2.1.7) que orientam a priorização das capacitações. Na dimensão de parcerias, formaliza acordos de cooperação técnica com instituições de ensino superior (IES), instituições científicas e tecnológicas (ICTs) e demais parceiros externos, viabilizando capacitações que a ESDEC não consiga ofertar internamente. O ICTDEC não executa capacitações diretamente, mas assegura que o sistema de desenvolvimento tenha tanto direção (diagnóstico) quanto alcance (parcerias).',
    ARRAY['Fornecer os diagnósticos de lacuna de competências (AE 2.1.7) como insumo para orientação das trilhas de capacitação', 'Formalizar acordos de cooperação técnica com IES, ICTs e demais parceiros externos para capacitações especializadas', 'Apoiar a ESDEC na conexão com instituições acadêmicas para programas de extensão, residência e intercâmbio (AE 6.1.4)', 'Apoiar a estruturação do Curso GIRD-RJ como produto estruturante de qualificação técnica'], ARRAY['Não executar capacitações diretamente (competência da ESDEC)', 'Não coordenar a participação dos órgãos (competência da SUOP)', 'Não desenvolver conteúdo pedagógico de cursos (competência da ESDEC, salvo quando em parceria acadêmica)'], ARRAY['Dados dos mapeamentos de competências (AE 2.1.7) concluídos ou em estágio suficiente para orientar prioridades', 'Demandas específicas da ESDEC sobre competências que exigem parceria externa', 'Disponibilidade de IES e ICTs para formalização de acordos', 'Coordenação da SUOP para integração do calendário de capacitações externas ao planejamento operacional']);
INSERT INTO ficha_setores (ficha_id, setor_id, tipo_participacao)
VALUES ((SELECT id FROM fichas WHERE acao_estrategica_id = (SELECT id FROM acoes_estrategicas WHERE numero = '3.1.1') AND ordem = 3), (SELECT id FROM setores WHERE codigo = 'ICTDEC'), 'principal');
INSERT INTO fichas (acao_estrategica_id, ordem, titulo, setor_display, papel, justificativa,
    contribuicao_esperada, nao_escopo, dependencias_criticas)
VALUES ((SELECT id FROM acoes_estrategicas WHERE numero = '3.1.1'), 4, 'Órgãos Subordinados (Direções, Coordenações, REDECs e demais setores) — PARTICIPANTES E DEMANDANTES',
    'Órgãos Subordinados (Direções, Coordenações, REDECs e demais setores)', 'PARTICIPANTES E DEMANDANTES', 'Os órgãos subordinados são simultaneamente os destinatários das ações de desenvolvimento e a fonte primária de identificação das demandas de capacitação no nível operacional. As chefias setoriais têm papel especialmente relevante: são elas que percebem no cotidiano as lacunas de competência que afetam a execução, e são elas que viabilizam (ou inviabilizam) a participação do efetivo nas ações formativas.',
    ARRAY['Liberar efetivo para participação nas trilhas de educação continuada e cursos', 'Identificar e reportar à SUOP as demandas de capacitação específicas do setor', 'Aplicar na rotina operacional o conhecimento adquirido nas ações de desenvolvimento', 'Estimular o autodesenvolvimento do efetivo, reconhecendo e valorizando o esforço individual de qualificação'], ARRAY['Não definir grade de cursos ou conteúdo pedagógico (competência da ESDEC)', 'Não tratar a participação em capacitações como atividade secundária frente à operação (o desenvolvimento do efetivo é investimento, não custo operacional)'], ARRAY['Calendário de capacitações conhecido com antecedência, compatível com os ciclos operacionais dos setores', 'Oferta formativa pertinente às necessidades reais do setor (orientação pelos diagnósticos de lacuna)', 'Apoio da SUOP na conciliação entre demanda operacional e participação nas capacitações', 'Retorno sobre o impacto das capacitações no desempenho do setor (conexão com AE 3.1.2)']);
INSERT INTO ficha_setores (ficha_id, setor_id, tipo_participacao)
VALUES ((SELECT id FROM fichas WHERE acao_estrategica_id = (SELECT id FROM acoes_estrategicas WHERE numero = '3.1.1') AND ordem = 4), (SELECT id FROM setores WHERE codigo = 'ORGAOS_SUBORDINADOS'), 'principal');
INSERT INTO ficha_setores (ficha_id, setor_id, tipo_participacao)
VALUES ((SELECT id FROM fichas WHERE acao_estrategica_id = (SELECT id FROM acoes_estrategicas WHERE numero = '3.1.1') AND ordem = 4), (SELECT id FROM setores WHERE codigo = 'REDECS'), 'participante');
INSERT INTO fundamentacoes (acao_estrategica_id, introducao, conclusao)
VALUES ((SELECT id FROM acoes_estrategicas WHERE numero = '3.1.1'), 'A ausência de ações estruturadas de desenvolvimento do efetivo gera três efeitos operacionais:', 'Esta ação enfrenta esses efeitos ao estabelecer trilhas de educação continuada orientadas por diagnóstico (direção), estímulo ao autodesenvolvimento (protagonismo individual) e contratação de capacitações especializadas quando necessário (alcance), criando um sistema de desenvolvimento que é ao mesmo tempo institucional e contínuo.');
INSERT INTO fundamentacao_itens (fundamentacao_id, ordem, conteudo)
VALUES ((SELECT id FROM fundamentacoes WHERE acao_estrategica_id = (SELECT id FROM acoes_estrategicas WHERE numero = '3.1.1')), 1, '1. Defasagem técnica progressiva: A gestão de riscos e desastres é um campo em evolução permanente — novas metodologias, tecnologias e marcos legais surgem continuamente. Sem educação continuada, o efetivo opera com base em conhecimentos desatualizados, comprometendo a qualidade técnica das ações de prevenção, preparação e resposta.');
INSERT INTO fundamentacao_itens (fundamentacao_id, ordem, conteudo)
VALUES ((SELECT id FROM fundamentacoes WHERE acao_estrategica_id = (SELECT id FROM acoes_estrategicas WHERE numero = '3.1.1')), 2, '2. Concentração de expertise em poucos indivíduos: Sem mecanismos de difusão do conhecimento, a expertise técnica tende a se concentrar em um número reduzido de profissionais. Isso cria vulnerabilidade institucional: a ausência ou movimentação dessas pessoas gera perda de capacidade operacional desproporcional.');
INSERT INTO fundamentacao_itens (fundamentacao_id, ordem, conteudo)
VALUES ((SELECT id FROM fundamentacoes WHERE acao_estrategica_id = (SELECT id FROM acoes_estrategicas WHERE numero = '3.1.1')), 3, '3. Capacitação reativa e sem direção: Na ausência de trilhas estruturadas, as capacitações ocorrem de forma avulsa, orientadas por oportunidades pontuais ou por iniciativa individual. O investimento em desenvolvimento não se traduz necessariamente em melhoria da capacidade institucional, pois não é orientado pelas lacunas reais.');

-- AE 4.1.1
INSERT INTO acoes_estrategicas (numero, nome, eixo_prioritario_id, objetivo_estrategico_id, estrategia_id,
    acoes_conectadas, descricao_oficial_completa, descricao_o_que, descricao_para_que, ancoragem,
    nota_arranjo_institucional, versao, data_elaboracao, elaboracao, proxima_fase)
VALUES ('4.1.1', 'Melhorar acomodação do pessoal, dos recursos e dos serviços necessários à produtividade da defesa civil estadual', (SELECT id FROM eixos_prioritarios WHERE codigo = 'EIXO_1'), (SELECT id FROM objetivos_estrategicos WHERE codigo = 'OE4'), (SELECT id FROM estrategias WHERE codigo = 'E4.1'),
    'AE 4.2.1 (Recursos materiais) | AE 4.3.1 (Sistemas tecnológicos) | AE 4.4.1 (Serviços contratados)',
    'Adequação e modernização da infraestrutura física e das instalações de trabalho (O QUÊ), visando garantir condições ergonômicas, salubridade e um ambiente propício à alta performance operacional e administrativa das equipes, superando precariedades que impactam a rotina (PARA QUÊ).',
    'Adequação e modernização da infraestrutura física e das instalações de trabalho.',
    'Garantir condições ergonômicas, salubridade e um ambiente propício à alta performance operacional e administrativa das equipes, superando precariedades que impactam a rotina.',
    'A infraestrutura física é a condição material que viabiliza todas as demais ações estratégicas. Não é possível exigir alta performance de equipes que operam em instalações precárias, sem condições ergonômicas adequadas ou sem espaço para as atividades que a estratégia prevê. O Plano Estratégico 2024–2035 posiciona esta ação na Estratégia E4.1, com duas frentes: otimizar as instalações existentes e prover soluções para desenvolvimento da infraestrutura. A ação é complementar às demais AEs do OE 4: enquanto a AE 4.1.1 trata das instalações físicas, as AEs 4.2.1, 4.3.1 e 4.4.1 tratam, respectivamente, de recursos materiais, sistemas tecnológicos e serviços contratados. Juntas, compõem o suporte material para a missão institucional.',
    NULL,
    '1.0',
    '2026-02-14',
    'ICTDEC/DAEAD',
    'Fase 2 — Desdobramento Orientado (definição de entregas por setor)');
INSERT INTO panoramico_linhas (acao_estrategica_id, ordem, setor_display, papel, sintese_contribuicao, nao_faz)
VALUES ((SELECT id FROM acoes_estrategicas WHERE numero = '4.1.1'), 1, 'SUOP (sob aval da SUBSEGOP)', 'Líder Coordenador', 'Consolida demandas; prioriza intervenções; articula com a SUBSEGAD; monitora execução', 'Não executa obras ou aquisições; não gere contratos');
INSERT INTO panoramico_setores (panoramico_linha_id, setor_id, tipo_participacao)
VALUES ((SELECT id FROM panoramico_linhas WHERE acao_estrategica_id = (SELECT id FROM acoes_estrategicas WHERE numero = '4.1.1') AND ordem = 1), (SELECT id FROM setores WHERE codigo = 'SUOP'), 'principal');
INSERT INTO panoramico_setores (panoramico_linha_id, setor_id, tipo_participacao)
VALUES ((SELECT id FROM panoramico_linhas WHERE acao_estrategica_id = (SELECT id FROM acoes_estrategicas WHERE numero = '4.1.1') AND ordem = 1), (SELECT id FROM setores WHERE codigo = 'SUBSEGOP'), 'aval');
INSERT INTO panoramico_linhas (acao_estrategica_id, ordem, setor_display, papel, sintese_contribuicao, nao_faz)
VALUES ((SELECT id FROM acoes_estrategicas WHERE numero = '4.1.1'), 2, 'SUBSEGAD', 'Apoio Administrativo', 'Apoia a tramitação administrativa das demandas; fornece informações sobre viabilidade orçamentária', 'Não prioriza intervenções; não executa obras; não consolida demandas operacionais');
INSERT INTO panoramico_setores (panoramico_linha_id, setor_id, tipo_participacao)
VALUES ((SELECT id FROM panoramico_linhas WHERE acao_estrategica_id = (SELECT id FROM acoes_estrategicas WHERE numero = '4.1.1') AND ordem = 2), (SELECT id FROM setores WHERE codigo = 'SUBSEGAD'), 'principal');
INSERT INTO panoramico_linhas (acao_estrategica_id, ordem, setor_display, papel, sintese_contribuicao, nao_faz)
VALUES ((SELECT id FROM acoes_estrategicas WHERE numero = '4.1.1'), 3, 'Órgãos Subordinados', 'Demandantes e Usuários', 'Identificam e reportam necessidades de infraestrutura; validam adequação das soluções', 'Não executam obras; não contratam serviços de infraestrutura');
INSERT INTO panoramico_setores (panoramico_linha_id, setor_id, tipo_participacao)
VALUES ((SELECT id FROM panoramico_linhas WHERE acao_estrategica_id = (SELECT id FROM acoes_estrategicas WHERE numero = '4.1.1') AND ordem = 3), (SELECT id FROM setores WHERE codigo = 'ÓRGÃOS_SUBORDINADOS'), 'principal');
INSERT INTO fichas (acao_estrategica_id, ordem, titulo, setor_display, papel, justificativa,
    contribuicao_esperada, nao_escopo, dependencias_criticas)
VALUES ((SELECT id FROM acoes_estrategicas WHERE numero = '4.1.1'), 1, 'SUOP (sob aval da SUBSEGOP) — LÍDER COORDENADOR',
    'SUOP (sob aval da SUBSEGOP)', 'LÍDER COORDENADOR', 'As demandas de infraestrutura são dispersas entre os órgãos da Secretaria e frequentemente concorrem entre si por recursos escassos. A SUOP, como instância de integração operacional, é quem consolida essas demandas, prioriza as intervenções conforme o impacto na missão institucional e articula com a SUBSEGAD a viabilização administrativa e orçamentária. Sem essa coordenação, as melhorias tendem a ocorrer de forma reativa (só quando a precariedade se torna crítica) e fragmentada (cada órgão busca soluções isoladas).',
    ARRAY['Consolidar as demandas de infraestrutura dos órgãos subordinados', 'Priorizar as intervenções conforme o impacto operacional e o alinhamento estratégico, submetendo à SUBSEGOP quando necessário', 'Articular com a SUBSEGAD a viabilização administrativa e orçamentária das intervenções priorizadas', 'Monitorar a execução das intervenções e reportar à SUBSEGOP o andamento'], ARRAY['Não executar obras, reformas ou aquisições', 'Não gerir contratos de manutenção predial ou de serviços de engenharia', 'Não aprovar orçamento para investimentos novos (prerrogativa da SUBSEGOP/Alta Gestão)'], ARRAY['Informações fidedignas dos órgãos subordinados sobre as necessidades de infraestrutura', 'Apoio administrativo da SUBSEGAD na tramitação e viabilização orçamentária', 'Disponibilidade orçamentária para as intervenções priorizadas']);
INSERT INTO ficha_setores (ficha_id, setor_id, tipo_participacao)
VALUES ((SELECT id FROM fichas WHERE acao_estrategica_id = (SELECT id FROM acoes_estrategicas WHERE numero = '4.1.1') AND ordem = 1), (SELECT id FROM setores WHERE codigo = 'SUOP'), 'principal');
INSERT INTO ficha_setores (ficha_id, setor_id, tipo_participacao)
VALUES ((SELECT id FROM fichas WHERE acao_estrategica_id = (SELECT id FROM acoes_estrategicas WHERE numero = '4.1.1') AND ordem = 1), (SELECT id FROM setores WHERE codigo = 'SUBSEGOP'), 'aval');
INSERT INTO fichas (acao_estrategica_id, ordem, titulo, setor_display, papel, justificativa,
    contribuicao_esperada, nao_escopo, dependencias_criticas)
VALUES ((SELECT id FROM acoes_estrategicas WHERE numero = '4.1.1'), 2, 'SUBSEGAD — APOIO ADMINISTRATIVO',
    'SUBSEGAD', 'APOIO ADMINISTRATIVO', 'A SUBSEGAD apoia a tramitação administrativa das demandas de infraestrutura, fornecendo informações sobre viabilidade orçamentária e contribuindo para a instrução dos processos necessários. A SUBSEGAD não define prioridades de intervenção (prerrogativa da SUOP/SUBSEGOP) nem executa obras ou aquisições diretamente.',
    ARRAY['Apoiar a instrução e tramitação administrativa dos processos relativos às intervenções de infraestrutura priorizadas', 'Fornecer à SUOP informações sobre viabilidade orçamentária e prazos de tramitação administrativa', 'Apoiar na identificação de instrumentos administrativos adequados para viabilizar as intervenções (contratos, convênios, adesões)'], ARRAY['Não priorizar as intervenções de infraestrutura (competência da SUOP/SUBSEGOP)', 'Não executar obras, reformas ou aquisições', 'Não consolidar demandas operacionais dos órgãos (competência da SUOP)'], ARRAY['Priorização clara das intervenções pela SUOP, com chancela da SUBSEGOP', 'Disponibilidade orçamentária para execução das demandas', 'Especificações técnicas das necessidades fornecidas pelos órgãos demandantes']);
INSERT INTO ficha_setores (ficha_id, setor_id, tipo_participacao)
VALUES ((SELECT id FROM fichas WHERE acao_estrategica_id = (SELECT id FROM acoes_estrategicas WHERE numero = '4.1.1') AND ordem = 2), (SELECT id FROM setores WHERE codigo = 'SUBSEGAD'), 'principal');
INSERT INTO fichas (acao_estrategica_id, ordem, titulo, setor_display, papel, justificativa,
    contribuicao_esperada, nao_escopo, dependencias_criticas)
VALUES ((SELECT id FROM acoes_estrategicas WHERE numero = '4.1.1'), 3, 'Órgãos Subordinados (Direções, Coordenações, REDECs e demais setores) — DEMANDANTES E USUÁRIOS',
    'Órgãos Subordinados (Direções, Coordenações, REDECs e demais setores)', 'DEMANDANTES E USUÁRIOS', 'Os órgãos subordinados são os usuários das instalações e, por isso, os primeiros a identificar precariedades, inadequações e necessidades de melhoria. Sua participação é essencial tanto na identificação das demandas quanto na validação das soluções adotadas. Sem esse insumo, as intervenções correm o risco de não atender às necessidades reais de quem opera nas instalações.',
    ARRAY['Identificar e reportar à SUOP as necessidades de infraestrutura do setor, com descrição do impacto operacional', 'Fornecer especificações técnicas sobre as necessidades específicas do setor (espaço, equipamentos fixos, condições de armazenamento)', 'Validar a adequação das soluções executadas à rotina operacional do setor', 'Zelar pela conservação e manutenção preventiva das instalações sob sua responsabilidade'], ARRAY['Não executar obras ou reformas por conta própria sem submissão ao fluxo institucional', 'Não contratar serviços de infraestrutura diretamente (observar o fluxo institucional)', 'Não priorizar suas demandas acima das demais sem submissão à priorização institucional da SUOP'], ARRAY['Canal claro para reportar necessidades de infraestrutura (definido pela SUOP)', 'Retorno sobre a priorização das demandas (o setor deve saber se sua necessidade foi incorporada, quando será atendida ou por que foi postergada)', 'Intervenções executadas com qualidade e dentro do prazo']);
INSERT INTO ficha_setores (ficha_id, setor_id, tipo_participacao)
VALUES ((SELECT id FROM fichas WHERE acao_estrategica_id = (SELECT id FROM acoes_estrategicas WHERE numero = '4.1.1') AND ordem = 3), (SELECT id FROM setores WHERE codigo = 'ORGAOS_SUBORDINADOS'), 'principal');
INSERT INTO ficha_setores (ficha_id, setor_id, tipo_participacao)
VALUES ((SELECT id FROM fichas WHERE acao_estrategica_id = (SELECT id FROM acoes_estrategicas WHERE numero = '4.1.1') AND ordem = 3), (SELECT id FROM setores WHERE codigo = 'REDECS'), 'participante');
INSERT INTO fundamentacoes (acao_estrategica_id, introducao, conclusao)
VALUES ((SELECT id FROM acoes_estrategicas WHERE numero = '4.1.1'), 'A precariedade da infraestrutura física gera três efeitos operacionais:', 'Esta ação enfrenta esses efeitos ao instituir um fluxo estruturado de demanda, priorização e execução que conecta quem usa (Órgãos Subordinados), quem prioriza (SUOP) e quem apoia administrativamente (SUBSEGAD), substituindo a lógica reativa por planejamento.');
INSERT INTO fundamentacao_itens (fundamentacao_id, ordem, conteudo)
VALUES ((SELECT id FROM fundamentacoes WHERE acao_estrategica_id = (SELECT id FROM acoes_estrategicas WHERE numero = '4.1.1')), 1, '1. Perda de produtividade e qualidade de vida no trabalho: Instalações inadequadas (espaço insuficiente, falta de ergonomia, problemas de salubridade) afetam diretamente a capacidade de trabalho das equipes. O impacto não é apenas físico: ambientes precários corroem a motivação e reforçam a percepção de desvalorização institucional.');
INSERT INTO fundamentacao_itens (fundamentacao_id, ordem, conteudo)
VALUES ((SELECT id FROM fundamentacoes WHERE acao_estrategica_id = (SELECT id FROM acoes_estrategicas WHERE numero = '4.1.1')), 2, '2. Limitação da capacidade operacional: A ausência de espaços adequados impede a realização de atividades que a estratégia prevê: salas para oficinas de mapeamento de processos, espaços para capacitações presenciais, condições de armazenamento para equipamentos operacionais. A infraestrutura precária se torna gargalo para ações de outras AEs.');
INSERT INTO fundamentacao_itens (fundamentacao_id, ordem, conteudo)
VALUES ((SELECT id FROM fundamentacoes WHERE acao_estrategica_id = (SELECT id FROM acoes_estrategicas WHERE numero = '4.1.1')), 3, '3. Intervenções reativas e fragmentadas: Sem um processo estruturado de identificação, priorização e execução, as melhorias de infraestrutura acontecem apenas quando a precariedade atinge nível crítico, em caráter emergencial, com custo mais alto e menor qualidade.');

-- AE 4.3.1
INSERT INTO acoes_estrategicas (numero, nome, eixo_prioritario_id, objetivo_estrategico_id, estrategia_id,
    acoes_conectadas, descricao_oficial_completa, descricao_o_que, descricao_para_que, ancoragem,
    nota_arranjo_institucional, versao, data_elaboracao, elaboracao, proxima_fase)
VALUES ('4.3.1', 'Melhorar sistemas tecnológicos necessários à produtividade da defesa civil estadual', (SELECT id FROM eixos_prioritarios WHERE codigo = 'EIXO_1'), (SELECT id FROM objetivos_estrategicos WHERE codigo = 'OE4'), (SELECT id FROM estrategias WHERE codigo = 'E4.3'),
    'AE 4.1.1 (Infraestrutura física) | AE 4.2.1 (Recursos materiais) | AE 4.4.1 (Serviços contratados)',
    'Modernização e aquisição de ativos tecnológicos e soluções de software, abrangendo desde ferramentas de produtividade corporativa transversal até sistemas técnicos para setores especializados (O QUÊ), visando automatizar rotinas, eliminar gargalos operacionais e elevar a eficiência e a capacidade de entrega das equipes (PARA QUÊ).',
    'Modernização e aquisição de ativos tecnológicos e soluções de software, abrangendo desde ferramentas de produtividade corporativa transversal até sistemas técnicos para setores especializados.',
    'Automatizar rotinas, eliminar gargalos operacionais e elevar a eficiência e a capacidade de entrega das equipes.',
    'Os sistemas tecnológicos são a infraestrutura digital que suporta a execução das atividades da Secretaria. O Plano Estratégico 2024–2035 posiciona esta ação na Estratégia E4.3, com duas frentes: otimizar os sistemas de informação existentes e prover soluções para desenvolvimento e modernização da rede tecnológica. A ação abrange desde ferramentas de produtividade corporativa transversal até sistemas técnicos especializados. A ação é complementar às demais AEs do OE 4, que tratam respectivamente de infraestrutura física (AE 4.1.1), recursos materiais (AE 4.2.1) e serviços contratados (AE 4.4.1).',
    NULL,
    '1.0',
    '2026-02-14',
    'ICTDEC/DAEAD',
    'Fase 2 — Desdobramento Orientado (definição de entregas por setor)');
INSERT INTO destaques_estrategicos (acao_estrategica_id, titulo, header_contexto)
VALUES ((SELECT id FROM acoes_estrategicas WHERE numero = '4.3.1'), 'Automação Orientada por Processo', 'CONTEXTO — Tecnologia a Serviço do Processo, Não o Contrário');
INSERT INTO destaque_linhas (destaque_id, ordem, tipo, label, conteudo)
VALUES ((SELECT id FROM destaques_estrategicos WHERE acao_estrategica_id = (SELECT id FROM acoes_estrategicas WHERE numero = '4.3.1')), 1, 'label_conteudo', 'Princípio', 'A automação só deve ocorrer após o processo estar compreendido e estável. Automatizar um processo confuso ou mal definido apenas faz o erro acontecer mais rápido. Por isso, quando aplicável, os mapeamentos de processos (AE 2.1.6) orientam o desenho das soluções tecnológicas — mas a liderança de cada projeto de automação é do setor dono do processo, não do ICTDEC.');
INSERT INTO destaque_linhas (destaque_id, ordem, tipo, label, conteudo)
VALUES ((SELECT id FROM destaques_estrategicos WHERE acao_estrategica_id = (SELECT id FROM acoes_estrategicas WHERE numero = '4.3.1')), 2, 'label_conteudo', 'Duas frentes', 'Ferramentas transversais: soluções de produtividade corporativa que atendem a múltiplos órgãos (comunicação, gestão de tarefas, colaboração). A SUOP coordena a priorização e padronização.
Sistemas especializados: soluções técnicas voltadas a setores específicos (monitoramento, análise de dados, alerta). A demanda parte do setor que opera o sistema, com coordenação da SUOP.');
INSERT INTO destaque_linhas (destaque_id, ordem, tipo, label, conteudo)
VALUES ((SELECT id FROM destaques_estrategicos WHERE acao_estrategica_id = (SELECT id FROM acoes_estrategicas WHERE numero = '4.3.1')), 3, 'label_conteudo', 'Contexto atual', 'A Secretaria opera com carência de recursos e baixa maturidade tecnológica institucional. A estratégia atual prioriza soluções gratuitas adaptadas ao estágio de maturidade corrente, com evolução gradual conforme a capacidade orçamentária e a consolidação dos processos.');
INSERT INTO panoramico_linhas (acao_estrategica_id, ordem, setor_display, papel, sintese_contribuicao, nao_faz)
VALUES ((SELECT id FROM acoes_estrategicas WHERE numero = '4.3.1'), 1, 'SUOP (sob aval da SUBSEGOP)', 'Líder Coordenador', 'Consolida demandas; prioriza investimentos tecnológicos; coordena padronização de ferramentas transversais', 'Não especifica soluções técnicas; não implanta sistemas');
INSERT INTO panoramico_setores (panoramico_linha_id, setor_id, tipo_participacao)
VALUES ((SELECT id FROM panoramico_linhas WHERE acao_estrategica_id = (SELECT id FROM acoes_estrategicas WHERE numero = '4.3.1') AND ordem = 1), (SELECT id FROM setores WHERE codigo = 'SUOP'), 'principal');
INSERT INTO panoramico_setores (panoramico_linha_id, setor_id, tipo_participacao)
VALUES ((SELECT id FROM panoramico_linhas WHERE acao_estrategica_id = (SELECT id FROM acoes_estrategicas WHERE numero = '4.3.1') AND ordem = 1), (SELECT id FROM setores WHERE codigo = 'SUBSEGOP'), 'aval');
INSERT INTO panoramico_linhas (acao_estrategica_id, ordem, setor_display, papel, sintese_contribuicao, nao_faz)
VALUES ((SELECT id FROM acoes_estrategicas WHERE numero = '4.3.1'), 2, 'ICTDEC', 'Coexecutor para Sistemas de Gestão e Governança', 'Especifica requisitos de sistemas ligados à gestão e governança; valida aderência às metodologias institucionais', 'Não lidera contratação; não especifica sistemas operacionais ou técnicos');
INSERT INTO panoramico_setores (panoramico_linha_id, setor_id, tipo_participacao)
VALUES ((SELECT id FROM panoramico_linhas WHERE acao_estrategica_id = (SELECT id FROM acoes_estrategicas WHERE numero = '4.3.1') AND ordem = 2), (SELECT id FROM setores WHERE codigo = 'ICTDEC'), 'principal');
INSERT INTO panoramico_linhas (acao_estrategica_id, ordem, setor_display, papel, sintese_contribuicao, nao_faz)
VALUES ((SELECT id FROM acoes_estrategicas WHERE numero = '4.3.1'), 3, 'Órgãos Subordinados', 'Demandantes, Usuários e Líderes de Automação Setorial', 'Identificam necessidades; especificam requisitos; lideram projetos de automação dos seus processos', 'Não adquirem sistemas sem coordenação da SUOP; não automatizam processos não compreendidos');
INSERT INTO panoramico_setores (panoramico_linha_id, setor_id, tipo_participacao)
VALUES ((SELECT id FROM panoramico_linhas WHERE acao_estrategica_id = (SELECT id FROM acoes_estrategicas WHERE numero = '4.3.1') AND ordem = 3), (SELECT id FROM setores WHERE codigo = 'ÓRGÃOS_SUBORDINADOS'), 'principal');
INSERT INTO fichas (acao_estrategica_id, ordem, titulo, setor_display, papel, justificativa,
    contribuicao_esperada, nao_escopo, dependencias_criticas)
VALUES ((SELECT id FROM acoes_estrategicas WHERE numero = '4.3.1'), 1, 'SUOP (sob aval da SUBSEGOP) — LÍDER COORDENADOR',
    'SUOP (sob aval da SUBSEGOP)', 'LÍDER COORDENADOR', 'Os investimentos em tecnologia tendem a ser fragmentados quando cada órgão busca soluções isoladas: geram-se sistemas que não se comunicam, ferramentas redundantes e desperdício de recursos. A SUOP coordena a priorização dos investimentos, assegura a padronização das ferramentas transversais e articula com a SUBSEGOP a viabilização orçamentária. A liderança dos projetos de automação setorial permanece com o órgão dono do processo.',
    ARRAY['Consolidar as demandas tecnológicas dos órgãos subordinados', 'Priorizar os investimentos tecnológicos conforme o impacto operacional e o alinhamento estratégico', 'Coordenar a padronização de ferramentas de produtividade transversais (comunicação, gestão de tarefas, colaboração)', 'Articular com a SUBSEGOP a viabilização orçamentária dos investimentos priorizados', 'Monitorar a implantação das soluções e reportar à SUBSEGOP o andamento'], ARRAY['Não especificar tecnicamente as soluções (competência do órgão demandante ou de suporte técnico)', 'Não implantar ou operar sistemas diretamente', 'Não liderar projetos de automação setorial (competência do órgão dono do processo)'], ARRAY['Informações fidedignas dos órgãos sobre necessidades tecnológicas e impacto operacional', 'Disponibilidade orçamentária para os investimentos priorizados', 'Apoio administrativo da SUBSEGAD na tramitação de aquisições e contratações', 'Processos mapeados (AE 2.1.6), quando disponíveis, para orientar soluções de automação com base em necessidades reais']);
INSERT INTO ficha_setores (ficha_id, setor_id, tipo_participacao)
VALUES ((SELECT id FROM fichas WHERE acao_estrategica_id = (SELECT id FROM acoes_estrategicas WHERE numero = '4.3.1') AND ordem = 1), (SELECT id FROM setores WHERE codigo = 'SUOP'), 'principal');
INSERT INTO ficha_setores (ficha_id, setor_id, tipo_participacao)
VALUES ((SELECT id FROM fichas WHERE acao_estrategica_id = (SELECT id FROM acoes_estrategicas WHERE numero = '4.3.1') AND ordem = 1), (SELECT id FROM setores WHERE codigo = 'SUBSEGOP'), 'aval');
INSERT INTO fichas (acao_estrategica_id, ordem, titulo, setor_display, papel, justificativa,
    contribuicao_esperada, nao_escopo, dependencias_criticas)
VALUES ((SELECT id FROM acoes_estrategicas WHERE numero = '4.3.1'), 2, 'ICTDEC — COEXECUTOR PARA SISTEMAS DE GESTÃO E GOVERNANÇA',
    'ICTDEC', 'COEXECUTOR PARA SISTEMAS DE GESTÃO E GOVERNANÇA', 'O ICTDEC é o órgão responsável pelas metodologias de gestão e governança da Secretaria (gestão estratégica, projetos, processos, indicadores, competências). Quando a contratação de um sistema tecnológico incide sobre essas áreas, o ICTDEC deve participar da especificação de requisitos e validar a aderência da solução às metodologias institucionais. Sem essa participação, há risco de que a ferramenta imponha uma lógica de gestão diferente da adotada pela instituição — a ferramenta deve servir à metodologia, não o contrário. Esta participação não se aplica a sistemas técnicos ou operacionais especializados (monitoramento, alerta, comunicação operacional), cuja especificação é de responsabilidade do setor dono do processo.',
    ARRAY['Participar da especificação de requisitos de sistemas ligados à gestão e governança (gestão estratégica, projetos, processos, indicadores, competências)', 'Validar a aderência das soluções tecnológicas às metodologias institucionais vigentes', 'Apoiar a SUOP na avaliação técnica de soluções de mercado para áreas de gestão', 'Sinalizar quando uma demanda tecnológica depende de maturidade metodológica que ainda não foi alcançada (evitar contratação prematura)'], ARRAY['Não liderar a contratação de sistemas (competência da SUOP)', 'Não especificar sistemas técnicos ou operacionais especializados (competência do setor dono do processo)', 'Não operar ou administrar sistemas contratados (competência do órgão usuário)'], ARRAY['Coordenação da SUOP para inclusão do ICTDEC no processo de especificação quando a demanda envolver gestão e governança', 'Metodologias institucionais definidas e documentadas (AEs 2.1.1, 2.1.2, 2.1.6, 2.1.7) como referência para validação']);
INSERT INTO ficha_setores (ficha_id, setor_id, tipo_participacao)
VALUES ((SELECT id FROM fichas WHERE acao_estrategica_id = (SELECT id FROM acoes_estrategicas WHERE numero = '4.3.1') AND ordem = 2), (SELECT id FROM setores WHERE codigo = 'ICTDEC'), 'principal');
INSERT INTO fichas (acao_estrategica_id, ordem, titulo, setor_display, papel, justificativa,
    contribuicao_esperada, nao_escopo, dependencias_criticas)
VALUES ((SELECT id FROM acoes_estrategicas WHERE numero = '4.3.1'), 3, 'Órgãos Subordinados (Direções, Coordenações, REDECs e demais setores) — DEMANDANTES, USUÁRIOS E LÍDERES DE AUTOMAÇÃO SETORIAL',
    'Órgãos Subordinados (Direções, Coordenações, REDECs e demais setores)', 'DEMANDANTES, USUÁRIOS E LÍDERES DE AUTOMAÇÃO SETORIAL', 'Os órgãos subordinados têm triplo papel nesta ação. Como demandantes, identificam as necessidades tecnológicas e especificam os requisitos das soluções. Como usuários, operam os sistemas implantados e reportam necessidades de ajuste. Como líderes de automação setorial, conduzem os projetos de automação dos seus próprios processos, pois são os donos dos processos e quem melhor conhece os gargalos a serem resolvidos.',
    ARRAY['Identificar e reportar à SUOP as necessidades tecnológicas do setor, descrevendo o impacto operacional e os gargalos que a solução resolveria', 'Especificar os requisitos técnicos e funcionais das soluções demandadas', 'Liderar os projetos de automação dos processos sob sua responsabilidade, com coordenação da SUOP', 'Operar e manter os sistemas implantados no setor', 'Reportar necessidades de ajuste, atualização ou substituição de sistemas em uso', 'Capacitar o efetivo do setor na utilização das ferramentas adotadas'], ARRAY['Não adquirir sistemas ou ferramentas sem coordenação e priorização da SUOP', 'Não automatizar processos que não estejam compreendidos e estáveis (automatizar processo confuso só faz o erro acontecer mais rápido)', 'Não criar soluções tecnológicas paralelas que fragmentem a infraestrutura digital da Secretaria'], ARRAY['Priorização clara dos investimentos tecnológicos pela SUOP', 'Disponibilidade orçamentária para aquisição ou contratação das soluções', 'Suporte técnico para implantação e manutenção dos sistemas', 'Processos mapeados (AE 2.1.6), quando disponíveis, como base para especificação de soluções de automação', 'Retorno da SUOP sobre a priorização das demandas (o setor deve saber o status da sua solicitação)']);
INSERT INTO ficha_setores (ficha_id, setor_id, tipo_participacao)
VALUES ((SELECT id FROM fichas WHERE acao_estrategica_id = (SELECT id FROM acoes_estrategicas WHERE numero = '4.3.1') AND ordem = 3), (SELECT id FROM setores WHERE codigo = 'ORGAOS_SUBORDINADOS'), 'principal');
INSERT INTO ficha_setores (ficha_id, setor_id, tipo_participacao)
VALUES ((SELECT id FROM fichas WHERE acao_estrategica_id = (SELECT id FROM acoes_estrategicas WHERE numero = '4.3.1') AND ordem = 3), (SELECT id FROM setores WHERE codigo = 'REDECS'), 'participante');
INSERT INTO fundamentacoes (acao_estrategica_id, introducao, conclusao)
VALUES ((SELECT id FROM acoes_estrategicas WHERE numero = '4.3.1'), 'A deficiência em sistemas tecnológicos gera três efeitos operacionais:', 'Esta ação enfrenta esses efeitos ao instituir um fluxo estruturado de demanda, priorização e coordenação que evita a fragmentação, um princípio de automação orientada por processo que evita investimento em soluções para problemas mal definidos, e a liderança setorial dos projetos de automação que garante que quem conhece o problema conduza a solução.');
INSERT INTO fundamentacao_itens (fundamentacao_id, ordem, conteudo)
VALUES ((SELECT id FROM fundamentacoes WHERE acao_estrategica_id = (SELECT id FROM acoes_estrategicas WHERE numero = '4.3.1')), 1, '1. Controles manuais excessivos e retrabalho: Sem ferramentas adequadas, as equipes dependem de planilhas manuais, controles paralelos e trocas informais de informação. Isso gera retrabalho, erros de consolidação e perda de tempo em atividades que poderiam ser automatizadas ou simplificadas.');
INSERT INTO fundamentacao_itens (fundamentacao_id, ordem, conteudo)
VALUES ((SELECT id FROM fundamentacoes WHERE acao_estrategica_id = (SELECT id FROM acoes_estrategicas WHERE numero = '4.3.1')), 2, '2. Fragmentação da infraestrutura digital: Quando cada órgão adota soluções por conta própria, sem padronização, geram-se sistemas que não se comunicam, dados duplicados e dificuldade de consolidação de informações para a gestão.');
INSERT INTO fundamentacao_itens (fundamentacao_id, ordem, conteudo)
VALUES ((SELECT id FROM fundamentacoes WHERE acao_estrategica_id = (SELECT id FROM acoes_estrategicas WHERE numero = '4.3.1')), 3, '3. Gargalos de capacidade que limitam a estratégia: A ausência de sistemas adequados impede que ações de outras AEs atinjam pleno potencial: indicadores sem sistema de coleta automatizada, processos mapeados sem plataforma de registro, capacitações sem plataforma EAD. A deficiência tecnológica se torna gargalo transversal.');

-- AE 4.4.1
INSERT INTO acoes_estrategicas (numero, nome, eixo_prioritario_id, objetivo_estrategico_id, estrategia_id,
    acoes_conectadas, descricao_oficial_completa, descricao_o_que, descricao_para_que, ancoragem,
    nota_arranjo_institucional, versao, data_elaboracao, elaboracao, proxima_fase)
VALUES ('4.4.1', 'Aprimorar rede de serviços contratados necessários à produtividade da defesa civil estadual', (SELECT id FROM eixos_prioritarios WHERE codigo = 'EIXO_1'), (SELECT id FROM objetivos_estrategicos WHERE codigo = 'OE4'), (SELECT id FROM estrategias WHERE codigo = 'E4.4'),
    'AE 4.1.1 (Infraestrutura física) | AE 4.2.1 (Recursos materiais) | AE 4.3.1 (Sistemas tecnológicos)',
    'Otimização e gestão estratégica do portfólio de contratos de serviços continuados e sob demanda (O QUÊ), visando garantir a sustentabilidade das rotinas administrativas e a prontidão operacional, assegurando que a estrutura de apoio suporte plenamente a missão institucional tanto em tempos de normalidade quanto em crises (PARA QUÊ).',
    'Otimização e gestão estratégica do portfólio de contratos de serviços continuados e sob demanda.',
    'Garantir a sustentabilidade das rotinas administrativas e a prontidão operacional, assegurando que a estrutura de apoio suporte plenamente a missão institucional tanto em tempos de normalidade quanto em crises.',
    'Os serviços contratados sustentam a rotina administrativa e operacional da Secretaria — desde serviços de apoio logístico até contratações especializadas sob demanda. O Plano Estratégico 2024–2035 posiciona esta ação na Estratégia E4.4, com duas frentes: aperfeiçoar os contratos vigentes para melhor atender às necessidades da defesa civil e adequar as novas contratações às demandas atuais. O OE 4 destaca como fatores críticos de sucesso a celeridade e a qualidade técnica na instrução dos processos de contratação. A ação é complementar às demais AEs do OE 4, que tratam respectivamente de infraestrutura física (AE 4.1.1), recursos materiais (AE 4.2.1) e sistemas tecnológicos (AE 4.3.1).',
    NULL,
    '1.0',
    '2026-02-14',
    'ICTDEC/DAEAD',
    'Fase 2 — Desdobramento Orientado (definição de entregas por setor)');
INSERT INTO panoramico_linhas (acao_estrategica_id, ordem, setor_display, papel, sintese_contribuicao, nao_faz)
VALUES ((SELECT id FROM acoes_estrategicas WHERE numero = '4.4.1'), 1, 'SUOP (sob aval da SUBSEGOP)', 'Líder Coordenador', 'Consolida demandas; prioriza contratações; monitora aderência dos contratos às necessidades operacionais', 'Não instrui processos administrativos; não gere contratos');
INSERT INTO panoramico_setores (panoramico_linha_id, setor_id, tipo_participacao)
VALUES ((SELECT id FROM panoramico_linhas WHERE acao_estrategica_id = (SELECT id FROM acoes_estrategicas WHERE numero = '4.4.1') AND ordem = 1), (SELECT id FROM setores WHERE codigo = 'SUOP'), 'principal');
INSERT INTO panoramico_setores (panoramico_linha_id, setor_id, tipo_participacao)
VALUES ((SELECT id FROM panoramico_linhas WHERE acao_estrategica_id = (SELECT id FROM acoes_estrategicas WHERE numero = '4.4.1') AND ordem = 1), (SELECT id FROM setores WHERE codigo = 'SUBSEGOP'), 'aval');
INSERT INTO panoramico_linhas (acao_estrategica_id, ordem, setor_display, papel, sintese_contribuicao, nao_faz)
VALUES ((SELECT id FROM acoes_estrategicas WHERE numero = '4.4.1'), 2, 'SUBSEGAD', 'Apoio Administrativo', 'Apoia tramitação; fornece informações sobre viabilidade orçamentária e vigência contratual', 'Não prioriza contratações; não consolida demandas operacionais');
INSERT INTO panoramico_setores (panoramico_linha_id, setor_id, tipo_participacao)
VALUES ((SELECT id FROM panoramico_linhas WHERE acao_estrategica_id = (SELECT id FROM acoes_estrategicas WHERE numero = '4.4.1') AND ordem = 2), (SELECT id FROM setores WHERE codigo = 'SUBSEGAD'), 'principal');
INSERT INTO panoramico_linhas (acao_estrategica_id, ordem, setor_display, papel, sintese_contribuicao, nao_faz)
VALUES ((SELECT id FROM acoes_estrategicas WHERE numero = '4.4.1'), 3, 'Órgãos Subordinados', 'Demandantes, Fiscais e Usuários', 'Identificam necessidades; fiscalizam execução contratual; reportam inadequações', 'Não contratam por fora do fluxo institucional; não alteram escopo contratual');
INSERT INTO panoramico_setores (panoramico_linha_id, setor_id, tipo_participacao)
VALUES ((SELECT id FROM panoramico_linhas WHERE acao_estrategica_id = (SELECT id FROM acoes_estrategicas WHERE numero = '4.4.1') AND ordem = 3), (SELECT id FROM setores WHERE codigo = 'ÓRGÃOS_SUBORDINADOS'), 'principal');
INSERT INTO fichas (acao_estrategica_id, ordem, titulo, setor_display, papel, justificativa,
    contribuicao_esperada, nao_escopo, dependencias_criticas)
VALUES ((SELECT id FROM acoes_estrategicas WHERE numero = '4.4.1'), 1, 'SUOP (sob aval da SUBSEGOP) — LÍDER COORDENADOR',
    'SUOP (sob aval da SUBSEGOP)', 'LÍDER COORDENADOR', 'Os contratos de serviços devem refletir as necessidades reais da operação, o que exige um olhar transversal sobre as demandas dos órgãos. A SUOP consolida essas demandas, prioriza as contratações conforme o impacto operacional e monitora se os contratos vigentes continuam aderentes às necessidades da Secretaria. Sem essa coordenação, os contratos tendem a se renovar automaticamente sem revisão crítica, perpetuando serviços que já não correspondem às demandas atuais.',
    ARRAY['Consolidar as demandas de serviços contratados dos órgãos subordinados', 'Priorizar as contratações e renovações conforme o impacto operacional e o alinhamento estratégico', 'Avaliar periodicamente a aderência dos contratos vigentes às necessidades operacionais, propondo ajustes ou substituições', 'Articular com a SUBSEGOP a viabilização orçamentária das contratações priorizadas', 'Monitorar o desempenho dos serviços contratados com base nas informações dos órgãos usuários'], ARRAY['Não instruir processos administrativos de contratação', 'Não gerir contratos administrativamente', 'Não aprovar investimentos novos (prerrogativa da SUBSEGOP/Alta Gestão)'], ARRAY['Informações fidedignas dos órgãos subordinados sobre necessidades e desempenho dos serviços contratados', 'Apoio administrativo da SUBSEGAD na tramitação e nas informações sobre vigência contratual', 'Disponibilidade orçamentária para as contratações priorizadas']);
INSERT INTO ficha_setores (ficha_id, setor_id, tipo_participacao)
VALUES ((SELECT id FROM fichas WHERE acao_estrategica_id = (SELECT id FROM acoes_estrategicas WHERE numero = '4.4.1') AND ordem = 1), (SELECT id FROM setores WHERE codigo = 'SUOP'), 'principal');
INSERT INTO ficha_setores (ficha_id, setor_id, tipo_participacao)
VALUES ((SELECT id FROM fichas WHERE acao_estrategica_id = (SELECT id FROM acoes_estrategicas WHERE numero = '4.4.1') AND ordem = 1), (SELECT id FROM setores WHERE codigo = 'SUBSEGOP'), 'aval');
INSERT INTO fichas (acao_estrategica_id, ordem, titulo, setor_display, papel, justificativa,
    contribuicao_esperada, nao_escopo, dependencias_criticas)
VALUES ((SELECT id FROM acoes_estrategicas WHERE numero = '4.4.1'), 2, 'SUBSEGAD — APOIO ADMINISTRATIVO',
    'SUBSEGAD', 'APOIO ADMINISTRATIVO', 'A SUBSEGAD apoia a tramitação administrativa dos processos de contratação, fornecendo informações sobre viabilidade orçamentária, vigência dos contratos vigentes e instrumentos administrativos disponíveis. A SUBSEGAD não define prioridades de contratação (prerrogativa da SUOP/SUBSEGOP).',
    ARRAY['Apoiar a instrução e tramitação administrativa dos processos de contratação e renovação', 'Fornecer à SUOP informações sobre vigência contratual, prazos de renovação e viabilidade orçamentária', 'Apoiar na identificação de instrumentos administrativos adequados (contratos, adesões, atas de registro de preços)'], ARRAY['Não priorizar contratações (competência da SUOP/SUBSEGOP)', 'Não consolidar demandas operacionais dos órgãos (competência da SUOP)', 'Não fiscalizar a execução dos serviços contratados (competência do órgão fiscal designado)'], ARRAY['Priorização clara das contratações pela SUOP, com chancela da SUBSEGOP', 'Disponibilidade orçamentária', 'Especificações técnicas das necessidades fornecidas pelos órgãos demandantes']);
INSERT INTO ficha_setores (ficha_id, setor_id, tipo_participacao)
VALUES ((SELECT id FROM fichas WHERE acao_estrategica_id = (SELECT id FROM acoes_estrategicas WHERE numero = '4.4.1') AND ordem = 2), (SELECT id FROM setores WHERE codigo = 'SUBSEGAD'), 'principal');
INSERT INTO fichas (acao_estrategica_id, ordem, titulo, setor_display, papel, justificativa,
    contribuicao_esperada, nao_escopo, dependencias_criticas)
VALUES ((SELECT id FROM acoes_estrategicas WHERE numero = '4.4.1'), 3, 'Órgãos Subordinados (Direções, Coordenações, REDECs e demais setores) — DEMANDANTES, FISCAIS E USUÁRIOS',
    'Órgãos Subordinados (Direções, Coordenações, REDECs e demais setores)', 'DEMANDANTES, FISCAIS E USUÁRIOS', 'Os órgãos subordinados são os usuários finais dos serviços contratados e, por isso, são quem melhor percebe a aderência (ou não) dos contratos às necessidades reais. Desempenham também o papel de fiscais da execução contratual, quando designados, assegurando que os serviços prestados correspondam ao contratado.',
    ARRAY['Identificar e reportar à SUOP as necessidades de serviços contratados, descrevendo o impacto operacional', 'Reportar inadequações, lacunas ou excessós nos contratos vigentes, subsidiando a revisão periódica conduzida pela SUOP', 'Fiscalizar a execução dos serviços contratados, quando designados como fiscal do contrato', 'Fornecer especificações técnicas para novas contratações ou adequações de contratos existentes'], ARRAY['Não contratar serviços por fora do fluxo institucional', 'Não alterar escopo contratual sem submissão ao processo formal', 'Não renovar contratos automaticamente sem avaliação crítica da aderência às necessidades atuais'], ARRAY['Canal claro para reportar necessidades e inadequações de serviços contratados (definido pela SUOP)', 'Retorno sobre a priorização das demandas (o setor deve saber o status da sua solicitação)', 'Apoio para o exercício da fiscalização contratual (orientação, instrumentos, canal de escalonamento)', 'Serviços contratados com qualidade e prazo compatíveis com a necessidade operacional']);
INSERT INTO ficha_setores (ficha_id, setor_id, tipo_participacao)
VALUES ((SELECT id FROM fichas WHERE acao_estrategica_id = (SELECT id FROM acoes_estrategicas WHERE numero = '4.4.1') AND ordem = 3), (SELECT id FROM setores WHERE codigo = 'ORGAOS_SUBORDINADOS'), 'principal');
INSERT INTO ficha_setores (ficha_id, setor_id, tipo_participacao)
VALUES ((SELECT id FROM fichas WHERE acao_estrategica_id = (SELECT id FROM acoes_estrategicas WHERE numero = '4.4.1') AND ordem = 3), (SELECT id FROM setores WHERE codigo = 'REDECS'), 'participante');
INSERT INTO fundamentacoes (acao_estrategica_id, introducao, conclusao)
VALUES ((SELECT id FROM acoes_estrategicas WHERE numero = '4.4.1'), 'A gestão deficiente da rede de serviços contratados gera três efeitos operacionais:', 'Esta ação enfrenta esses efeitos ao instituir um fluxo de revisão periódica dos contratos vigentes (aderência), uma priorização estratégica das contratações (alinhamento) e o fortalecimento da fiscalização contratual pelos órgãos usuários (qualidade da execução).');
INSERT INTO fundamentacao_itens (fundamentacao_id, ordem, conteudo)
VALUES ((SELECT id FROM fundamentacoes WHERE acao_estrategica_id = (SELECT id FROM acoes_estrategicas WHERE numero = '4.4.1')), 1, '1. Contratos desalinhados com a necessidade real: Quando os contratos são renovados sem revisão crítica, perpetuam-se serviços que não correspondem mais às demandas atuais. A Secretaria paga por serviços subutilizados enquanto áreas críticas permanecem desassistidas.');
INSERT INTO fundamentacao_itens (fundamentacao_id, ordem, conteudo)
VALUES ((SELECT id FROM fundamentacoes WHERE acao_estrategica_id = (SELECT id FROM acoes_estrategicas WHERE numero = '4.4.1')), 2, '2. Fragilidade na prontidão operacional: A defesa civil opera em dois regimes — normalidade e crise. Contratos que atendem apenas à rotina administrativa podem ser insuficientes nos picos de demanda gerados por desastres. Sem planejamento estratégico do portfólio, a Secretaria fica vulnerável nos momentos de maior exigência.');
INSERT INTO fundamentacao_itens (fundamentacao_id, ordem, conteudo)
VALUES ((SELECT id FROM fundamentacoes WHERE acao_estrategica_id = (SELECT id FROM acoes_estrategicas WHERE numero = '4.4.1')), 3, '3. Lentidão e baixa qualidade na instrução: Processos de contratação mal instruídos geram atrasos, impugnações e contratos com especificações insuficientes. O resultado é um ciclo de retrabalho que consome tempo administrativo e compromete a qualidade do serviço prestado.');

-- AE 6.1.3
INSERT INTO acoes_estrategicas (numero, nome, eixo_prioritario_id, objetivo_estrategico_id, estrategia_id,
    acoes_conectadas, descricao_oficial_completa, descricao_o_que, descricao_para_que, ancoragem,
    nota_arranjo_institucional, versao, data_elaboracao, elaboracao, proxima_fase)
VALUES ('6.1.3', 'Implantar parcerias para implementação de projetos de pesquisa e extensão técnico-científica (Estrutura SEDEC e COMDECs)', (SELECT id FROM eixos_prioritarios WHERE codigo = 'EIXO_3'), (SELECT id FROM objetivos_estrategicos WHERE codigo = 'OE6'), (SELECT id FROM estrategias WHERE codigo = 'E6.1'),
    'AE 6.1.1 (Ecossistema colaborativo) | AE 6.1.4 (Extensão acadêmica) | AE 6.1.6 (Redes de pesquisa) | AE 1.1.3 (Fontes de recursos)',
    'Promoção da integração técnica e do alinhamento entre a SEDEC e as Defesas Civis Municipais (COMDECs) para o desenvolvimento colaborativo de iniciativas de ciência e extensão (O QUÊ), visando solucionar gargalos operacionais específicos das pontas, promover o intercâmbio de saberes e fortalecer a coesão do Sistema Estadual através de uma rede de conhecimento aplicado (PARA QUÊ).',
    'Promoção da integração técnica e do alinhamento entre a SEDEC e as Defesas Civis Municipais (COMDECs) para o desenvolvimento colaborativo de iniciativas de ciência e extensão.',
    'Solucionar gargalos operacionais específicos das pontas, promover o intercâmbio de saberes e fortalecer a coesão do Sistema Estadual através de uma rede de conhecimento aplicado.',
    'A produção de conhecimento aplicado é uma das missões centrais do ICTDEC e condição para que a Defesa Civil evolua de uma atuação baseada em empirismo para uma prática fundamentada em ciência. O Plano Estratégico 2024–2035 posiciona esta ação na Estratégia E6.1 (Estruturação da atividade de C&T), com foco específico na integração entre a SEDEC e as Defesas Civis Municipais (COMDECs) para o desenvolvimento colaborativo de pesquisa e extensão. A iniciativa indicada é a disseminação de informação técnico-científica para pesquisadores da estrutura SEDEC e do SIEPDEC. A ação se articula com a AE 6.1.1 (ecossistema colaborativo com IES e ICTs), a AE 6.1.4 (extensão acadêmica), a AE 6.1.6 (redes de pesquisa) e a AE 1.1.3 (fontes de recursos), pois parcerias de pesquisa são também vetor de captação de recursos via editais de fomento.',
    NULL,
    '1.0',
    '2026-02-14',
    'ICTDEC/DAEAD',
    'Fase 2 — Desdobramento Orientado (definição de entregas por setor)');
INSERT INTO destaques_estrategicos (acao_estrategica_id, titulo, header_contexto)
VALUES ((SELECT id FROM acoes_estrategicas WHERE numero = '6.1.3'), 'Pesquisa Orientada por Problema Operacional', 'CONTEXTO — Ciência a Serviço da Operação');
INSERT INTO destaque_linhas (destaque_id, ordem, tipo, label, conteudo)
VALUES ((SELECT id FROM destaques_estrategicos WHERE acao_estrategica_id = (SELECT id FROM acoes_estrategicas WHERE numero = '6.1.3')), 1, 'label_conteudo', 'Princípio', 'As parcerias de pesquisa e extensão desta ação devem ser orientadas pelos gargalos operacionais reais da Secretaria e dos municípios — não por interesses acadêmicos desconectados da prática. O ICTDEC articula as parcerias e o CEPEDEC executa os projetos de pesquisa, assegurando que os produtos gerados tenham aplicabilidade direta nas atividades de proteção e defesa civil.');
INSERT INTO destaque_linhas (destaque_id, ordem, tipo, label, conteudo)
VALUES ((SELECT id FROM destaques_estrategicos WHERE acao_estrategica_id = (SELECT id FROM acoes_estrategicas WHERE numero = '6.1.3')), 2, 'label_conteudo', 'Ciclo de valor', '1. Identificar o problema: gargalos operacionais percebidos pela SUOP, pelos órgãos subordinados ou pelas COMDECs. As REDECs, como órgãos vocacionados para a interface com os municípios, são o canal natural de coleta dessas demandas.
2. Formalizar a parceria: o ICTDEC articula com IES, ICTs e parceiros externos a formalização de acordos de cooperação técnica, com aprovação da SUBSEGAD e parecer da ASSEJUR.
3. Executar a pesquisa: o CEPEDEC conduz os projetos de pesquisa, em articulação com os parceiros formalizados.
4. Transferir o conhecimento: os produtos da pesquisa são disseminados para a estrutura SEDEC e para o SIEPDEC, transformando-se em insumo para melhoria de práticas, protocolos e políticas.');
INSERT INTO destaque_linhas (destaque_id, ordem, tipo, label, conteudo)
VALUES ((SELECT id FROM destaques_estrategicos WHERE acao_estrategica_id = (SELECT id FROM acoes_estrategicas WHERE numero = '6.1.3')), 3, 'label_conteudo', 'Risco a evitar', 'Parcerias acadêmicas que geram produção científica desconectada da operação. Se a pesquisa não resolver problema real ou não gerar produto aplicável, o investimento institucional em parceria não se justifica. A orientação por problema operacional é o filtro de priorização.');
INSERT INTO panoramico_linhas (acao_estrategica_id, ordem, setor_display, papel, sintese_contribuicao, nao_faz)
VALUES ((SELECT id FROM acoes_estrategicas WHERE numero = '6.1.3'), 1, 'ICTDEC', 'Líder e Articulador', 'Formaliza parcerias; coordena portfólio de projetos; dissemina produtos da pesquisa', 'Não executa pesquisa diretamente; não define prioridades sem a SUOP');
INSERT INTO panoramico_setores (panoramico_linha_id, setor_id, tipo_participacao)
VALUES ((SELECT id FROM panoramico_linhas WHERE acao_estrategica_id = (SELECT id FROM acoes_estrategicas WHERE numero = '6.1.3') AND ordem = 1), (SELECT id FROM setores WHERE codigo = 'ICTDEC'), 'principal');
INSERT INTO panoramico_linhas (acao_estrategica_id, ordem, setor_display, papel, sintese_contribuicao, nao_faz)
VALUES ((SELECT id FROM acoes_estrategicas WHERE numero = '6.1.3'), 2, 'CEPEDEC', 'Executor de Pesquisa', 'Conduz projetos de pesquisa; produz conhecimento aplicado; articula com parceiros acadêmicos na execução', 'Não formaliza parcerias; não define linhas de pesquisa isoladamente');
INSERT INTO panoramico_setores (panoramico_linha_id, setor_id, tipo_participacao)
VALUES ((SELECT id FROM panoramico_linhas WHERE acao_estrategica_id = (SELECT id FROM acoes_estrategicas WHERE numero = '6.1.3') AND ordem = 2), (SELECT id FROM setores WHERE codigo = 'CEPEDEC'), 'principal');
INSERT INTO panoramico_linhas (acao_estrategica_id, ordem, setor_display, papel, sintese_contribuicao, nao_faz)
VALUES ((SELECT id FROM acoes_estrategicas WHERE numero = '6.1.3'), 3, 'SUOP (sob aval da SUBSEGOP)', 'Orientador Estratégico', 'Sinaliza gargalos operacionais; valida priorização dos projetos; articula demandas das COMDECs', 'Não formaliza parcerias; não executa pesquisa');
INSERT INTO panoramico_setores (panoramico_linha_id, setor_id, tipo_participacao)
VALUES ((SELECT id FROM panoramico_linhas WHERE acao_estrategica_id = (SELECT id FROM acoes_estrategicas WHERE numero = '6.1.3') AND ordem = 3), (SELECT id FROM setores WHERE codigo = 'SUOP'), 'principal');
INSERT INTO panoramico_setores (panoramico_linha_id, setor_id, tipo_participacao)
VALUES ((SELECT id FROM panoramico_linhas WHERE acao_estrategica_id = (SELECT id FROM acoes_estrategicas WHERE numero = '6.1.3') AND ordem = 3), (SELECT id FROM setores WHERE codigo = 'SUBSEGOP'), 'aval');
INSERT INTO fichas (acao_estrategica_id, ordem, titulo, setor_display, papel, justificativa,
    contribuicao_esperada, nao_escopo, dependencias_criticas)
VALUES ((SELECT id FROM acoes_estrategicas WHERE numero = '6.1.3'), 1, 'ICTDEC — LÍDER E ARTICULADOR',
    'ICTDEC', 'LÍDER E ARTICULADOR', 'O ICTDEC é o escritório de articulação institucional da Secretaria junto ao ecossistema de Ciência, Tecnologia e Inovação. Compete-lhe formalizar os acordos de cooperação técnica, gerir o ciclo de vida das parcerias, coordenar o portfólio de projetos de pesquisa e assegurar que os produtos gerados sejam disseminados para a estrutura SEDEC e para o SIEPDEC. O ICTDEC não executa pesquisa diretamente — essa é a competência do CEPEDEC —, mas garante que as parcerias estejam alinhadas às prioridades estratégicas e que os projetos tenham viabilidade institucional. A formalização dos instrumentos de cooperação depende da aprovação da SUBSEGAD e do parecer jurídico da ASSEJUR.',
    ARRAY['Mapear e prospectar oportunidades de parceria com IES, ICTs e demais instituições de pesquisa, alinhadas aos gargalos operacionais da Secretaria e do SIEPDEC', 'Elaborar minutas de acordos de cooperação técnica, convênios e termos de parceria para projetos de pesquisa e extensão, submetendo-as à aprovação da SUBSEGAD e ao parecer da ASSEJUR', 'Gerir o ciclo de vida das parcerias formalizadas, monitorando execução, vigência e resultados', 'Coordenar o portfólio de projetos de pesquisa, assegurando alinhamento estratégico e evitando sobreposições', 'Disseminar os produtos da pesquisa para a estrutura SEDEC e para o SIEPDEC, em articulação com a SUOP', 'Articular com a AE 1.1.3 (fontes de recursos) a submissão de projetos a editais de fomento que viabilizem as parcerias'], ARRAY['Não executar pesquisa diretamente (competência do CEPEDEC)', 'Não definir prioridades de pesquisa sem validação da SUOP quanto à aderência aos gargalos operacionais', 'Não substituir a articulação política com municípios (prerrogativa da SUOP e da Alta Gestão)'], ARRAY['Sinalização pela SUOP dos gargalos operacionais prioritários que demandam pesquisa aplicada', 'Capacidade executiva do CEPEDEC para conduzir os projetos de pesquisa formalizados', 'Disponibilidade de IES e ICTs para celebração de parcerias', 'Apoio jurídico da ASSEJUR para validação dos instrumentos de cooperação', 'Aprovação da SUBSEGAD para formalização dos convênios e termos de parceria', 'Viabilização orçamentária ou captação de recursos externos (AE 1.1.3) para custeio dos projetos']);
INSERT INTO ficha_setores (ficha_id, setor_id, tipo_participacao)
VALUES ((SELECT id FROM fichas WHERE acao_estrategica_id = (SELECT id FROM acoes_estrategicas WHERE numero = '6.1.3') AND ordem = 1), (SELECT id FROM setores WHERE codigo = 'ICTDEC'), 'principal');
INSERT INTO fichas (acao_estrategica_id, ordem, titulo, setor_display, papel, justificativa,
    contribuicao_esperada, nao_escopo, dependencias_criticas)
VALUES ((SELECT id FROM acoes_estrategicas WHERE numero = '6.1.3'), 2, 'CEPEDEC — EXECUTOR DE PESQUISA',
    'CEPEDEC', 'EXECUTOR DE PESQUISA', 'O CEPEDEC é o braço de pesquisa da Secretaria. Compete-lhe conduzir os projetos de pesquisa e extensão formalizados pelo ICTDEC, em articulação direta com os parceiros acadêmicos. O CEPEDEC transforma os problemas operacionais sinalizados pela SUOP em projetos de investigação científica aplicada, gerando produtos — relatórios, protocolos, metodologias, dados — que alimentam a
 melhoria das práticas da Secretaria e do Sistema Estadual.',
    ARRAY['Conduzir os projetos de pesquisa e extensão formalizados, em articulação com os parceiros acadêmicos', 'Traduzir gargalos operacionais em projetos de investigação científica com metodologia adequada', 'Produzir entregas aplicáveis: relatórios técnicos, protocolos, metodologias, bases de dados, recomendações', 'Participar da elaboração de propostas para editais de fomento, no que se refere ao componente técnico-científico', 'Reportar ao ICTDEC o andamento e os resultados dos projetos em execução'], ARRAY['Não formalizar parcerias ou instrumentos jurídicos de cooperação (competência do ICTDEC, com aprovação da SUBSEGAD e parecer da ASSEJUR)', 'Não definir linhas de pesquisa isoladamente, sem alinhamento com as prioridades estratégicas validadas pela SUOP', 'Não assumir funções de disseminação institucional dos resultados (competência do ICTDEC)'], ARRAY['Parcerias formalizadas pelo ICTDEC com IES e ICTs, com planos de trabalho definidos', 'Priorização das linhas de pesquisa validada pela SUOP', 'Recursos (financeiros, humanos, materiais) para execução dos projetos', 'Acesso a dados operacionais da Secretaria e dos municípios, quando necessário para a pesquisa']);
INSERT INTO ficha_setores (ficha_id, setor_id, tipo_participacao)
VALUES ((SELECT id FROM fichas WHERE acao_estrategica_id = (SELECT id FROM acoes_estrategicas WHERE numero = '6.1.3') AND ordem = 2), (SELECT id FROM setores WHERE codigo = 'CEPEDEC'), 'principal');
INSERT INTO fichas (acao_estrategica_id, ordem, titulo, setor_display, papel, justificativa,
    contribuicao_esperada, nao_escopo, dependencias_criticas)
VALUES ((SELECT id FROM acoes_estrategicas WHERE numero = '6.1.3'), 3, 'SUOP (sob aval da SUBSEGOP) — ORIENTADOR ESTRATÉGICO',
    'SUOP (sob aval da SUBSEGOP)', 'ORIENTADOR ESTRATÉGICO', 'A SUOP é a instância que conecta a pesquisa à operação. Compete-lhe sinalizar os gargalos operacionais que demandam pesquisa aplicada, validar a priorização dos projetos propostos pelo ICTDEC e articular as demandas oriundas das COMDECs. Sem essa orientação, a pesquisa corre o risco de se descolar dos problemas reais e gerar produção acadêmica sem impacto institucional.',
    ARRAY['Sinalizar ao ICTDEC os gargalos operacionais prioritários da estrutura SEDEC e das COMDECs que demandam pesquisa aplicada', 'Validar a priorização dos projetos de pesquisa propostos, assegurando alinhamento às necessidades estratégicas e operacionais', 'Articular com as COMDECs, por meio das REDECs, a identificação de demandas de pesquisa e extensão oriundas dos municípios', 'Apoiar a disseminação dos produtos da pesquisa para os órgãos subordinados e para o SIEPDEC'], ARRAY['Não formalizar parcerias acadêmicas (competência do ICTDEC)', 'Não executar ou conduzir projetos de pesquisa (competência do CEPEDEC)', 'Não definir metodologia científica dos projetos (competência do CEPEDEC e dos parceiros acadêmicos)'], ARRAY['Portfólio de projetos de pesquisa organizado pelo ICTDEC, com descrição do problema, escopo e produto esperado', 'Canal de comunicação com as COMDECs, por meio das REDECs, para levantamento de demandas', 'Produtos da pesquisa entregues em formato aplicável (não apenas papers acadêmicos, mas relatórios, protocolos e recomendações)']);
INSERT INTO ficha_setores (ficha_id, setor_id, tipo_participacao)
VALUES ((SELECT id FROM fichas WHERE acao_estrategica_id = (SELECT id FROM acoes_estrategicas WHERE numero = '6.1.3') AND ordem = 3), (SELECT id FROM setores WHERE codigo = 'SUOP'), 'principal');
INSERT INTO ficha_setores (ficha_id, setor_id, tipo_participacao)
VALUES ((SELECT id FROM fichas WHERE acao_estrategica_id = (SELECT id FROM acoes_estrategicas WHERE numero = '6.1.3') AND ordem = 3), (SELECT id FROM setores WHERE codigo = 'SUBSEGOP'), 'aval');
INSERT INTO fundamentacoes (acao_estrategica_id, introducao, conclusao)
VALUES ((SELECT id FROM acoes_estrategicas WHERE numero = '6.1.3'), 'A ausência de parcerias estruturadas de pesquisa e extensão gera três efeitos:', 'Esta ação enfrenta esses efeitos ao instituir parcerias orientadas por problema operacional (relevância), um ciclo estruturado de pesquisa com disseminação obrigatória (impacto) e a integração das demandas das COMDECs na agenda de pesquisa (coesão do Sistema).');
INSERT INTO fundamentacao_itens (fundamentacao_id, ordem, conteudo)
VALUES ((SELECT id FROM fundamentacoes WHERE acao_estrategica_id = (SELECT id FROM acoes_estrategicas WHERE numero = '6.1.3')), 1, '1. Atuação baseada em empirismo: Sem pesquisa aplicada, as práticas da Defesa Civil se baseiam na experiência acumulada e na repetição de procedimentos históricos, sem validação científica ou comparação com as melhores práticas. A evolução fica limitada ao que se aprende na prática, sem aporte sistemático de conhecimento novo.');
INSERT INTO fundamentacao_itens (fundamentacao_id, ordem, conteudo)
VALUES ((SELECT id FROM fundamentacoes WHERE acao_estrategica_id = (SELECT id FROM acoes_estrategicas WHERE numero = '6.1.3')), 2, '2. Desconexão entre academia e operação: Quando existem, as parcerias acadêmicas tendem a ser pontuais, orientadas pelo interesse do pesquisador e não pelo problema da instituição. A produção científica gerada não se traduz em melhoria de práticas, protocolos ou políticas — fica restrita a publicações que não chegam à ponta.');
INSERT INTO fundamentacao_itens (fundamentacao_id, ordem, conteudo)
VALUES ((SELECT id FROM fundamentacoes WHERE acao_estrategica_id = (SELECT id FROM acoes_estrategicas WHERE numero = '6.1.3')), 3, '3. Isolamento dos municípios: As COMDECs enfrentam gargalos operacionais específicos que a estrutura estadual muitas vezes desconhece. Sem mecanismo de integração para pesquisa e extensão, os municípios permanecem isolados na busca de soluções, e a Secretaria perde a oportunidade de produzir conhecimento que beneficie todo o Sistema.');

-- AE 6.1.4
INSERT INTO acoes_estrategicas (numero, nome, eixo_prioritario_id, objetivo_estrategico_id, estrategia_id,
    acoes_conectadas, descricao_oficial_completa, descricao_o_que, descricao_para_que, ancoragem,
    nota_arranjo_institucional, versao, data_elaboracao, elaboracao, proxima_fase)
VALUES ('6.1.4', 'Construir programa de extensão Acadêmico-Científica articulando a formação em serviço (SEDEC e IES e ICTs)', (SELECT id FROM eixos_prioritarios WHERE codigo = 'EIXO_1'), (SELECT id FROM objetivos_estrategicos WHERE codigo = 'OE6'), (SELECT id FROM estrategias WHERE codigo = 'E6.1'),
    'AE 6.1.1 (Ecossistema colaborativo) | AE 6.1.3 (Parcerias de pesquisa e extensão) | AE 6.1.6 (Redes de pesquisa) | AE 3.1.1 (Capacitação do efetivo)',
    'Estruturação de programas de residência, estágio técnico e intercâmbio acadêmico integrados à rotina operacional (O QUÊ), visando oxigenar a instituição com novos saberes, qualificar a formação dos futuros profissionais do setor através da prática supervisionada e aproximar a academia da realidade da gestão pública (PARA QUÊ).',
    'Estruturação de programas de residência, estágio técnico e intercâmbio acadêmico integrados à rotina operacional.',
    'Oxigenar a instituição com novos saberes, qualificar a formação dos futuros profissionais do setor através da prática supervisionada e aproximar a academia da realidade da gestão pública.',
    'A extensão acadêmico-científica é o mecanismo que conecta a formação de novos profissionais à realidade operacional da Defesa Civil. O Plano Estratégico 2024–2035 posiciona esta ação na Estratégia E6.1 (Estruturação da atividade de C&T), com foco na estruturação de programas de residência, estágio técnico e intercâmbio acadêmico integrados à rotina operacional. A ação gera duplo benefício: oxigena a instituição com novos saberes e qualifica a formação dos futuros profissionais do setor por meio da prática supervisionada. A ação se articula diretamente com a AE 6.1.3 (parcerias de pesquisa), pois compartilha o mesmo ecossistema de parcerias com IES e ICTs, e com a AE 3.1.1 (capacitação do efetivo), pois os programas de extensão também contribuem para a qualificação interna.',
    NULL,
    '1.0',
    '2026-02-14',
    'ICTDEC/DAEAD',
    'Fase 2 — Desdobramento Orientado (definição de entregas por setor)');
INSERT INTO destaques_estrategicos (acao_estrategica_id, titulo, header_contexto)
VALUES ((SELECT id FROM acoes_estrategicas WHERE numero = '6.1.4'), 'Extensão como Via de Mão Dupla', 'CONTEXTO — A Instituição Ensina e Aprende');
INSERT INTO destaque_linhas (destaque_id, ordem, tipo, label, conteudo)
VALUES ((SELECT id FROM destaques_estrategicos WHERE acao_estrategica_id = (SELECT id FROM acoes_estrategicas WHERE numero = '6.1.4')), 1, 'label_conteudo', 'Princípio', 'O programa de extensão não é apenas uma concessão da instituição à academia — é uma via de mão dupla. A Secretaria oferece campo de prática real para estudantes e pesquisadores; em troca, recebe olhar externo, novos métodos, questões que desafiam o status quo e, potencialmente, soluções para problemas operacionais concretos.');
INSERT INTO destaque_linhas (destaque_id, ordem, tipo, label, conteudo)
VALUES ((SELECT id FROM destaques_estrategicos WHERE acao_estrategica_id = (SELECT id FROM acoes_estrategicas WHERE numero = '6.1.4')), 2, 'label_conteudo', 'Orientação por demanda real', 'Os temas dos estágios, residências e intercâmbios devem ser orientados pelos gargalos e demandas reais dos órgãos da Secretaria. Os órgãos subordinados — incluindo as REDECs, como canal de interface com os municípios — são a fonte primária de identificação dessas demandas. Os estudantes desenvolvem suas atividades a partir de problemas reais, o que garante relevância tanto para a formação acadêmica quanto para a instituição.');
INSERT INTO destaque_linhas (destaque_id, ordem, tipo, label, conteudo)
VALUES ((SELECT id FROM destaques_estrategicos WHERE acao_estrategica_id = (SELECT id FROM acoes_estrategicas WHERE numero = '6.1.4')), 3, 'label_conteudo', 'Modalidades possíveis', 'Estágio técnico: estudantes de graduação integrados à rotina dos órgãos, com supervisão do CEPEDEC e da IES.
Residência: programas de pós-graduação com imersão na prática operacional, voltados a áreas como gestão de riscos, planejamento urbano e defesa civil.
Intercâmbio acadêmico: pesquisadores de IES e ICTs integrados temporariamente à rotina da Secretaria para desenvolvimento de projetos específicos.');
INSERT INTO panoramico_linhas (acao_estrategica_id, ordem, setor_display, papel, sintese_contribuicao, nao_faz)
VALUES ((SELECT id FROM acoes_estrategicas WHERE numero = '6.1.4'), 1, 'ICTDEC', 'Líder e Articulador', 'Formaliza parcerias; estrutura os programas de extensão; coordena portfólio de atividades', 'Não executa programas diretamente; não supervisiona estudantes no campo');
INSERT INTO panoramico_setores (panoramico_linha_id, setor_id, tipo_participacao)
VALUES ((SELECT id FROM panoramico_linhas WHERE acao_estrategica_id = (SELECT id FROM acoes_estrategicas WHERE numero = '6.1.4') AND ordem = 1), (SELECT id FROM setores WHERE codigo = 'ICTDEC'), 'principal');
INSERT INTO panoramico_linhas (acao_estrategica_id, ordem, setor_display, papel, sintese_contribuicao, nao_faz)
VALUES ((SELECT id FROM acoes_estrategicas WHERE numero = '6.1.4'), 2, 'CEPEDEC', 'Executor dos Programas', 'Operacionaliza estágios, residências e intercâmbios; supervisiona estudantes; articula com IES na execução', 'Não formaliza parcerias; não define temas sem alinhamento estratégico');
INSERT INTO panoramico_setores (panoramico_linha_id, setor_id, tipo_participacao)
VALUES ((SELECT id FROM panoramico_linhas WHERE acao_estrategica_id = (SELECT id FROM acoes_estrategicas WHERE numero = '6.1.4') AND ordem = 2), (SELECT id FROM setores WHERE codigo = 'CEPEDEC'), 'principal');
INSERT INTO panoramico_linhas (acao_estrategica_id, ordem, setor_display, papel, sintese_contribuicao, nao_faz)
VALUES ((SELECT id FROM acoes_estrategicas WHERE numero = '6.1.4'), 3, 'Órgãos Subordinados', 'Fonte de Demandas e Campo de Prática', 'Fornecem gargalos e demandas reais; recebem estudantes; validam relevância das atividades', 'Não formalizam parcerias acadêmicas; não definem o programa');
INSERT INTO panoramico_setores (panoramico_linha_id, setor_id, tipo_participacao)
VALUES ((SELECT id FROM panoramico_linhas WHERE acao_estrategica_id = (SELECT id FROM acoes_estrategicas WHERE numero = '6.1.4') AND ordem = 3), (SELECT id FROM setores WHERE codigo = 'ÓRGÃOS_SUBORDINADOS'), 'principal');
INSERT INTO fichas (acao_estrategica_id, ordem, titulo, setor_display, papel, justificativa,
    contribuicao_esperada, nao_escopo, dependencias_criticas)
VALUES ((SELECT id FROM acoes_estrategicas WHERE numero = '6.1.4'), 1, 'ICTDEC — LÍDER E ARTICULADOR',
    'ICTDEC', 'LÍDER E ARTICULADOR', 'O ICTDEC é o escritório de articulação institucional da Secretaria junto ao ecossistema de Ciência, Tecnologia e Inovação. Nesta ação, compete-lhe estruturar os programas de extensão acadêmico-científica, elaborar as minutas dos instrumentos de parceria (submetendo-as à aprovação da SUBSEGAD e ao parecer da ASSEJUR), coordenar o portfólio de atividades de extensão e assegurar que os programas estejam orientados pelas demandas reais da instituição. O ICTDEC não executa os programas diretamente — essa é a competência do CEPEDEC.',
    ARRAY['Mapear e prospectar oportunidades de extensão com IES e ICTs, alinhadas às demandas operacionais da Secretaria', 'Estruturar os programas de extensão (estágio técnico, residência, intercâmbio acadêmico), definindo diretrizes, critérios e produtos esperados', 'Elaborar minutas de convênios, acordos de cooperação técnica e termos de parceria, submetendo-as à aprovação da SUBSEGAD e ao parecer da ASSEJUR', 'Gerir o ciclo de vida das parcerias de extensão, monitorando vigência, execução e resultados', 'Coordenar o portfólio de atividades de extensão, evitando sobreposições e assegurando alinhamento estratégico', 'Consolidar e disseminar os produtos gerados pelas atividades de extensão para a estrutura SEDEC e o SIEPDEC'], ARRAY['Não executar os programas de extensão diretamente (competência do CEPEDEC)', 'Não supervisionar estudantes no campo (competência do CEPEDEC em articulação com a IES)', 'Não definir temas de extensão sem validação das demandas reais dos órgãos da Secretaria'], ARRAY['Demandas reais dos órgãos subordinados e das COMDECs (via REDECs) como insumo para orientação dos programas', 'Capacidade executiva do CEPEDEC para operacionalizar os programas formalizados', 'Disponibilidade de IES e ICTs para celebração de parcerias de extensão', 'Aprovação da SUBSEGAD para formalização dos convênios e termos de parceria', 'Parecer jurídico da ASSEJUR sobre os instrumentos de cooperação']);
INSERT INTO ficha_setores (ficha_id, setor_id, tipo_participacao)
VALUES ((SELECT id FROM fichas WHERE acao_estrategica_id = (SELECT id FROM acoes_estrategicas WHERE numero = '6.1.4') AND ordem = 1), (SELECT id FROM setores WHERE codigo = 'ICTDEC'), 'principal');
INSERT INTO fichas (acao_estrategica_id, ordem, titulo, setor_display, papel, justificativa,
    contribuicao_esperada, nao_escopo, dependencias_criticas)
VALUES ((SELECT id FROM acoes_estrategicas WHERE numero = '6.1.4'), 2, 'CEPEDEC — EXECUTOR DOS PROGRAMAS DE EXTENSÃO',
    'CEPEDEC', 'EXECUTOR DOS PROGRAMAS DE EXTENSÃO', 'O CEPEDEC é quem operacionaliza os programas de extensão formalizados pelo ICTDEC. Compete-lhe receber e supervisionar estudantes e pesquisadores, articular com as IES a execução das atividades, e assegurar que os produtos gerados (relatórios, diagnósticos, propostas) tenham qualidade técnica e aplicabilidade. O CEPEDEC é também o elo entre os estudantes e os órgãos da Secretaria que fornecem o campo de prática.',
    ARRAY['Operacionalizar os programas de estágio técnico, residência e intercâmbio acadêmico formalizados pelo ICTDEC', 'Supervisionar estudantes e pesquisadores durante a imersão na rotina operacional, em articulação com a IES de origem', 'Articular com os órgãos subordinados a alocação de estudantes em atividades aderentes aos gargalos e demandas identificados', 'Assegurar que os produtos das atividades de extensão tenham qualidade técnica e aplicabilidade institucional', 'Reportar ao ICTDEC o andamento e os resultados dos programas em execução'], ARRAY['Não formalizar parcerias ou instrumentos jurídicos de cooperação (competência do ICTDEC, com aprovação da SUBSEGAD e parecer da ASSEJUR)', 'Não definir temas de extensão isoladamente, sem alinhamento com as demandas validadas pelos órgãos da Secretaria', 'Não substituir a supervisão acadêmica da IES de origem (a supervisão é compartilhada: CEPEDEC no campo, IES na formação)'], ARRAY['Parcerias formalizadas pelo ICTDEC com IES e ICTs, com programas e planos de trabalho definidos', 'Demandas dos órgãos subordinados para orientação dos temas de extensão', 'Espaço físico e condições operacionais para receber estudantes nos órgãos (AE 4.1.1)', 'Recursos para custeio das atividades de extensão, quando não cobertos pela IES parceira']);
INSERT INTO ficha_setores (ficha_id, setor_id, tipo_participacao)
VALUES ((SELECT id FROM fichas WHERE acao_estrategica_id = (SELECT id FROM acoes_estrategicas WHERE numero = '6.1.4') AND ordem = 2), (SELECT id FROM setores WHERE codigo = 'CEPEDEC'), 'principal');
INSERT INTO fichas (acao_estrategica_id, ordem, titulo, setor_display, papel, justificativa,
    contribuicao_esperada, nao_escopo, dependencias_criticas)
VALUES ((SELECT id FROM acoes_estrategicas WHERE numero = '6.1.4'), 3, 'Órgãos Subordinados (Direções, Coordenações, REDECs e demais setores) — FONTE DE DEMANDAS E CAMPO DE PRÁTICA',
    'Órgãos Subordinados (Direções, Coordenações, REDECs e demais setores)', 'FONTE DE DEMANDAS E CAMPO DE PRÁTICA', 'Os órgãos subordinados são a fonte primária de conhecimento sobre a realidade prática e os gargalos operacionais que devem orientar as atividades de extensão. São eles que fornecem o campo de prática para os estudantes e pesquisadores, e que validam a relevância dos temas propostos. As REDECs, como órgãos vocacionados para a interface com os municípios, são o canal natural para coleta de demandas das COMDECs que possam ser incorporadas aos programas de extensão.',
    ARRAY['Identificar e reportar gargalos operacionais e demandas do setor que possam ser endereçados por atividades de extensão', 'Receber estudantes e pesquisadores no ambiente operacional, oferecendo acesso à rotina e aos dados necessários', 'Validar a relevância e a aplicabilidade dos produtos gerados pelas atividades de extensão', 'As REDECs, especificamente, coletar e encaminhar demandas das COMDECs que possam ser incorporadas aos programas'], ARRAY['Não formalizar parcerias acadêmicas diretamente (competência do ICTDEC)', 'Não definir o programa de extensão (competência do ICTDEC em articulação com o CEPEDEC e as IES)', 'Não supervisionar academicamente os estudantes (competência do CEPEDEC e da IES de origem)'], ARRAY['Comunicação prévia sobre a chegada de estudantes e o escopo das atividades no setor', 'Garantia de que a presença de estudantes não gere sobrecarga operacional desproporcionada ao setor', 'Retorno sobre os produtos gerados pelas atividades de extensão realizadas no setor']);
INSERT INTO ficha_setores (ficha_id, setor_id, tipo_participacao)
VALUES ((SELECT id FROM fichas WHERE acao_estrategica_id = (SELECT id FROM acoes_estrategicas WHERE numero = '6.1.4') AND ordem = 3), (SELECT id FROM setores WHERE codigo = 'ORGAOS_SUBORDINADOS'), 'principal');
INSERT INTO ficha_setores (ficha_id, setor_id, tipo_participacao)
VALUES ((SELECT id FROM fichas WHERE acao_estrategica_id = (SELECT id FROM acoes_estrategicas WHERE numero = '6.1.4') AND ordem = 3), (SELECT id FROM setores WHERE codigo = 'REDECS'), 'participante');
INSERT INTO fundamentacoes (acao_estrategica_id, introducao, conclusao)
VALUES ((SELECT id FROM acoes_estrategicas WHERE numero = '6.1.4'), 'A ausência de programas estruturados de extensão acadêmico-científica gera três efeitos:', 'Esta ação enfrenta esses efeitos ao criar programas estruturados de extensão orientados por demandas reais (relevância), com supervisão compartilhada entre CEPEDEC e IES (qualidade) e integração dos órgãos da Secretaria como campo de prática (aplicabilidade).');
INSERT INTO fundamentacao_itens (fundamentacao_id, ordem, conteudo)
VALUES ((SELECT id FROM fundamentacoes WHERE acao_estrategica_id = (SELECT id FROM acoes_estrategicas WHERE numero = '6.1.4')), 1, '1. Isolamento institucional: Sem conexão sistemática com a academia, a Secretaria opera em circuito fechado. Não recebe olhar externo, não é desafiada por questões novas e não incorpora métodos e conhecimentos produzidos fora de suas fronteiras. A tendência é a repetição de práticas sem renovação.');
INSERT INTO fundamentacao_itens (fundamentacao_id, ordem, conteudo)
VALUES ((SELECT id FROM fundamentacoes WHERE acao_estrategica_id = (SELECT id FROM acoes_estrategicas WHERE numero = '6.1.4')), 2, '2. Formação desconectada da realidade: Do lado acadêmico, os futuros profissionais de gestão de riscos e desastres se formam sem contato com a realidade operacional da Defesa Civil. Quando ingressam no serviço público, enfrentam um choque entre teoria e prática que poderia ter sido atenuado por uma experiência de extensão supervisionada.');
INSERT INTO fundamentacao_itens (fundamentacao_id, ordem, conteudo)
VALUES ((SELECT id FROM fundamentacoes WHERE acao_estrategica_id = (SELECT id FROM acoes_estrategicas WHERE numero = '6.1.4')), 3, '3. Desperdício de potencial: Gargalos operacionais que poderiam ser endereçados por estudantes e pesquisadores permanecem sem solução porque não há mecanismo institucional para conectar a demanda à oferta acadêmica. A Secretaria não se beneficia de uma força de trabalho qualificada e motivada que está disponível nas IES.');

-- AE 6.1.6
INSERT INTO acoes_estrategicas (numero, nome, eixo_prioritario_id, objetivo_estrategico_id, estrategia_id,
    acoes_conectadas, descricao_oficial_completa, descricao_o_que, descricao_para_que, ancoragem,
    nota_arranjo_institucional, versao, data_elaboracao, elaboracao, proxima_fase)
VALUES ('6.1.6', 'Compor redes e projetos estaduais, nacionais e internacionais de pesquisa científica e tecnológica voltadas para ações de inovação tecnológica', (SELECT id FROM eixos_prioritarios WHERE codigo = 'EIXO_3'), (SELECT id FROM objetivos_estrategicos WHERE codigo = 'OE6'), (SELECT id FROM estrategias WHERE codigo = 'E6.1'),
    'AE 6.1.1 (Ecossistema colaborativo) | AE 6.1.3 (Parcerias de pesquisa) | AE 6.1.4 (Extensão acadêmica) | AE 1.1.3 (Fontes de recursos)',
    'Integração institucional a ecossistemas de inovação e redes de colaboração multi-institucionais (O QUÊ), visando posicionar a Defesa Civil do Estado na vanguarda tecnológica, atrair parcerias qualificadas e fomentar o desenvolvimento de soluções para a redução de desastres (PARA QUÊ).',
    'Integração institucional a ecossistemas de inovação e redes de colaboração multi-institucionais.',
    'Posicionar a Defesa Civil do Estado na vanguarda tecnológica, atrair parcerias qualificadas e fomentar o desenvolvimento de soluções para a redução de desastres.',
    'A integração a redes de pesquisa e ecossistemas de inovação é o que permite à Defesa Civil do Estado transitar do isolamento institucional para o posicionamento como ator científico reconhecido. O Plano Estratégico 2024–2035 posiciona esta ação na Estratégia E6.1, com foco específico na composição de redes e projetos multi-institucionais nas escalas estadual, nacional e internacional. A iniciativa indicada é o mapeamento dos principais grupos de estudos e pesquisas científicas em defesa civil, visando a inserção dos órgãos tecnológicos, de ensino e pesquisa da estrutura SEDEC. A ação é complementar às AEs 6.1.3 (parcerias de pesquisa) e 6.1.4 (extensão acadêmica), que operam na escala bilateral; esta AE opera na escala de rede. Conecta-se também à AE 1.1.3 (fontes de recursos), pois a participação em redes amplia o acesso a editais de fomento nacionais e internacionais.',
    NULL,
    '1.0',
    '2026-02-14',
    'ICTDEC/DAEAD',
    'Fase 2 — Desdobramento Orientado (definição de entregas por setor)');
INSERT INTO destaques_estrategicos (acao_estrategica_id, titulo, header_contexto)
VALUES ((SELECT id FROM acoes_estrategicas WHERE numero = '6.1.6'), 'Posicionamento Institucional em Rede', 'CONTEXTO — De Consumidor a Produtor de Conhecimento');
INSERT INTO destaque_linhas (destaque_id, ordem, tipo, label, conteudo)
VALUES ((SELECT id FROM destaques_estrategicos WHERE acao_estrategica_id = (SELECT id FROM acoes_estrategicas WHERE numero = '6.1.6')), 1, 'label_conteudo', 'Princípio', 'A participação em redes de pesquisa não é apenas uma ação de visibilidade — é condição para que a Secretaria passe de consumidora passiva de conhecimento produzido externamente a coprodutora ativa de soluções para a redução de desastres. Redes permitem acesso a metodologias, dados comparativos, financiamento compartilhado e legitimidade científica que não se obtém atuando isoladamente.');
INSERT INTO destaque_linhas (destaque_id, ordem, tipo, label, conteudo)
VALUES ((SELECT id FROM destaques_estrategicos WHERE acao_estrategica_id = (SELECT id FROM acoes_estrategicas WHERE numero = '6.1.6')), 2, 'label_conteudo', 'Três escalas de atuação', 'Estadual: integração com grupos de pesquisa das universidades e ICTs do Rio de Janeiro, consolidação da presença do CEPEDEC no ecossistema acadêmico local.
Nacional: participação em redes nacionais de pesquisa em defesa civil e gestão de riscos, articulação com agências de fomento (CNPq, CAPES, FINEP), inserção em grupos de trabalho do SINPDEC.
Internacional: conexão com redes internacionais de redução de riscos de desastres, participação em projetos multilaterais, acesso a boas práticas e financiamento de cooperação internacional.');
INSERT INTO destaque_linhas (destaque_id, ordem, tipo, label, conteudo)
VALUES ((SELECT id FROM destaques_estrategicos WHERE acao_estrategica_id = (SELECT id FROM acoes_estrategicas WHERE numero = '6.1.6')), 3, 'label_conteudo', 'Risco a evitar', 'Participação nominal em redes sem contribuição efetiva. A adesão a redes que não gera projetos concretos, publicações, transferência de conhecimento ou captação de recursos é investimento de tempo sem retorno institucional. A participação deve ser seletiva e orientada por resultados.');
INSERT INTO panoramico_linhas (acao_estrategica_id, ordem, setor_display, papel, sintese_contribuicao, nao_faz)
VALUES ((SELECT id FROM acoes_estrategicas WHERE numero = '6.1.6'), 1, 'ICTDEC', 'Líder e Articulador Institucional', 'Mapeia redes; representa a Secretaria; formaliza adesões e parcerias; coordena portfólio de redes', 'Não participa tecnicamente nos projetos de pesquisa; não define temas sem a SUOP');
INSERT INTO panoramico_setores (panoramico_linha_id, setor_id, tipo_participacao)
VALUES ((SELECT id FROM panoramico_linhas WHERE acao_estrategica_id = (SELECT id FROM acoes_estrategicas WHERE numero = '6.1.6') AND ordem = 1), (SELECT id FROM setores WHERE codigo = 'ICTDEC'), 'principal');
INSERT INTO panoramico_linhas (acao_estrategica_id, ordem, setor_display, papel, sintese_contribuicao, nao_faz)
VALUES ((SELECT id FROM acoes_estrategicas WHERE numero = '6.1.6'), 2, 'CEPEDEC', 'Participante Técnico-Científico', 'Participa tecnicamente nas redes; conduz projetos colaborativos; produz e compartilha conhecimento', 'Não formaliza adesões; não representa institucionalmente a Secretaria');
INSERT INTO panoramico_setores (panoramico_linha_id, setor_id, tipo_participacao)
VALUES ((SELECT id FROM panoramico_linhas WHERE acao_estrategica_id = (SELECT id FROM acoes_estrategicas WHERE numero = '6.1.6') AND ordem = 2), (SELECT id FROM setores WHERE codigo = 'CEPEDEC'), 'principal');
INSERT INTO panoramico_linhas (acao_estrategica_id, ordem, setor_display, papel, sintese_contribuicao, nao_faz)
VALUES ((SELECT id FROM acoes_estrategicas WHERE numero = '6.1.6'), 3, 'SUOP (sob aval da SUBSEGOP)', 'Orientador Estratégico', 'Valida alinhamento estratégico das redes; sinaliza temas prioritários; articula demandas das COMDECs via REDECs', 'Não formaliza parcerias; não participa tecnicamente nas redes');
INSERT INTO panoramico_setores (panoramico_linha_id, setor_id, tipo_participacao)
VALUES ((SELECT id FROM panoramico_linhas WHERE acao_estrategica_id = (SELECT id FROM acoes_estrategicas WHERE numero = '6.1.6') AND ordem = 3), (SELECT id FROM setores WHERE codigo = 'SUOP'), 'principal');
INSERT INTO panoramico_setores (panoramico_linha_id, setor_id, tipo_participacao)
VALUES ((SELECT id FROM panoramico_linhas WHERE acao_estrategica_id = (SELECT id FROM acoes_estrategicas WHERE numero = '6.1.6') AND ordem = 3), (SELECT id FROM setores WHERE codigo = 'SUBSEGOP'), 'aval');
INSERT INTO fichas (acao_estrategica_id, ordem, titulo, setor_display, papel, justificativa,
    contribuicao_esperada, nao_escopo, dependencias_criticas)
VALUES ((SELECT id FROM acoes_estrategicas WHERE numero = '6.1.6'), 1, 'ICTDEC — LÍDER E ARTICULADOR INSTITUCIONAL',
    'ICTDEC', 'LÍDER E ARTICULADOR INSTITUCIONAL', 'O ICTDEC é o escritório de articulação institucional da Secretaria junto ao ecossistema de Ciência, Tecnologia e Inovação. Nesta ação, compete-lhe mapear redes relevantes, representar a Secretaria nas articulações institucionais, formalizar as adesões e parcerias (submetendo-as à aprovação da SUBSEGAD e ao parecer da ASSEJUR) e coordenar o portfólio de redes em que a instituição participa. A participação técnico-científica nos projetos é competência do CEPEDEC.',
    ARRAY['Mapear os principais grupos de estudos, redes de pesquisa e ecossistemas de inovação em defesa civil nas escalas estadual, nacional e internacional', 'Avaliar a aderência das redes identificadas às prioridades estratégicas da Secretaria, propondo adesões seletivas', 'Representar institucionalmente a Secretaria nas articulações para ingresso em redes e projetos multi-institucionais', 'Elaborar minutas dos instrumentos de adesão e parceria, submetendo-as à aprovação da SUBSEGAD e ao parecer da ASSEJUR', 'Gerir o portfólio de redes em que a Secretaria participa, monitorando resultados e relevância continuada', 'Articular com a AE 1.1.3 (fontes de recursos) a identificação de editais de fomento acessíveis por meio da participação em redes'], ARRAY['Não participar tecnicamente nos projetos de pesquisa das redes (competência do CEPEDEC)', 'Não aderir a redes sem validação do alinhamento estratégico pela SUOP', 'Não manter participações nominais sem retorno institucional mensurável (projetos, publicações, recursos, transferência de conhecimento)'], ARRAY['Orientação estratégica da SUOP sobre os temas prioritários para a Secretaria e o SIEPDEC', 'Capacidade técnica do CEPEDEC para sustentar a participação ativa nas redes', 'Aprovação da SUBSEGAD para formalização dos instrumentos de adesão e parceria', 'Parecer jurídico da ASSEJUR sobre os instrumentos de cooperação', 'Recursos para custeio da participação (viagens, inscrições, contrapartidas), quando aplicável']);
INSERT INTO ficha_setores (ficha_id, setor_id, tipo_participacao)
VALUES ((SELECT id FROM fichas WHERE acao_estrategica_id = (SELECT id FROM acoes_estrategicas WHERE numero = '6.1.6') AND ordem = 1), (SELECT id FROM setores WHERE codigo = 'ICTDEC'), 'principal');
INSERT INTO fichas (acao_estrategica_id, ordem, titulo, setor_display, papel, justificativa,
    contribuicao_esperada, nao_escopo, dependencias_criticas)
VALUES ((SELECT id FROM acoes_estrategicas WHERE numero = '6.1.6'), 2, 'CEPEDEC — PARTICIPANTE TÉCNICO-CIENTÍFICO',
    'CEPEDEC', 'PARTICIPANTE TÉCNICO-CIENTÍFICO', 'O CEPEDEC é o braço de pesquisa da Secretaria e, portanto, o órgão que sustenta a participação técnica nas redes formalizadas pelo ICTDEC. Compete-lhe conduzir projetos colaborativos, produzir e compartilhar conhecimento no âmbito das redes, e garantir que a presença institucional se traduza em contribuição científica efetiva. Sem essa participação ativa, a adesão a redes se torna meramente nominal.',
    ARRAY['Participar ativamente dos projetos de pesquisa colaborativos no âmbito das redes em que a Secretaria está inserida', 'Produzir e compartilhar conhecimento técnico-científico com os demais membros das redes', 'Representar a Secretaria tecnicamente em eventos, grupos de trabalho e reuniões técnicas das redes', 'Identificar oportunidades de projetos colaborativos e editais de fomento acessíveis por meio das redes, reportando ao ICTDEC', 'Reportar ao ICTDEC os resultados e produtos gerados pela participação nas redes'], ARRAY['Não formalizar adesões ou instrumentos de parceria (competência do ICTDEC, com aprovação da SUBSEGAD e parecer da ASSEJUR)', 'Não representar institucionalmente a Secretaria nas articulações políticas de ingresso em redes (competência do ICTDEC)', 'Não definir isoladamente as redes em que a Secretaria deve participar (decisão validada pelo ICTDEC com orientação da SUOP)'], ARRAY['Parcerias e adesões formalizadas pelo ICTDEC, com escopo e compromissos definidos', 'Recursos (humanos, materiais, financeiros) para sustentar a participação ativa nos projetos', 'Acesso a dados operacionais da Secretaria, quando necessário para os projetos colaborativos', 'Alinhamento com as prioridades estratégicas para direcionar a contribuição técnica nas redes']);
INSERT INTO ficha_setores (ficha_id, setor_id, tipo_participacao)
VALUES ((SELECT id FROM fichas WHERE acao_estrategica_id = (SELECT id FROM acoes_estrategicas WHERE numero = '6.1.6') AND ordem = 2), (SELECT id FROM setores WHERE codigo = 'CEPEDEC'), 'principal');
INSERT INTO fichas (acao_estrategica_id, ordem, titulo, setor_display, papel, justificativa,
    contribuicao_esperada, nao_escopo, dependencias_criticas)
VALUES ((SELECT id FROM acoes_estrategicas WHERE numero = '6.1.6'), 3, 'SUOP (sob aval da SUBSEGOP) — ORIENTADOR ESTRATÉGICO',
    'SUOP (sob aval da SUBSEGOP)', 'ORIENTADOR ESTRATÉGICO', 'A SUOP é a instância que conecta a agenda de pesquisa às necessidades reais da operação e do Sistema Estadual. Compete-lhe validar o alinhamento estratégico das redes propostas pelo ICTDEC, sinalizar os temas prioritários e articular, por meio das REDECs, as demandas das COMDECs que possam ser incorporadas à agenda de pesquisa em rede. Sem essa orientação, a participação em redes pode se descolar das prioridades institucionais.',
    ARRAY['Validar o alinhamento estratégico das redes propostas pelo ICTDEC, assegurando aderência às necessidades operacionais e à estratégia institucional', 'Sinalizar ao ICTDEC os temas prioritários da Secretaria e do SIEPDEC que devem orientar a seleção de redes', 'Articular, por meio das REDECs, as demandas das COMDECs que possam ser incorporadas à agenda de pesquisa em rede', 'Apoiar a disseminação dos resultados e produtos das redes para os órgãos subordinados e para o SIEPDEC'], ARRAY['Não formalizar adesões a redes (competência do ICTDEC)', 'Não participar tecnicamente nos projetos de pesquisa (competência do CEPEDEC)', 'Não definir metodologia científica dos projetos colaborativos (competência do CEPEDEC e dos parceiros)'], ARRAY['Portfólio de redes organizado pelo ICTDEC, com descrição do escopo, compromissos e resultados esperados', 'Canal de comunicação com as COMDECs, por meio das REDECs, para levantamento de demandas', 'Produtos das redes entregues em formato aplicável à operação e à política institucional']);
INSERT INTO ficha_setores (ficha_id, setor_id, tipo_participacao)
VALUES ((SELECT id FROM fichas WHERE acao_estrategica_id = (SELECT id FROM acoes_estrategicas WHERE numero = '6.1.6') AND ordem = 3), (SELECT id FROM setores WHERE codigo = 'SUOP'), 'principal');
INSERT INTO ficha_setores (ficha_id, setor_id, tipo_participacao)
VALUES ((SELECT id FROM fichas WHERE acao_estrategica_id = (SELECT id FROM acoes_estrategicas WHERE numero = '6.1.6') AND ordem = 3), (SELECT id FROM setores WHERE codigo = 'SUBSEGOP'), 'aval');
INSERT INTO fundamentacoes (acao_estrategica_id, introducao, conclusao)
VALUES ((SELECT id FROM acoes_estrategicas WHERE numero = '6.1.6'), 'A ausência de integração a redes de pesquisa e ecossistemas de inovação gera três efeitos:', 'Esta ação enfrenta esses efeitos ao promover a inserção seletiva em redes relevantes (posicionamento), a participação ativa com contribuição técnica do CEPEDEC (legitimidade) e a orientação estratégica pela SUOP (relevância institucional).');
INSERT INTO fundamentacao_itens (fundamentacao_id, ordem, conteudo)
VALUES ((SELECT id FROM fundamentacoes WHERE acao_estrategica_id = (SELECT id FROM acoes_estrategicas WHERE numero = '6.1.6')), 1, '1. Invisibilidade científica: A Defesa Civil do Estado não é percebida como ator científico pelos centros de pesquisa, agências de fomento e organismos internacionais. Isso significa menor acesso a editais, menor atração de parceiros qualificados e menor influência na construção de políticas baseadas em evidência.');
INSERT INTO fundamentacao_itens (fundamentacao_id, ordem, conteudo)
VALUES ((SELECT id FROM fundamentacoes WHERE acao_estrategica_id = (SELECT id FROM acoes_estrategicas WHERE numero = '6.1.6')), 2, '2. Duplicação de esforços: Sem participação em redes, a Secretaria pode investir em pesquisas que já foram conduzidas por outros órgãos de defesa civil, no Brasil ou no exterior. A integração em rede permite compartilhar resultados, evitar replicação e construir sobre o conhecimento já existente.');
INSERT INTO fundamentacao_itens (fundamentacao_id, ordem, conteudo)
VALUES ((SELECT id FROM fundamentacoes WHERE acao_estrategica_id = (SELECT id FROM acoes_estrategicas WHERE numero = '6.1.6')), 3, '3. Limitação do alcance: Problemas complexos como a redução de riscos de desastres demandam abordagens multi-institucionais e multidisciplinares. Uma instituição isolada não tem escala, diversidade de competências nem base de dados suficiente para enfrentar esses problemas. Redes ampliam o alcance sem exigir que cada instituição detenha todas as capacidades internamente.');

-- AE 6.2.1
INSERT INTO acoes_estrategicas (numero, nome, eixo_prioritario_id, objetivo_estrategico_id, estrategia_id,
    acoes_conectadas, descricao_oficial_completa, descricao_o_que, descricao_para_que, ancoragem,
    nota_arranjo_institucional, versao, data_elaboracao, elaboracao, proxima_fase)
VALUES ('6.2.1', 'Promover a inovação institucional, a partir dos órgãos científicos, tecnológicos e de ensino da SEDEC', (SELECT id FROM eixos_prioritarios WHERE codigo = 'EIXO_1'), (SELECT id FROM objetivos_estrategicos WHERE codigo = 'OE6'), (SELECT id FROM estrategias WHERE codigo = 'E6.2'),
    'AE 2.1.6 (Gestão de processos) | AE 6.1.3 (Parcerias de pesquisa) | AE 6.3.2 (Sistematização do conhecimento) | AE 6.4.1 (Inovações incrementais)',
    'Fomento interno à Pesquisa, Desenvolvimento e Inovação (PD&I) focado na resolução de problemas organizacionais (O QUÊ), visando transformar a análise crítica dos processos em novos produtos ou serviços que aumentem a eficiência das iniciativas da secretaria, fundamentando a evolução institucional em ciência aplicada (PARA QUÊ).',
    'Fomento interno à Pesquisa, Desenvolvimento e Inovação (PD&I) focado na resolução de problemas organizacionais.',
    'Transformar a análise crítica dos processos em novos produtos ou serviços que aumentem a eficiência das iniciativas da Secretaria, fundamentando a evolução institucional em ciência aplicada.',
    'A inovação institucional é o que transforma a análise crítica dos problemas organizacionais em soluções concretas — novos produtos, serviços ou processos que elevem a eficiência da Secretaria. O Plano Estratégico 2024–2035 posiciona esta ação na Estratégia E6.2 (Promoção da Inovação), com foco em Pesquisa, Desenvolvimento e Inovação (PD&I) internos. A iniciativa indicada é o estabelecimento de uma NGA sobre inovação com parâmetros, metas e indicadores de avaliação. O OE 6 destaca como fator crítico de sucesso a receptividade da cultura organizacional à incorporação de novas tecnologias e doutrinas. A ação se articula com a AE 2.1.6 (gestão de processos), que gera os diagnósticos de gargalos que alimentam a inovação; com a AE 6.3.2 (sistematização do conhecimento), que captura o saber tácito que pode ser transformado em inovação; e com a AE 6.4.1 (inovações incrementais), que aplica os resultados.',
    NULL,
    '1.0',
    '2026-02-14',
    'ICTDEC/DAEAD',
    'Fase 2 — Desdobramento Orientado (definição de entregas por setor)');
INSERT INTO destaques_estrategicos (acao_estrategica_id, titulo, header_contexto)
VALUES ((SELECT id FROM acoes_estrategicas WHERE numero = '6.2.1'), 'Inovação Nascida do Problema', 'CONTEXTO — O Ciclo PD&I Institucional');
INSERT INTO destaque_linhas (destaque_id, ordem, tipo, label, conteudo)
VALUES ((SELECT id FROM destaques_estrategicos WHERE acao_estrategica_id = (SELECT id FROM acoes_estrategicas WHERE numero = '6.2.1')), 1, 'label_conteudo', 'Princípio', 'A inovação institucional não nasce de laboratório — nasce do problema operacional. O ciclo PD&I desta ação parte dos diagnósticos produzidos pelas ações de governança e gestão (mapeamento de processos, diagnósticos de competências, avaliações de desempenho) e os transforma em projetos de desenvolvimento de novos produtos, serviços ou processos. O CEPEDEC lidera o PD&I; o ICTDEC alimenta o ciclo com os insumos de gestão que gera nas ações do OE 2.');
INSERT INTO destaque_linhas (destaque_id, ordem, tipo, label, conteudo)
VALUES ((SELECT id FROM destaques_estrategicos WHERE acao_estrategica_id = (SELECT id FROM acoes_estrategicas WHERE numero = '6.2.1')), 2, 'label_conteudo', 'Cadeia de valor', '1. Problema identificado: gargalos operacionais e oportunidades de melhoria sinalizados pelos órgãos subordinados, pelo ICTDEC (a partir das ações de governança) ou pela SUOP.
2. Pesquisa aplicada: o CEPEDEC investiga soluções possíveis, consultando referências externas, parceiros acadêmicos e conhecimento interno sistematizado.
3. Desenvolvimento: prototipagem e teste de novos produtos, serviços ou processos em ambiente controlado.
4. Incorporação: a inovação validada é incorporada à rotina institucional, com apoio da SUOP para disseminação e adoção pelos órgãos.');
INSERT INTO destaque_linhas (destaque_id, ordem, tipo, label, conteudo)
VALUES ((SELECT id FROM destaques_estrategicos WHERE acao_estrategica_id = (SELECT id FROM acoes_estrategicas WHERE numero = '6.2.1')), 3, 'label_conteudo', 'Risco a evitar', 'Inovar por inovar. Soluções que não resolvem problemas reais ou que a cultura organizacional rejeita geram desperdício e alimentam o cinismo institucional. A inovação deve ser orientada por problema, validada no campo e adotada com suporte à mudança.');
INSERT INTO panoramico_linhas (acao_estrategica_id, ordem, setor_display, papel, sintese_contribuicao, nao_faz)
VALUES ((SELECT id FROM acoes_estrategicas WHERE numero = '6.2.1'), 1, 'CEPEDEC', 'Líder de PD&I', 'Conduz pesquisa aplicada; desenvolve e testa novos produtos, serviços e processos; coordena o ciclo de inovação', 'Não define prioridades sem a SUOP; não implanta inovações nos órgãos');
INSERT INTO panoramico_setores (panoramico_linha_id, setor_id, tipo_participacao)
VALUES ((SELECT id FROM panoramico_linhas WHERE acao_estrategica_id = (SELECT id FROM acoes_estrategicas WHERE numero = '6.2.1') AND ordem = 1), (SELECT id FROM setores WHERE codigo = 'CEPEDEC'), 'principal');
INSERT INTO panoramico_linhas (acao_estrategica_id, ordem, setor_display, papel, sintese_contribuicao, nao_faz)
VALUES ((SELECT id FROM acoes_estrategicas WHERE numero = '6.2.1'), 2, 'ICTDEC', 'Executor e Provedor de Insumos', 'Fornece diagnósticos de governança e gestão como subsídio para inovação; fomenta organização de informações das ações de melhoria', 'Não lidera o ciclo PD&I; não conduz pesquisa aplicada');
INSERT INTO panoramico_setores (panoramico_linha_id, setor_id, tipo_participacao)
VALUES ((SELECT id FROM panoramico_linhas WHERE acao_estrategica_id = (SELECT id FROM acoes_estrategicas WHERE numero = '6.2.1') AND ordem = 2), (SELECT id FROM setores WHERE codigo = 'ICTDEC'), 'principal');
INSERT INTO panoramico_linhas (acao_estrategica_id, ordem, setor_display, papel, sintese_contribuicao, nao_faz)
VALUES ((SELECT id FROM acoes_estrategicas WHERE numero = '6.2.1'), 3, 'SUOP (sob aval da SUBSEGOP)', 'Orientador Estratégico', 'Valida priorização; sinaliza problemas; apoia incorporação das inovações nos órgãos', 'Não conduz PD&I; não desenvolve soluções');
INSERT INTO panoramico_setores (panoramico_linha_id, setor_id, tipo_participacao)
VALUES ((SELECT id FROM panoramico_linhas WHERE acao_estrategica_id = (SELECT id FROM acoes_estrategicas WHERE numero = '6.2.1') AND ordem = 3), (SELECT id FROM setores WHERE codigo = 'SUOP'), 'principal');
INSERT INTO panoramico_setores (panoramico_linha_id, setor_id, tipo_participacao)
VALUES ((SELECT id FROM panoramico_linhas WHERE acao_estrategica_id = (SELECT id FROM acoes_estrategicas WHERE numero = '6.2.1') AND ordem = 3), (SELECT id FROM setores WHERE codigo = 'SUBSEGOP'), 'aval');
INSERT INTO panoramico_linhas (acao_estrategica_id, ordem, setor_display, papel, sintese_contribuicao, nao_faz)
VALUES ((SELECT id FROM acoes_estrategicas WHERE numero = '6.2.1'), 4, 'Órgãos Subordinados', 'Fonte de Problemas e Destinatários', 'Identificam gargalos; validam soluções no campo; adotam inovações incorporadas', 'Não desenvolvem soluções de PD&I isoladamente');
INSERT INTO panoramico_setores (panoramico_linha_id, setor_id, tipo_participacao)
VALUES ((SELECT id FROM panoramico_linhas WHERE acao_estrategica_id = (SELECT id FROM acoes_estrategicas WHERE numero = '6.2.1') AND ordem = 4), (SELECT id FROM setores WHERE codigo = 'ÓRGÃOS_SUBORDINADOS'), 'principal');
INSERT INTO fichas (acao_estrategica_id, ordem, titulo, setor_display, papel, justificativa,
    contribuicao_esperada, nao_escopo, dependencias_criticas)
VALUES ((SELECT id FROM acoes_estrategicas WHERE numero = '6.2.1'), 1, 'CEPEDEC — LÍDER DE PD&I',
    'CEPEDEC', 'LÍDER DE PD&I', 'O CEPEDEC é o órgão de pesquisa da Secretaria e, nesta ação, assume a liderança do ciclo de Pesquisa, Desenvolvimento e Inovação institucional. Compete-lhe transformar problemas organizacionais em projetos de PD&I, conduzir a pesquisa aplicada, desenvolver e testar soluções (novos produtos, serviços ou processos) e entregá-las validadas para incorporação pela SUOP. O CEPEDEC utiliza como matéria-prima tanto os gargalos sinalizados pelos órgãos subordinados quanto os diagnósticos produzidos pelo ICTDEC nas ações de governança e gestão.',
    ARRAY['Conduzir o ciclo de PD&I institucional: pesquisa aplicada, desenvolvimento, prototipagem e validação de soluções', 'Transformar problemas organizacionais identificados pelos órgãos e pelo ICTDEC em projetos de inovação', 'Consultar referências externas, parceiros acadêmicos (AE 6.1.3) e conhecimento interno sistematizado (AE 6.3.2) para fundamentar as soluções', 'Entregar soluções validadas à SUOP para incorporação na rotina institucional', 'Manter portfólio de projetos de inovação em andamento, com registro de resultados e lições aprendidas'], ARRAY['Não definir prioridades de inovação sem validação da SUOP quanto à aderência aos problemas operacionais prioritários', 'Não implantar inovações diretamente nos órgãos (a incorporação é coordenada pela SUOP)', 'Não produzir inovações desconectadas de problemas reais da instituição'], ARRAY['Sinalização de problemas e gargalos prioritários pela SUOP e pelos órgãos subordinados', 'Diagnósticos de governança e gestão produzidos pelo ICTDEC (mapeamento de processos, diagnósticos de competências, avaliações de desempenho)', 'Conhecimento tácito sistematizado (AE 6.3.2) como insumo para projetos de inovação', 'Parcerias acadêmicas formalizadas (AE 6.1.3) para suporte técnico-científico quando necessário', 'Recursos para custeio dos projetos de PD&I']);
INSERT INTO ficha_setores (ficha_id, setor_id, tipo_participacao)
VALUES ((SELECT id FROM fichas WHERE acao_estrategica_id = (SELECT id FROM acoes_estrategicas WHERE numero = '6.2.1') AND ordem = 1), (SELECT id FROM setores WHERE codigo = 'CEPEDEC'), 'principal');
INSERT INTO fichas (acao_estrategica_id, ordem, titulo, setor_display, papel, justificativa,
    contribuicao_esperada, nao_escopo, dependencias_criticas)
VALUES ((SELECT id FROM acoes_estrategicas WHERE numero = '6.2.1'), 2, 'ICTDEC — EXECUTOR E PROVEDOR DE INSUMOS',
    'ICTDEC', 'EXECUTOR E PROVEDOR DE INSUMOS', 'O ICTDEC, ao conduzir as ações de melhoria de governança e gestão (mapeamento de processos, diagnósticos de competências, avaliações de desempenho, análise institucional), gera um volume significativo de informações sobre gargalos, redundâncias e oportunidades de melhoria. Esses diagnósticos são matéria-prima para o ciclo PD&I liderado pelo CEPEDEC. O ICTDEC não lidera a inovação, mas a alimenta com insumos estruturados e fomenta a organização das informações que permitem identificar onde a inovação pode gerar maior impacto.',
    ARRAY['Fornecer ao CEPEDEC os diagnósticos e dados produzidos nas ações de governança e gestão (AEs 2.1.1 a 2.1.7) como subsídio para projetos de inovação', 'Fomentar a organização e sistematização de informações das ações de melhoria que possam servir de subsídios para criação de inovações', 'Sinalizar ao CEPEDEC gargalos recorrentes identificados nos diagnósticos que demandem soluções inovadoras', 'Apoiar a validação técnica de inovações que incidam sobre processos de gestão e governança (assegurar aderência às metodologias institucionais)'], ARRAY['Não liderar o ciclo de PD&I (competência do CEPEDEC)', 'Não conduzir pesquisa aplicada para desenvolvimento de soluções (competência do CEPEDEC)', 'Não incorporar inovações nos órgãos (coordenação da SUOP)'], ARRAY['Ações de governança e gestão em execução (AEs do OE 2) gerando diagnósticos e dados utilizáveis', 'Canal claro de comunicação com o CEPEDEC para transferência dos insumos', 'Retroalimentação do CEPEDEC sobre quais insumos são mais úteis para o ciclo PD&I']);
INSERT INTO ficha_setores (ficha_id, setor_id, tipo_participacao)
VALUES ((SELECT id FROM fichas WHERE acao_estrategica_id = (SELECT id FROM acoes_estrategicas WHERE numero = '6.2.1') AND ordem = 2), (SELECT id FROM setores WHERE codigo = 'ICTDEC'), 'principal');
INSERT INTO fichas (acao_estrategica_id, ordem, titulo, setor_display, papel, justificativa,
    contribuicao_esperada, nao_escopo, dependencias_criticas)
VALUES ((SELECT id FROM acoes_estrategicas WHERE numero = '6.2.1'), 3, 'SUOP (sob aval da SUBSEGOP) — ORIENTADOR ESTRATÉGICO',
    'SUOP (sob aval da SUBSEGOP)', 'ORIENTADOR ESTRATÉGICO', 'A SUOP conecta a inovação à operação. Compete-lhe validar a priorização dos projetos de PD&I, sinalizar os problemas operacionais mais urgentes e coordenar a incorporação das inovações validadas na rotina dos órgãos.',
    ARRAY['Validar a priorização dos projetos de PD&I propostos pelo CEPEDEC, assegurando alinhamento às necessidades operacionais', 'Sinalizar ao CEPEDEC os problemas operacionais prioritários da Secretaria', 'Coordenar a incorporação das inovações validadas na rotina dos órgãos subordinados, com suporte à adoção e à gestão da mudança (AE 2.1.4)', 'Apoiar a disseminação dos resultados do PD&I para os órgãos da Secretaria'], ARRAY['Não conduzir projetos de PD&I (competência do CEPEDEC)', 'Não desenvolver soluções inovadoras (competência do CEPEDEC)', 'Não definir metodologia de pesquisa (competência do CEPEDEC)'], ARRAY['Portfólio de projetos de PD&I organizado pelo CEPEDEC, com descrição do problema, solução proposta e produto esperado', 'Inovações entregues validadas e em formato incorporável à rotina (não apenas protótipos)']);
INSERT INTO ficha_setores (ficha_id, setor_id, tipo_participacao)
VALUES ((SELECT id FROM fichas WHERE acao_estrategica_id = (SELECT id FROM acoes_estrategicas WHERE numero = '6.2.1') AND ordem = 3), (SELECT id FROM setores WHERE codigo = 'SUOP'), 'principal');
INSERT INTO ficha_setores (ficha_id, setor_id, tipo_participacao)
VALUES ((SELECT id FROM fichas WHERE acao_estrategica_id = (SELECT id FROM acoes_estrategicas WHERE numero = '6.2.1') AND ordem = 3), (SELECT id FROM setores WHERE codigo = 'SUBSEGOP'), 'aval');
INSERT INTO fichas (acao_estrategica_id, ordem, titulo, setor_display, papel, justificativa,
    contribuicao_esperada, nao_escopo, dependencias_criticas)
VALUES ((SELECT id FROM acoes_estrategicas WHERE numero = '6.2.1'), 4, 'Órgãos Subordinados (Direções, Coordenações, REDECs e demais setores) — FONTE DE PROBLEMAS E DESTINATÁRIOS',
    'Órgãos Subordinados (Direções, Coordenações, REDECs e demais setores)', 'FONTE DE PROBLEMAS E DESTINATÁRIOS', 'Os órgãos subordinados desempenham duplo papel: são a fonte primária dos problemas que o PD&I deve resolver (gargalos, ineficiências, necessidades não atendidas) e os destinatários finais das inovações, que devem ser incorporadas à sua rotina.',
    ARRAY['Identificar e reportar gargalos operacionais, ineficiências e necessidades que possam ser endereçados por inovação', 'Participar da validação de protótipos e soluções em desenvolvimento, fornecendo feedback sobre aplicabilidade', 'Adotar as inovações incorporadas à rotina institucional, com apoio da SUOP na transição'], ARRAY['Não desenvolver soluções de PD&I isoladamente (a condução é do CEPEDEC)', 'Não rejeitar inovações validadas e incorporadas sem justificativa técnica fundamentada'], ARRAY['Comunicação prévia sobre inovações em desenvolvimento que afetarão o setor', 'Suporte à adoção (capacitação, transição gradual, canal de dúvidas) coordenado pela SUOP', 'Retorno sobre os resultados das inovações incorporadas (o setor deve saber se a mudança gerou o impacto esperado)']);
INSERT INTO ficha_setores (ficha_id, setor_id, tipo_participacao)
VALUES ((SELECT id FROM fichas WHERE acao_estrategica_id = (SELECT id FROM acoes_estrategicas WHERE numero = '6.2.1') AND ordem = 4), (SELECT id FROM setores WHERE codigo = 'ORGAOS_SUBORDINADOS'), 'principal');
INSERT INTO ficha_setores (ficha_id, setor_id, tipo_participacao)
VALUES ((SELECT id FROM fichas WHERE acao_estrategica_id = (SELECT id FROM acoes_estrategicas WHERE numero = '6.2.1') AND ordem = 4), (SELECT id FROM setores WHERE codigo = 'REDECS'), 'participante');
INSERT INTO fundamentacoes (acao_estrategica_id, introducao, conclusao)
VALUES ((SELECT id FROM acoes_estrategicas WHERE numero = '6.2.1'), 'A ausência de um ciclo estruturado de PD&I institucional gera três efeitos:', 'Esta ação enfrenta esses efeitos ao instituir um ciclo PD&I liderado pelo CEPEDEC (estrutura), alimentado pelos diagnósticos do ICTDEC (insumo) e orientado pelos problemas reais da operação (relevância), com incorporação das inovações coordenada pela SUOP (adoção).');
INSERT INTO fundamentacao_itens (fundamentacao_id, ordem, conteudo)
VALUES ((SELECT id FROM fundamentacoes WHERE acao_estrategica_id = (SELECT id FROM acoes_estrategicas WHERE numero = '6.2.1')), 1, '1. Repetição de práticas obsoletas: Sem mecanismo para transformar diagnósticos em soluções, os problemas identificados nas ações de governança permanecem como diagnósticos — conhecidos, documentados, mas não resolvidos. A instituição sabe o que está errado, mas não tem mecanismo para criar o que está certo.');
INSERT INTO fundamentacao_itens (fundamentacao_id, ordem, conteudo)
VALUES ((SELECT id FROM fundamentacoes WHERE acao_estrategica_id = (SELECT id FROM acoes_estrategicas WHERE numero = '6.2.1')), 2, '2. Inovação espontânea e não institucionalizada: Na ausência de PD&I estruturado, inovações acontecem de forma espontânea e personalista — dependem da iniciativa individual e não são registradas, validadas ou replicadas. Quando a pessoa sai, a inovação se perde.');
INSERT INTO fundamentacao_itens (fundamentacao_id, ordem, conteudo)
VALUES ((SELECT id FROM fundamentacoes WHERE acao_estrategica_id = (SELECT id FROM acoes_estrategicas WHERE numero = '6.2.1')), 3, '3. Desconexão entre diagnóstico e solução: As ações de governança (OE 2) geram um volume crescente de informações sobre gargalos e oportunidades. Sem o ciclo PD&I, esses insumos não se transformam em produtos concretos — a Secretaria diagnostica cada vez melhor, mas não traduz o diagnóstico em melhoria.');

-- AE 6.3.1
INSERT INTO acoes_estrategicas (numero, nome, eixo_prioritario_id, objetivo_estrategico_id, estrategia_id,
    acoes_conectadas, descricao_oficial_completa, descricao_o_que, descricao_para_que, ancoragem,
    nota_arranjo_institucional, versao, data_elaboracao, elaboracao, proxima_fase)
VALUES ('6.3.1', 'Promover a sistematização de saberes/fazeres no âmbito dos municípios de modo a dar visibilidade para as ações técnico-científicas desenvolvidas no âmbito do Estado do Rio de Janeiro', (SELECT id FROM eixos_prioritarios WHERE codigo = 'EIXO_3'), (SELECT id FROM objetivos_estrategicos WHERE codigo = 'OE6'), (SELECT id FROM estrategias WHERE codigo = 'E6.3'),
    'AE 6.3.2 (Conhecimento interno SEDEC) | AE 6.3.3 (Registro histórico) | AE 6.2.1 (PD&I institucional) | AE 6.1.3 (Parcerias de pesquisa)',
    'Implementação de uma estratégia corporativa de Gestão do Conhecimento e Inteligência Coletiva (O QUÊ), capaz de capturar, validar cientificamente e sistematizar o capital intelectual gerado em todas as instâncias do Sistema (O QUÊ), visando transformar experiências operacionais e práticas locais dispersas em doutrina técnica consolidada, conferindo caráter científico e visibilidade institucional às ações de Defesa Civil (PARA QUÊ).',
    'Implementação de uma estratégia corporativa de Gestão do Conhecimento e Inteligência Coletiva, capaz de capturar, validar cientificamente e sistematizar o capital intelectual gerado em todas as instâncias do Sistema.',
    'Transformar experiências operacionais e práticas locais dispersas em doutrina técnica consolidada, conferindo caráter científico e visibilidade institucional às ações de Defesa Civil.',
    'O Sistema Estadual de Proteção e Defesa Civil produz conhecimento diariamente — nas operações municipais, nos relatos de campo, nas soluções improvisadas diante de desastres. Esse capital intelectual, porém, permanece disperso e não documentado. O Plano Estratégico 2024–2035 posiciona esta ação na Estratégia E6.3 (Fomento da Produção de Conhecimento), com foco na implementação de uma estratégia corporativa de Gestão do Conhecimento e Inteligência Coletiva. A iniciativa indicada é a abertura de chamadas sistemáticas para receber estudos, pesquisas e relatos de experiências desenvolvidas no âmbito dos municípios. A ação complementa a AE 6.3.2 (sistematização do conhecimento interno da SEDEC) e alimenta a AE 6.2.1 (PD&I institucional) e a AE 6.3.3 (registro histórico).',
    NULL,
    '1.0',
    '2026-02-14',
    'ICTDEC/DAEAD',
    'Fase 2 — Desdobramento Orientado (definição de entregas por setor)');
INSERT INTO destaques_estrategicos (acao_estrategica_id, titulo, header_contexto)
VALUES ((SELECT id FROM acoes_estrategicas WHERE numero = '6.3.1'), 'De Saber Tácito a Doutrina Técnica', 'CONTEXTO — O Conhecimento que se Perde na Ponta');
INSERT INTO destaque_linhas (destaque_id, ordem, tipo, label, conteudo)
VALUES ((SELECT id FROM destaques_estrategicos WHERE acao_estrategica_id = (SELECT id FROM acoes_estrategicas WHERE numero = '6.3.1')), 1, 'label_conteudo', 'Princípio', 'Os municípios fluminenses produzem conhecimento operacional valioso todos os dias: soluções criativas para problemas locais, adaptações de protocolos, lições aprendidas em desastres. Esse saber é tácito — existe na cabeça das pessoas, nos relatos informais, nas práticas repetidas sem registro. Quando o agente sai, o saber se perde. Esta ação cria o mecanismo para capturar, validar e transformar esse saber tácito em doutrina técnica acessível a todo o Sistema.');
INSERT INTO destaque_linhas (destaque_id, ordem, tipo, label, conteudo)
VALUES ((SELECT id FROM destaques_estrategicos WHERE acao_estrategica_id = (SELECT id FROM acoes_estrategicas WHERE numero = '6.3.1')), 2, 'label_conteudo', 'Dois fluxos de captura', 'Fluxo 1 — Chamada aberta (receptivo): o CEPEDEC organiza chamadas sistemáticas e as REDECs divulgam junto às COMDECs, que enviam estudos, relatos e experiências. Sentido COMDEC → SEDEC.
Fluxo 2 — Prospecção dirigida (ativo): a SEDEC, por meio das REDECs ou do próprio CEPEDEC, identifica uma expertise ou experiência específica em alguma COMDEC e provoca diretamente um projeto de sistematização daquele saber/fazer. Sentido SEDEC → COMDEC. Este fluxo tende a ser mais cirúrgico e produtivo, pois vai atrás do conhecimento que se sabe que existe.');
INSERT INTO destaque_linhas (destaque_id, ordem, tipo, label, conteudo)
VALUES ((SELECT id FROM destaques_estrategicos WHERE acao_estrategica_id = (SELECT id FROM acoes_estrategicas WHERE numero = '6.3.1')), 3, 'label_conteudo', 'Ciclo comum', 'Independentemente do fluxo de origem, o material passa pelo mesmo ciclo: captura → validação científica (CEPEDEC) → sistematização → devolução ao Sistema em formato de doutrina técnica.');
INSERT INTO destaque_linhas (destaque_id, ordem, tipo, label, conteudo)
VALUES ((SELECT id FROM destaques_estrategicos WHERE acao_estrategica_id = (SELECT id FROM acoes_estrategicas WHERE numero = '6.3.1')), 4, 'label_conteudo', 'Risco a evitar', 'Chamadas sem devolutiva. Se os municípios contribuem com relatos e experiências mas nunca recebem retorno — nem sobre o uso do material, nem sobre o conhecimento consolidado —, a adesão se esvazia rapidamente. O ciclo só se sustenta se houver devolução visível de valor.');
INSERT INTO panoramico_linhas (acao_estrategica_id, ordem, setor_display, papel, sintese_contribuicao, nao_faz)
VALUES ((SELECT id FROM acoes_estrategicas WHERE numero = '6.3.1'), 1, 'CEPEDEC', 'Líder e Sistematizador', 'Valida cientificamente; sistematiza o conhecimento; organiza chamadas; publica e devolve ao Sistema', 'Não coleta diretamente nos municípios; não define prioridades sem a SUOP');
INSERT INTO panoramico_setores (panoramico_linha_id, setor_id, tipo_participacao)
VALUES ((SELECT id FROM panoramico_linhas WHERE acao_estrategica_id = (SELECT id FROM acoes_estrategicas WHERE numero = '6.3.1') AND ordem = 1), (SELECT id FROM setores WHERE codigo = 'CEPEDEC'), 'principal');
INSERT INTO panoramico_linhas (acao_estrategica_id, ordem, setor_display, papel, sintese_contribuicao, nao_faz)
VALUES ((SELECT id FROM acoes_estrategicas WHERE numero = '6.3.1'), 2, 'SUOP (sob aval da SUBSEGOP)', 'Orientador Estratégico', 'Valida priorização temática; apoia disseminação; orienta REDECs na coleta', 'Não sistematiza conhecimento; não valida cientificamente');
INSERT INTO panoramico_setores (panoramico_linha_id, setor_id, tipo_participacao)
VALUES ((SELECT id FROM panoramico_linhas WHERE acao_estrategica_id = (SELECT id FROM acoes_estrategicas WHERE numero = '6.3.1') AND ordem = 2), (SELECT id FROM setores WHERE codigo = 'SUOP'), 'principal');
INSERT INTO panoramico_setores (panoramico_linha_id, setor_id, tipo_participacao)
VALUES ((SELECT id FROM panoramico_linhas WHERE acao_estrategica_id = (SELECT id FROM acoes_estrategicas WHERE numero = '6.3.1') AND ordem = 2), (SELECT id FROM setores WHERE codigo = 'SUBSEGOP'), 'aval');
INSERT INTO panoramico_linhas (acao_estrategica_id, ordem, setor_display, papel, sintese_contribuicao, nao_faz)
VALUES ((SELECT id FROM acoes_estrategicas WHERE numero = '6.3.1'), 3, 'Órgãos Subordinados (com destaque para REDECs)', 'Captadores e Fonte de Saberes', 'REDECs coletam saberes/fazeres nos municípios; demais órgãos contribuem com experiências internas', 'Não validam cientificamente; não publicam sem curadoria do CEPEDEC');
INSERT INTO panoramico_setores (panoramico_linha_id, setor_id, tipo_participacao)
VALUES ((SELECT id FROM panoramico_linhas WHERE acao_estrategica_id = (SELECT id FROM acoes_estrategicas WHERE numero = '6.3.1') AND ordem = 3), (SELECT id FROM setores WHERE codigo = 'ORGAOS_SUBORDINADOS'), 'principal');
INSERT INTO panoramico_setores (panoramico_linha_id, setor_id, tipo_participacao)
VALUES ((SELECT id FROM panoramico_linhas WHERE acao_estrategica_id = (SELECT id FROM acoes_estrategicas WHERE numero = '6.3.1') AND ordem = 3), (SELECT id FROM setores WHERE codigo = 'REDECS'), 'destaque');
INSERT INTO fichas (acao_estrategica_id, ordem, titulo, setor_display, papel, justificativa,
    contribuicao_esperada, nao_escopo, dependencias_criticas)
VALUES ((SELECT id FROM acoes_estrategicas WHERE numero = '6.3.1'), 1, 'CEPEDEC — LÍDER E SISTEMATIZADOR',
    'CEPEDEC', 'LÍDER E SISTEMATIZADOR', 'O CEPEDEC é o órgão de pesquisa da Secretaria e, nesta ação, assume a liderança do processo de captura, validação científica e sistematização do conhecimento gerado no âmbito do Sistema Estadual. Compete-lhe definir a metodologia de coleta e análise, organizar as chamadas sistemáticas para recebimento de estudos e relatos, conferir rigor científico ao material recebido e transformar práticas dispersas em doutrina técnica acessível. O CEPEDEC não coleta diretamente nos municípios — essa função é das REDECs.',
    ARRAY['Definir a metodologia de captura, análise e sistematização dos saberes/fazeres (critérios de validação, formatos de registro, taxonomia)', 'Organizar chamadas sistemáticas para recebimento de estudos e relatos dos municípios e da estrutura SEDEC (fluxo receptivo)', 'Identificar, em articulação com as REDECs, expertises e experiências específicas em COMDECs que justifiquem projetos dirigidos de sistematização (fluxo ativo)', 'Receber, analisar e validar cientificamente o material coletado pelas REDECs e pelos demais órgãos', 'Sistematizar o conhecimento validado em formatos acessíveis: repositórios, publicações, cadernos técnicos, bases de dados', 'Devolver o conhecimento consolidado ao Sistema, alimentando capacitações, protocolos e políticas', 'Manter o acervo de conhecimento sistematizado organizado e atualizado (AE 6.3.3)'], ARRAY['Não coletar saberes diretamente nos municípios (competência das REDECs)', 'Não definir prioridades temáticas sem validação da SUOP quanto à aderência às necessidades do Sistema', 'Não publicar material sem curadoria e validação científica (preservar a credibilidade institucional)'], ARRAY['Coleta efetiva de saberes/fazeres pelas REDECs junto às COMDECs', 'Orientação estratégica da SUOP sobre os temas prioritários para sistematização', 'Adesão dos municípios às chamadas (depende de comunicação clara sobre benefícios e devolutiva)', 'Recursos para produção e distribuição dos produtos de conhecimento (publicações, cadernos, plataforma digital)']);
INSERT INTO ficha_setores (ficha_id, setor_id, tipo_participacao)
VALUES ((SELECT id FROM fichas WHERE acao_estrategica_id = (SELECT id FROM acoes_estrategicas WHERE numero = '6.3.1') AND ordem = 1), (SELECT id FROM setores WHERE codigo = 'CEPEDEC'), 'principal');
INSERT INTO fichas (acao_estrategica_id, ordem, titulo, setor_display, papel, justificativa,
    contribuicao_esperada, nao_escopo, dependencias_criticas)
VALUES ((SELECT id FROM acoes_estrategicas WHERE numero = '6.3.1'), 2, 'SUOP (sob aval da SUBSEGOP) — ORIENTADOR ESTRATÉGICO',
    'SUOP (sob aval da SUBSEGOP)', 'ORIENTADOR ESTRATÉGICO', 'A SUOP conecta a produção de conhecimento às necessidades do Sistema. Compete-lhe validar a priorização temática das chamadas, orientar as REDECs na coleta de saberes e apoiar a disseminação do conhecimento sistematizado para os órgãos subordinados e para o SIEPDEC.',
    ARRAY['Validar a priorização temática das chamadas de saberes/fazeres, assegurando alinhamento às necessidades operacionais e estratégicas do Sistema', 'Orientar as REDECs quanto às áreas prioritárias de coleta junto às COMDECs', 'Apoiar a disseminação do conhecimento sistematizado para os órgãos subordinados e para o SIEPDEC', 'Identificar oportunidades de aplicação do conhecimento sistematizado em protocolos, capacitações e políticas'], ARRAY['Não sistematizar ou validar cientificamente o conhecimento (competência do CEPEDEC)', 'Não coletar saberes diretamente nos municípios (competência das REDECs)', 'Não definir metodologia de análise ou publicação (competência do CEPEDEC)'], ARRAY['Chamadas organizadas pelo CEPEDEC com cronograma e critérios claros', 'Conhecimento sistematizado entregue em formato aplicável (não apenas acadêmico)', 'Capacidade das REDECs para executar a coleta nos municípios']);
INSERT INTO ficha_setores (ficha_id, setor_id, tipo_participacao)
VALUES ((SELECT id FROM fichas WHERE acao_estrategica_id = (SELECT id FROM acoes_estrategicas WHERE numero = '6.3.1') AND ordem = 2), (SELECT id FROM setores WHERE codigo = 'SUOP'), 'principal');
INSERT INTO ficha_setores (ficha_id, setor_id, tipo_participacao)
VALUES ((SELECT id FROM fichas WHERE acao_estrategica_id = (SELECT id FROM acoes_estrategicas WHERE numero = '6.3.1') AND ordem = 2), (SELECT id FROM setores WHERE codigo = 'SUBSEGOP'), 'aval');
INSERT INTO fichas (acao_estrategica_id, ordem, titulo, setor_display, papel, justificativa,
    contribuicao_esperada, nao_escopo, dependencias_criticas)
VALUES ((SELECT id FROM acoes_estrategicas WHERE numero = '6.3.1'), 3, 'Órgãos Subordinados (com destaque para REDECs) — CAPTADORES E FONTE DE SABERES',
    'Órgãos Subordinados (com destaque para REDECs)', 'CAPTADORES E FONTE DE SABERES', 'Os órgãos subordinados desempenham duplo papel nesta ação. Os demais órgãos da estrutura SEDEC contribuem com suas próprias experiências e práticas operacionais internas. As REDECs, porém, têm um papel preponderante: como órgãos vocacionados para a interface com os municípios, são o canal natural de captura dos saberes/fazeres produzidos pelas COMDECs. São elas que operam na ponta, coletando relatos, experiências e estudos que alimentarão o trabalho de sistematização do CEPEDEC.',
    ARRAY['REDECs: coletar saberes, fazeres, relatos e experiências das COMDECs, conforme orientação da SUOP e metodologia definida pelo CEPEDEC', 'REDECs: divulgar as chamadas sistemáticas junto às COMDECs, estimulando a participação e o envio de contribuições (fluxo receptivo)', 'REDECs: sinalizar ao CEPEDEC expertises e experiências específicas identificadas em COMDECs que mereçam prospecção dirigida (fluxo ativo)', 'REDECs: apoiar o CEPEDEC na execução de projetos dirigidos de sistematização em COMDECs específicas, facilitando o acesso e a articulação local', 'Demais órgãos: contribuir com suas próprias experiências operacionais e práticas internas para as chamadas', 'Todos: validar a aplicabilidade do conhecimento sistematizado devolvido pelo CEPEDEC'], ARRAY['Não validar cientificamente o material coletado (competência do CEPEDEC)', 'Não publicar relatos ou experiências sem curadoria do CEPEDEC (risco de disseminar práticas não validadas)', 'Não definir prioridades temáticas da coleta (competência da SUOP em articulação com o CEPEDEC)'], ARRAY['Metodologia de coleta clara e acessível, definida pelo CEPEDEC (formatos, critérios, prazos)', 'Orientação da SUOP sobre as áreas prioritárias de coleta', 'Devolutiva do CEPEDEC sobre o uso e o destino do material coletado (retroalimentação essencial para manter a adesão dos municípios)', 'Reconhecimento institucional das contribuições municipais (crédito, citação, participação em eventos)']);
INSERT INTO ficha_setores (ficha_id, setor_id, tipo_participacao)
VALUES ((SELECT id FROM fichas WHERE acao_estrategica_id = (SELECT id FROM acoes_estrategicas WHERE numero = '6.3.1') AND ordem = 3), (SELECT id FROM setores WHERE codigo = 'ORGAOS_SUBORDINADOS'), 'principal');
INSERT INTO ficha_setores (ficha_id, setor_id, tipo_participacao)
VALUES ((SELECT id FROM fichas WHERE acao_estrategica_id = (SELECT id FROM acoes_estrategicas WHERE numero = '6.3.1') AND ordem = 3), (SELECT id FROM setores WHERE codigo = 'REDECS'), 'destaque');
INSERT INTO fundamentacoes (acao_estrategica_id, introducao, conclusao)
VALUES ((SELECT id FROM acoes_estrategicas WHERE numero = '6.3.1'), 'A ausência de uma estratégia de gestão do conhecimento no âmbito do Sistema Estadual gera três efeitos:', 'Esta ação enfrenta esses efeitos ao instituir um fluxo de captura liderado pelas REDECs na ponta (alcance), validação científica pelo CEPEDEC (rigor) e devolução ao Sistema em formato de doutrina técnica (impacto).');
INSERT INTO fundamentacao_itens (fundamentacao_id, ordem, conteudo)
VALUES ((SELECT id FROM fundamentacoes WHERE acao_estrategica_id = (SELECT id FROM acoes_estrategicas WHERE numero = '6.3.1')), 1, '1. Perda de capital intelectual: Soluções criativas desenvolvidas nos municípios nunca são registradas. Quando o agente se aposenta, é transferido ou deixa o cargo, o conhecimento se perde irremediavelmente. A Defesa Civil reinventa a roda em cada crise, em cada município, sem acumular aprendizado.');
INSERT INTO fundamentacao_itens (fundamentacao_id, ordem, conteudo)
VALUES ((SELECT id FROM fundamentacoes WHERE acao_estrategica_id = (SELECT id FROM acoes_estrategicas WHERE numero = '6.3.1')), 2, '2. Invisibilidade científica das práticas locais: Os municípios produzem ações relevantes de defesa civil que não ganham visibilidade porque não são documentadas com rigor. O Estado do Rio de Janeiro possui um acervo potencial de boas práticas que permanece invisível — tanto para o próprio Sistema quanto para a comunidade científica e os órgãos de fomento.');
INSERT INTO fundamentacao_itens (fundamentacao_id, ordem, conteudo)
VALUES ((SELECT id FROM fundamentacoes WHERE acao_estrategica_id = (SELECT id FROM acoes_estrategicas WHERE numero = '6.3.1')), 3, '3. Fragmentação do Sistema: Sem mecanismo de intercâmbio de saberes, cada município opera isoladamente. Problemas semelhantes são enfrentados de formas diferentes, sem que uma solução bem-sucedida em um local possa ser adaptada para outro. A coesão do SIEPDEC depende também de uma base de conhecimento compartilhada.');

-- AE 6.3.2
INSERT INTO acoes_estrategicas (numero, nome, eixo_prioritario_id, objetivo_estrategico_id, estrategia_id,
    acoes_conectadas, descricao_oficial_completa, descricao_o_que, descricao_para_que, ancoragem,
    nota_arranjo_institucional, versao, data_elaboracao, elaboracao, proxima_fase)
VALUES ('6.3.2', 'Sistematizar o conhecimento acumulado pelo pessoal da estrutura SEDEC, passível de aplicação em projetos de pesquisa, desenvolvimento e inovação', (SELECT id FROM eixos_prioritarios WHERE codigo = 'EIXO_1'), (SELECT id FROM objetivos_estrategicos WHERE codigo = 'OE6'), (SELECT id FROM estrategias WHERE codigo = 'E6.3'),
    'AE 6.3.1 (Saberes municipais) | AE 6.3.3 (Registro histórico) | AE 6.2.1 (PD&I institucional) | AE 2.1.4 (Cultura organizacional)',
    'Estabelecimento de rotinas para identificar, registrar e estruturar o conhecimento tácito e as experiências operacionais do efetivo (O QUÊ), visando transformar vivências práticas em base técnica para alimentar linhas de pesquisa, subsidiar o desenvolvimento de novas tecnologias e fomentar a inovação aplicada às necessidades do sistema (PARA QUÊ).',
    'Estabelecimento de rotinas para identificar, registrar e estruturar o conhecimento tácito e as experiências operacionais do efetivo.',
    'Transformar vivências práticas em base técnica para alimentar linhas de pesquisa, subsidiar o desenvolvimento de novas tecnologias e fomentar a inovação aplicada às necessidades do sistema.',
    'O efetivo da SEDEC acumula décadas de experiência operacional em gestão de riscos e desastres — conhecimento que existe na prática, nos relatos informais e na memória individual, mas que não está registrado nem estruturado. O Plano Estratégico 2024–2035 posiciona esta ação na Estratégia E6.3 (Fomento da Produção de Conhecimento), com foco no estabelecimento de rotinas para identificar, registrar e estruturar o conhecimento tácito e as experiências operacionais do efetivo. A iniciativa indicada é a avaliação constante a partir de exercícios simulados e painéis pós-desastres. A ação complementa a AE 6.3.1 (saberes dos municípios), formando com ela o conjunto completo da gestão do conhecimento do Sistema. O conhecimento sistematizado alimenta diretamente a AE 6.2.1 (PD&I institucional) e a AE 6.3.3 (registro histórico).',
    NULL,
    '1.0',
    '2026-02-16',
    'ICTDEC/DAEAD',
    'Fase 2 — Desdobramento Orientado (definição de entregas por setor)');
INSERT INTO destaques_estrategicos (acao_estrategica_id, titulo, header_contexto)
VALUES ((SELECT id FROM acoes_estrategicas WHERE numero = '6.3.2'), 'Combate ao Personalísmo pelo Registro', 'CONTEXTO — O Conhecimento que Mora nas Pessoas');
INSERT INTO destaque_linhas (destaque_id, ordem, tipo, label, conteudo)
VALUES ((SELECT id FROM destaques_estrategicos WHERE acao_estrategica_id = (SELECT id FROM acoes_estrategicas WHERE numero = '6.3.2')), 1, 'label_conteudo', 'Princípio', 'O diagnóstico cultural da Secretaria identifica o personalismo como uma das patologias institucionais centrais: a execução depende de “quem faz” e não “do que deve ser feito”. Quando o agente sai, o processo perde qualidade — e o conhecimento se vai junto. Esta ação ataca esse problema na raiz: ao sistematizar o saber tácito, transforma conhecimento pessoal em patrimônio institucional. O que está registrado sobrevive à transferência, à aposentadoria e à rotatividade.');
INSERT INTO destaque_linhas (destaque_id, ordem, tipo, label, conteudo)
VALUES ((SELECT id FROM destaques_estrategicos WHERE acao_estrategica_id = (SELECT id FROM acoes_estrategicas WHERE numero = '6.3.2')), 2, 'label_conteudo', 'Ciclo de três fases', 'Fase 1 — Criação da metodologia (ICTDEC + CEPEDEC): definição conjunta dos instrumentos de captura, formatos de registro, critérios de análise e padrões de saída. O ICTDEC contribui com a visão de desenvolvimento organizacional; o CEPEDEC, com o rigor científico.
Fase 2 — Execução da metodologia: dois modos de operação conforme a natureza da atividade:
2.1 — Dinâmicas multiórgãos (ICTDEC): quando a captura envolve múltiplos órgãos como participantes — ex: painéis pós-desastre, entrevistas de transferência, dinâmicas de lições aprendidas transversais. O ICTDEC conduz por sua capacidade de articulação transversal.
2.2 — Aplicação setorial (próprio órgão): quando a captura é interna ao setor — ex: avaliações pós-simulado, registros de práticas setoriais. O órgão aplica a metodologia padronizada de forma autônoma, seguindo os critérios e formatos definidos na Fase 1.
Fase 3 — Análise e sistematização (CEPEDEC): o material coletado (tanto pelo ICTDEC nas dinâmicas transversais quanto pelos órgãos nas aplicações setoriais) é analisado, validado e sistematizado pelo CEPEDEC, que o transforma em base técnica aplicável a PD&I, capacitações e protocolos.');
INSERT INTO destaque_linhas (destaque_id, ordem, tipo, label, conteudo)
VALUES ((SELECT id FROM destaques_estrategicos WHERE acao_estrategica_id = (SELECT id FROM acoes_estrategicas WHERE numero = '6.3.2')), 3, 'label_conteudo', 'Risco a evitar', 'Burocratizar o registro a ponto de inibir a contribuição. Os formatos devem ser acessíveis, ágeis e adaptados à realidade operacional. A metodologia criada na Fase 1 deve ser autoexplicável, com padrão de saída definido, para que os órgãos consigam aplicá-la sem dependência permanente do ICTDEC ou do CEPEDEC.');
INSERT INTO panoramico_linhas (acao_estrategica_id, ordem, setor_display, papel, sintese_contribuicao, nao_faz)
VALUES ((SELECT id FROM acoes_estrategicas WHERE numero = '6.3.2'), 1, 'CEPEDEC', 'Cocriador e Analista', 'Cocria metodologias (rigor científico); analisa, valida e sistematiza o conhecimento coletado', 'Não executa dinâmicas multiórgãos; não coleta diretamente nos setores');
INSERT INTO panoramico_setores (panoramico_linha_id, setor_id, tipo_participacao)
VALUES ((SELECT id FROM panoramico_linhas WHERE acao_estrategica_id = (SELECT id FROM acoes_estrategicas WHERE numero = '6.3.2') AND ordem = 1), (SELECT id FROM setores WHERE codigo = 'CEPEDEC'), 'principal');
INSERT INTO panoramico_linhas (acao_estrategica_id, ordem, setor_display, papel, sintese_contribuicao, nao_faz)
VALUES ((SELECT id FROM acoes_estrategicas WHERE numero = '6.3.2'), 2, 'ICTDEC', 'Cocriador e Executor Transversal', 'Cocria metodologias (visão de DO); conduz dinâmicas que envolvem múltiplos órgãos', 'Não analisa cientificamente; não substitui aplicação setorial');
INSERT INTO panoramico_setores (panoramico_linha_id, setor_id, tipo_participacao)
VALUES ((SELECT id FROM panoramico_linhas WHERE acao_estrategica_id = (SELECT id FROM acoes_estrategicas WHERE numero = '6.3.2') AND ordem = 2), (SELECT id FROM setores WHERE codigo = 'ICTDEC'), 'principal');
INSERT INTO panoramico_linhas (acao_estrategica_id, ordem, setor_display, papel, sintese_contribuicao, nao_faz)
VALUES ((SELECT id FROM acoes_estrategicas WHERE numero = '6.3.2'), 3, 'SUOP (sob aval da SUBSEGOP)', 'Orientador Estratégico', 'Valida priorização; assegura tempo protegido; apoia disseminação', 'Não sistematiza; não cria metodologias');
INSERT INTO panoramico_setores (panoramico_linha_id, setor_id, tipo_participacao)
VALUES ((SELECT id FROM panoramico_linhas WHERE acao_estrategica_id = (SELECT id FROM acoes_estrategicas WHERE numero = '6.3.2') AND ordem = 3), (SELECT id FROM setores WHERE codigo = 'SUOP'), 'principal');
INSERT INTO panoramico_setores (panoramico_linha_id, setor_id, tipo_participacao)
VALUES ((SELECT id FROM panoramico_linhas WHERE acao_estrategica_id = (SELECT id FROM acoes_estrategicas WHERE numero = '6.3.2') AND ordem = 3), (SELECT id FROM setores WHERE codigo = 'SUBSEGOP'), 'aval');
INSERT INTO panoramico_linhas (acao_estrategica_id, ordem, setor_display, papel, sintese_contribuicao, nao_faz)
VALUES ((SELECT id FROM acoes_estrategicas WHERE numero = '6.3.2'), 4, 'Órgãos Subordinados', 'Fonte, Executores Setoriais e Destinatários', 'Aplicam metodologia no setor; compartilham experiências; adotam conhecimento sistematizado', 'Não validam cientificamente; não criam metodologias próprias');
INSERT INTO panoramico_setores (panoramico_linha_id, setor_id, tipo_participacao)
VALUES ((SELECT id FROM panoramico_linhas WHERE acao_estrategica_id = (SELECT id FROM acoes_estrategicas WHERE numero = '6.3.2') AND ordem = 4), (SELECT id FROM setores WHERE codigo = 'ÓRGÃOS_SUBORDINADOS'), 'principal');
INSERT INTO fichas (acao_estrategica_id, ordem, titulo, setor_display, papel, justificativa,
    contribuicao_esperada, nao_escopo, dependencias_criticas)
VALUES ((SELECT id FROM acoes_estrategicas WHERE numero = '6.3.2'), 1, 'CEPEDEC — COCRIADOR DA METODOLOGIA E ANALISTA',
    'CEPEDEC', 'COCRIADOR DA METODOLOGIA E ANALISTA', 'O CEPEDEC é o órgão de pesquisa da Secretaria. Nesta ação, atua em duas frentes: na Fase 1, cocria as metodologias de captura em conjunto com o ICTDEC, aportando o rigor científico necessário para que os instrumentos de registro produzam material analitisável; na Fase 3, recebe o material coletado (tanto pelo ICTDEC nas dinâmicas transversais quanto pelos órgãos nas aplicações setoriais), analisa, valida e sistematiza o conhecimento em formato aplicável a PD&I, capacitações e protocolos.',
    ARRAY['Cocriar, em conjunto com o ICTDEC, as metodologias de captura e registro do conhecimento tácito (critérios de validação, formatos, taxonomia, padrões de saída)', 'Receber e analisar o material coletado pelo ICTDEC (dinâmicas multiórgãos) e pelos órgãos (aplicações setoriais)', 'Validar cientificamente o conhecimento coletado, separando prática fundamentada de anedota', 'Sistematizar o conhecimento validado em formatos acessíveis: repositórios, publicações, cadernos técnicos, bases de dados', 'Disponibilizar o conhecimento sistematizado como insumo para PD&I (AE 6.2.1), capacitações (AE 3.1.1) e registro histórico (AE 6.3.3)'], ARRAY['Não conduzir dinâmicas de captura que envolvam múltiplos órgãos (competência do ICTDEC)', 'Não aplicar a metodologia diretamente nos setores (competência do próprio órgão)', 'Não publicar material sem curadoria e validação (preservar credibilidade institucional)'], ARRAY['Material coletado pelo ICTDEC e pelos órgãos com qualidade e aderência aos padrões de saída definidos na Fase 1', 'Orientação estratégica da SUOP sobre áreas e temas prioritários para sistematização', 'Recursos para produção e manutenção do repositório de conhecimento']);
INSERT INTO ficha_setores (ficha_id, setor_id, tipo_participacao)
VALUES ((SELECT id FROM fichas WHERE acao_estrategica_id = (SELECT id FROM acoes_estrategicas WHERE numero = '6.3.2') AND ordem = 1), (SELECT id FROM setores WHERE codigo = 'CEPEDEC'), 'principal');
INSERT INTO fichas (acao_estrategica_id, ordem, titulo, setor_display, papel, justificativa,
    contribuicao_esperada, nao_escopo, dependencias_criticas)
VALUES ((SELECT id FROM acoes_estrategicas WHERE numero = '6.3.2'), 2, 'ICTDEC — COCRIADOR DA METODOLOGIA E EXECUTOR TRANSVERSAL',
    'ICTDEC', 'COCRIADOR DA METODOLOGIA E EXECUTOR TRANSVERSAL', 'O ICTDEC tem como atribuição o desenvolvimento organizacional da Secretaria. As metodologias de captura e sistematização de conhecimento tácito são, por natureza, instrumentos de desenvolvimento organizacional — transformam experiência individual em capacidade institucional. Isso fundamenta a participação do ICTDEC na cocriação das metodologias (Fase 1), aportando a visão de governança e de processos que assegura a aplicabilidade dos instrumentos na realidade dos setores. Na Fase 2, o ICTDEC conduz as dinâmicas que envolvem múltiplos órgãos como participantes — painéis pós-desastre, entrevistas de transferência, dinâmicas de lições aprendidas transversais — exercendo a articulação transversal que lhe é própria.',
    ARRAY['Cocriar, em conjunto com o CEPEDEC, as metodologias de captura e registro do conhecimento tácito, aportando a visão de desenvolvimento organizacional e de governança', 'Assegurar que as metodologias sejam autoexplicáveis, com padrões de saída claros, para que os órgãos possam aplicá-las de forma autônoma', 'Conduzir as dinâmicas de captura que envolvam múltiplos órgãos: painéis pós-desastre, entrevistas de transferência de conhecimento, dinâmicas transversais de lições aprendidas', 'Encaminhar o material coletado nas dinâmicas transversais ao CEPEDEC para análise e sistematização (Fase 3)'], ARRAY['Não analisar ou validar cientificamente o conhecimento coletado (competência do CEPEDEC)', 'Não substituir a aplicação setorial da metodologia pelos órgãos (quando a captura é interna ao setor, o órgão executa)', 'Não publicar ou sistematizar o material coletado (competência do CEPEDEC)'], ARRAY['Metodologia cocriada com o CEPEDEC, com instrumentos, formatos e padrões de saída definidos', 'Tempo protegido dos órgãos para participação nas dinâmicas transversais (coordenado pela SUOP)', 'Capacidade de análise do CEPEDEC para processar o material encaminhado']);
INSERT INTO ficha_setores (ficha_id, setor_id, tipo_participacao)
VALUES ((SELECT id FROM fichas WHERE acao_estrategica_id = (SELECT id FROM acoes_estrategicas WHERE numero = '6.3.2') AND ordem = 2), (SELECT id FROM setores WHERE codigo = 'ICTDEC'), 'principal');
INSERT INTO fichas (acao_estrategica_id, ordem, titulo, setor_display, papel, justificativa,
    contribuicao_esperada, nao_escopo, dependencias_criticas)
VALUES ((SELECT id FROM acoes_estrategicas WHERE numero = '6.3.2'), 3, 'SUOP (sob aval da SUBSEGOP) — ORIENTADOR ESTRATÉGICO',
    'SUOP (sob aval da SUBSEGOP)', 'ORIENTADOR ESTRATÉGICO', 'A SUOP conecta a sistematização do conhecimento às necessidades operacionais. Compete-lhe validar a priorização temática, apoiar a disseminação do conhecimento sistematizado e, criticamente, assegurar que os órgãos disponham de tempo protegido para participar tanto das dinâmicas transversais conduzidas pelo ICTDEC quanto das aplicações setoriais. Sem esse tempo, a ação não se viabiliza.',
    ARRAY['Validar a priorização temática da sistematização, assegurando alinhamento às necessidades operacionais', 'Assegurar que os órgãos subordinados disponham de tempo protegido para participar das dinâmicas transversais e para aplicar a metodologia setorialmente', 'Apoiar a disseminação do conhecimento sistematizado para os órgãos da Secretaria', 'Identificar oportunidades de aplicação do conhecimento sistematizado em protocolos, capacitações e rotinas operacionais'], ARRAY['Não sistematizar ou validar cientificamente o conhecimento (competência do CEPEDEC)', 'Não conduzir dinâmicas de captura (competência do ICTDEC ou do órgão, conforme o caso)', 'Não criar metodologias de registro (competência do CEPEDEC e do ICTDEC)'], ARRAY['Metodologias definidas e cronograma de dinâmicas estabelecido pelo ICTDEC e CEPEDEC', 'Conhecimento sistematizado entregue em formato aplicável à operação', 'Colaboração dos órgãos subordinados no processo de registro']);
INSERT INTO ficha_setores (ficha_id, setor_id, tipo_participacao)
VALUES ((SELECT id FROM fichas WHERE acao_estrategica_id = (SELECT id FROM acoes_estrategicas WHERE numero = '6.3.2') AND ordem = 3), (SELECT id FROM setores WHERE codigo = 'SUOP'), 'principal');
INSERT INTO ficha_setores (ficha_id, setor_id, tipo_participacao)
VALUES ((SELECT id FROM fichas WHERE acao_estrategica_id = (SELECT id FROM acoes_estrategicas WHERE numero = '6.3.2') AND ordem = 3), (SELECT id FROM setores WHERE codigo = 'SUBSEGOP'), 'aval');
INSERT INTO fichas (acao_estrategica_id, ordem, titulo, setor_display, papel, justificativa,
    contribuicao_esperada, nao_escopo, dependencias_criticas)
VALUES ((SELECT id FROM acoes_estrategicas WHERE numero = '6.3.2'), 4, 'Órgãos Subordinados (Direções, Coordenações e demais setores) — FONTE DE CONHECIMENTO, EXECUTORES SETORIAIS E DESTINATÁRIOS',
    'Órgãos Subordinados (Direções, Coordenações e demais setores)', 'FONTE DE CONHECIMENTO, EXECUTORES SETORIAIS E DESTINATÁRIOS', 'Os órgãos subordinados são os detentores do conhecimento tácito que esta ação busca sistematizar. Desempenham triplo papel: são a fonte primária do conhecimento (vivenciam a operação e acumulam experiência), executores setoriais da metodologia (aplicam os instrumentos de captura de forma autônoma quando a atividade é interna ao setor — ex: avaliações pós-simulado) e destinatários finais (recebem o conhecimento sistematizado de volta em formato aplicável à sua rotina).',
    ARRAY['Aplicar a metodologia de captura de forma autônoma nas atividades internas ao setor (ex: avaliações pós-simulado, registros de práticas setoriais), seguindo os padrões definidos na Fase 1', 'Participar das dinâmicas transversais conduzidas pelo ICTDEC (painéis pós-desastre, entrevistas de transferência, lições aprendidas)', 'Compartilhar experiências, práticas, soluções improvisadas e procedimentos não documentados', 'Sinalizar ao ICTDEC conhecimentos críticos em risco de perda (agentes próximos de transferência ou aposentadoria)', 'Encaminhar o material coletado setorialmente ao CEPEDEC para análise e sistematização', 'Adotar o conhecimento sistematizado devolvido pelo CEPEDEC, incorporando-o às práticas e protocolos do setor'], ARRAY['Não validar cientificamente o conhecimento registrado (competência do CEPEDEC)', 'Não publicar relatos ou práticas sem curadoria do CEPEDEC', 'Não criar metodologias próprias de captura (usar as metodologias padronizadas definidas pelo ICTDEC e CEPEDEC)'], ARRAY['Metodologia de captura autoexplicável, com padrões de saída claros, definida pelo ICTDEC e CEPEDEC na Fase 1', 'Tempo protegido para participar das dinâmicas transversais e para aplicar a metodologia setorialmente (coordenado pela SUOP)', 'Devolutiva sobre o uso e destino do conhecimento compartilhado (retroalimentação essencial para manter a adesão)', 'Reconhecimento institucional das contribuições individuais e setoriais']);
INSERT INTO ficha_setores (ficha_id, setor_id, tipo_participacao)
VALUES ((SELECT id FROM fichas WHERE acao_estrategica_id = (SELECT id FROM acoes_estrategicas WHERE numero = '6.3.2') AND ordem = 4), (SELECT id FROM setores WHERE codigo = 'ORGAOS_SUBORDINADOS'), 'principal');
INSERT INTO fundamentacoes (acao_estrategica_id, introducao, conclusao)
VALUES ((SELECT id FROM acoes_estrategicas WHERE numero = '6.3.2'), 'A ausência de rotinas de sistematização do conhecimento interno gera três efeitos:', 'Esta ação enfrenta esses efeitos ao instituir um ciclo de três fases: criação conjunta de metodologias pelo ICTDEC e CEPEDEC (rigor + aplicabilidade), execução diferenciada conforme a natureza da atividade (ICTDEC nas dinâmicas transversais, órgãos nas aplicações setoriais) e análise e sistematização pelo CEPEDEC (transformação do material em base técnica institucional).');
INSERT INTO fundamentacao_itens (fundamentacao_id, ordem, conteudo)
VALUES ((SELECT id FROM fundamentacoes WHERE acao_estrategica_id = (SELECT id FROM acoes_estrategicas WHERE numero = '6.3.2')), 1, '1. Dependência de pessoas, não de processos: O conhecimento operacional crítico reside na memória individual. Transferências, aposentadorias e desligamentos geram perda irrecuperável de saber acumulado. A instituição não herda o que seus agentes aprenderam — apenas recomeça.');
INSERT INTO fundamentacao_itens (fundamentacao_id, ordem, conteudo)
VALUES ((SELECT id FROM fundamentacoes WHERE acao_estrategica_id = (SELECT id FROM acoes_estrategicas WHERE numero = '6.3.2')), 2, '2. Lições não aprendidas: Após desastres e exercícios simulados, a análise do que funcionou e do que falhou é feita informalmente e se dissipa em dias. Sem painéis estruturados e registro sistemático, os mesmos erros se repetem e as melhores práticas não se disseminam.');
INSERT INTO fundamentacao_itens (fundamentacao_id, ordem, conteudo)
VALUES ((SELECT id FROM fundamentacoes WHERE acao_estrategica_id = (SELECT id FROM acoes_estrategicas WHERE numero = '6.3.2')), 3, '3. Base de inovação empírica vazia: A AE 6.2.1 (PD&I institucional) depende de insumos sobre problemas e práticas reais. Sem a sistematização do conhecimento tácito, o ciclo PD&I opera sem matéria-prima — a inovação se desconecta da realidade operacional porque não tem acesso estruturado a ela.');

-- AE 6.3.3
INSERT INTO acoes_estrategicas (numero, nome, eixo_prioritario_id, objetivo_estrategico_id, estrategia_id,
    acoes_conectadas, descricao_oficial_completa, descricao_o_que, descricao_para_que, ancoragem,
    nota_arranjo_institucional, versao, data_elaboracao, elaboracao, proxima_fase)
VALUES ('6.3.3', 'Garantir o registro histórico, técnico, tecnológico e científico das ações, serviços e processos de formação e capacitação científica e tecnológica', (SELECT id FROM eixos_prioritarios WHERE codigo = 'EIXO_1'), (SELECT id FROM objetivos_estrategicos WHERE codigo = 'OE6'), (SELECT id FROM estrategias WHERE codigo = 'E6.3'),
    'AE 6.3.1 (Saberes municipais) | AE 6.3.2 (Conhecimento interno) | AE 6.5.1 (Ciclo da informação) | AE 6.2.1 (PD&I institucional)',
    'Organização, digitalização e preservação do acervo documental e da memória técnica institucional (O QUÊ), visando assegurar a rastreabilidade das evoluções doutrinárias e fornecer substrato auditável para estudos longitudinais sobre a gestão de desastres no Estado (PARA QUÊ).',
    'Organização, digitalização e preservação do acervo documental e da memória técnica institucional.',
    'Assegurar a rastreabilidade das evoluções doutrinárias e fornecer substrato auditável para estudos longitudinais sobre a gestão de desastres no Estado.',
    'As ações 6.3.1 e 6.3.2 capturam e sistematizam conhecimento novo — dos municípios e do efetivo, respectivamente. Esta ação complementa o ciclo ao garantir que todo esse conhecimento, junto com o acervo histórico já existente, seja preservado, organizado e acessível. O Plano Estratégico 2024–2035 posiciona esta ação na Estratégia E6.3 (Fomento da Produção de Conhecimento), com foco na organização, digitalização e preservação do acervo documental e da memória técnica institucional. A iniciativa indicada é a construção de uma publicação anual ou semestral que registre o histórico dos campos teórico, técnico, científico, operativo e gerencial da instituição. A ação articula-se também com a AE 6.5.1 (ciclo da informação), pois a memória técnica é parte essencial da governança de dados institucional.',
    NULL,
    '1.0',
    '2026-02-16',
    'ICTDEC/DAEAD',
    'Fase 2 — Desdobramento Orientado (definição de entregas por setor)');
INSERT INTO destaques_estrategicos (acao_estrategica_id, titulo, header_contexto)
VALUES ((SELECT id FROM acoes_estrategicas WHERE numero = '6.3.3'), 'A Instituição que Registra Sobrevive', 'CONTEXTO — Memória como Ativo Institucional');
INSERT INTO destaque_linhas (destaque_id, ordem, tipo, label, conteudo)
VALUES ((SELECT id FROM destaques_estrategicos WHERE acao_estrategica_id = (SELECT id FROM acoes_estrategicas WHERE numero = '6.3.3')), 1, 'label_conteudo', 'Princípio', 'Uma instituição sem memória técnica organizada não consegue demonstrar o que fez, justificar suas escolhas nem aprender com o próprio passado. A memória técnica é o que transforma uma sequência de ações dispersas em história institucional auditável. Esta ação não produz conhecimento novo — ela preserva, organiza e torna acessível o conhecimento que a Secretaria já produziu e continua produzindo. Sem esse registro, os produtos das AEs 6.3.1 e 6.3.2, bem como toda a produção científica do CEPEDEC, correm o risco de se perder.');
INSERT INTO destaque_linhas (destaque_id, ordem, tipo, label, conteudo)
VALUES ((SELECT id FROM destaques_estrategicos WHERE acao_estrategica_id = (SELECT id FROM acoes_estrategicas WHERE numero = '6.3.3')), 2, 'label_conteudo', 'O que se registra', 'Acervo histórico: documentos, normas, planos, relatórios e registros produzidos ao longo da existência da Defesa Civil Estadual.
Produção técnico-científica: pesquisas, publicações, cadernos técnicos, produtos de PD&I e material sistematizado pelo CEPEDEC.
Registros de formação e capacitação: cursos, turmas, conteúdos, avaliações e evolução doutrinária dos programas de ensino.
Registros operacionais: relatórios de operações, lições aprendidas, painéis pós-desastre e avaliações de simulados produzidos pelos órgãos.');
INSERT INTO destaque_linhas (destaque_id, ordem, tipo, label, conteudo)
VALUES ((SELECT id FROM destaques_estrategicos WHERE acao_estrategica_id = (SELECT id FROM acoes_estrategicas WHERE numero = '6.3.3')), 3, 'label_conteudo', 'Produto estruturante', 'Publicação anual ou semestral que consolide o registro público do histórico institucional, abrangendo os campos teórico, técnico, científico, operativo e gerencial. Este produto é a face visível da memória técnica e funciona como blindagem institucional: documenta o que foi feito, por quem e com qual fundamentação.');
INSERT INTO destaque_linhas (destaque_id, ordem, tipo, label, conteudo)
VALUES ((SELECT id FROM destaques_estrategicos WHERE acao_estrategica_id = (SELECT id FROM acoes_estrategicas WHERE numero = '6.3.3')), 4, 'label_conteudo', 'Risco a evitar', 'Acumular material sem organização. Um acervo volumoso mas desorganizado é tão inútil quanto a ausência de acervo. A ação exige taxonomia, indexação e formatos que permitam recuperação rápida e navegação temática.');
INSERT INTO panoramico_linhas (acao_estrategica_id, ordem, setor_display, papel, sintese_contribuicao, nao_faz)
VALUES ((SELECT id FROM acoes_estrategicas WHERE numero = '6.3.3'), 1, 'ICTDEC', 'Líder e Gestor da Memória Técnica', 'Define política de registro; organiza e preserva o acervo; produz publicação institucional', 'Não produz conteúdo científico; não substitui registros setoriais');
INSERT INTO panoramico_setores (panoramico_linha_id, setor_id, tipo_participacao)
VALUES ((SELECT id FROM panoramico_linhas WHERE acao_estrategica_id = (SELECT id FROM acoes_estrategicas WHERE numero = '6.3.3') AND ordem = 1), (SELECT id FROM setores WHERE codigo = 'ICTDEC'), 'principal');
INSERT INTO panoramico_linhas (acao_estrategica_id, ordem, setor_display, papel, sintese_contribuicao, nao_faz)
VALUES ((SELECT id FROM acoes_estrategicas WHERE numero = '6.3.3'), 2, 'CEPEDEC', 'Fonte de Produção Científica', 'Entrega produção técnico-científica para registro; apoia curadoria do acervo científico', 'Não gere o acervo; não define política de preservação');
INSERT INTO panoramico_setores (panoramico_linha_id, setor_id, tipo_participacao)
VALUES ((SELECT id FROM panoramico_linhas WHERE acao_estrategica_id = (SELECT id FROM acoes_estrategicas WHERE numero = '6.3.3') AND ordem = 2), (SELECT id FROM setores WHERE codigo = 'CEPEDEC'), 'principal');
INSERT INTO panoramico_linhas (acao_estrategica_id, ordem, setor_display, papel, sintese_contribuicao, nao_faz)
VALUES ((SELECT id FROM acoes_estrategicas WHERE numero = '6.3.3'), 3, 'Órgãos Subordinados', 'Fonte de Registros', 'Enviam registros operacionais e documentos para preservação', 'Não gerem acervo central; não definem taxonomia');
INSERT INTO panoramico_setores (panoramico_linha_id, setor_id, tipo_participacao)
VALUES ((SELECT id FROM panoramico_linhas WHERE acao_estrategica_id = (SELECT id FROM acoes_estrategicas WHERE numero = '6.3.3') AND ordem = 3), (SELECT id FROM setores WHERE codigo = 'ÓRGÃOS_SUBORDINADOS'), 'principal');
INSERT INTO fichas (acao_estrategica_id, ordem, titulo, setor_display, papel, justificativa,
    contribuicao_esperada, nao_escopo, dependencias_criticas)
VALUES ((SELECT id FROM acoes_estrategicas WHERE numero = '6.3.3'), 1, 'ICTDEC — LÍDER E GESTOR DA MEMÓRIA TÉCNICA',
    'ICTDEC', 'LÍDER E GESTOR DA MEMÓRIA TÉCNICA', 'A gestão da memória técnica e a difusão da produção institucional são atribuições do ICTDEC. Nesta ação, compete-lhe definir a política de registro (o que se preserva, em qual formato, com qual taxonomia), organizar e manter o acervo documental, digitalizar material histórico e produzir a publicação institucional periódica que consolida o registro público. O ICTDEC não produz o conteúdo científico — essa é a competência do CEPEDEC e dos demais órgãos —, mas é o guardião da memória institucional.',
    ARRAY['Definir a política de registro e preservação documental: critérios de inclusão, taxonomia, formatos, periodicidade de atualização', 'Organizar, indexar e manter o acervo documental e a memória técnica institucional em formato acessível e navegável', 'Digitalizar o acervo histórico existente, assegurando preservação de longo prazo', 'Produzir a publicação institucional periódica (anual ou semestral) que consolide o registro público do histórico institucional', 'Receber e incorporar ao acervo os produtos do CEPEDEC e dos órgãos subordinados', 'Assegurar a rastreabilidade das evoluções doutrinárias, preservando versões históricas dos documentos'], ARRAY['Não produzir o conteúdo científico (competência do CEPEDEC)', 'Não substituir os registros operacionais próprios de cada órgão', 'Não acumular material sem organização (volume sem taxonomia é inútil)'], ARRAY['Entrega periódica de produção científica pelo CEPEDEC em formato padronizado', 'Envio de registros operacionais pelos órgãos subordinados, conforme política definida', 'Recursos para digitalização, armazenamento e manutenção do acervo (AE 4.3.1)', 'Infraestrutura tecnológica para repositório digital acessível (AE 4.3.1)']);
INSERT INTO ficha_setores (ficha_id, setor_id, tipo_participacao)
VALUES ((SELECT id FROM fichas WHERE acao_estrategica_id = (SELECT id FROM acoes_estrategicas WHERE numero = '6.3.3') AND ordem = 1), (SELECT id FROM setores WHERE codigo = 'ICTDEC'), 'principal');
INSERT INTO fichas (acao_estrategica_id, ordem, titulo, setor_display, papel, justificativa,
    contribuicao_esperada, nao_escopo, dependencias_criticas)
VALUES ((SELECT id FROM acoes_estrategicas WHERE numero = '6.3.3'), 2, 'CEPEDEC — FONTE DE PRODUÇÃO CIENTÍFICA',
    'CEPEDEC', 'FONTE DE PRODUÇÃO CIENTÍFICA', 'O CEPEDEC é o principal produtor de conteúdo técnico-científico da Secretaria: pesquisas, publicações, cadernos técnicos, produtos de PD&I, conhecimento sistematizado das AEs 6.3.1 e 6.3.2. Toda essa produção precisa ser entregue ao ICTDEC em formato padronizado para incorporação ao acervo e à memória técnica. O CEPEDEC também apoia a curadoria do acervo científico, assegurando que os registros preservem o rigor e a contextualização necessários para uso futuro.',
    ARRAY['Entregar ao ICTDEC, em formato padronizado, toda a produção técnico-científica: pesquisas, publicações, cadernos técnicos, produtos de PD&I', 'Entregar o conhecimento sistematizado nas AEs 6.3.1 e 6.3.2 para incorporação ao acervo', 'Apoiar a curadoria do acervo científico, assegurando que os registros preservem rigor metodológico e contextualização', 'Colaborar na definição dos critérios de taxonomia para a produção científica dentro do acervo'], ARRAY['Não gerir o acervo documental (competência do ICTDEC)', 'Não definir a política geral de preservação (competência do ICTDEC)', 'Não produzir a publicação institucional periódica (competência do ICTDEC, com insumos do CEPEDEC)'], ARRAY['Política de registro definida pelo ICTDEC, com formatos e critérios claros para entrega', 'Infraestrutura de repositório acessível para consulta ao acervo', 'Reconhecimento institucional da produção científica preservada (autoria, data, contexto)']);
INSERT INTO ficha_setores (ficha_id, setor_id, tipo_participacao)
VALUES ((SELECT id FROM fichas WHERE acao_estrategica_id = (SELECT id FROM acoes_estrategicas WHERE numero = '6.3.3') AND ordem = 2), (SELECT id FROM setores WHERE codigo = 'CEPEDEC'), 'principal');
INSERT INTO fichas (acao_estrategica_id, ordem, titulo, setor_display, papel, justificativa,
    contribuicao_esperada, nao_escopo, dependencias_criticas)
VALUES ((SELECT id FROM acoes_estrategicas WHERE numero = '6.3.3'), 3, 'Órgãos Subordinados (Direções, Coordenações e demais setores) — FONTE DE REGISTROS',
    'Órgãos Subordinados (Direções, Coordenações e demais setores)', 'FONTE DE REGISTROS', 'Os órgãos subordinados são produtores contínuos de registros operacionais: relatórios de operações, lições aprendidas, avaliações de simulados, documentos administrativos e técnicos. Esse material é matéria-prima essencial para a memória técnica institucional. Compete aos órgãos enviar seus registros ao ICTDEC conforme a política de preservação definida, assegurando que o acervo reflita a realidade operacional da Secretaria.',
    ARRAY['Enviar ao ICTDEC registros operacionais, relatórios, documentos técnicos e administrativos conforme a política de preservação definida', 'Manter seus próprios registros correntes organizados, facilitando a seleção e envio do material para o acervo central', 'Sinalizar ao ICTDEC acervos históricos setoriais que necessitem de digitalização ou preservação urgente', 'Consultar e utilizar o acervo preservado como referência para suas atividades'], ARRAY['Não gerir o acervo central (competência do ICTDEC)', 'Não definir taxonomia ou política de preservação (competência do ICTDEC)', 'Não reter registros históricos exclusivamente no setor sem envio ao acervo central'], ARRAY['Política de registro clara com critérios de envio, formatos e periodicidade (definida pelo ICTDEC)', 'Conformidade com a política de envio assegurada pela SUOP (sob aval da SUBSEGOP)', 'Infraestrutura de repositório acessível para consulta ao acervo preservado', 'Devolutiva do ICTDEC sobre a incorporação do material enviado']);
INSERT INTO ficha_setores (ficha_id, setor_id, tipo_participacao)
VALUES ((SELECT id FROM fichas WHERE acao_estrategica_id = (SELECT id FROM acoes_estrategicas WHERE numero = '6.3.3') AND ordem = 3), (SELECT id FROM setores WHERE codigo = 'ORGAOS_SUBORDINADOS'), 'principal');
INSERT INTO fundamentacoes (acao_estrategica_id, introducao, conclusao)
VALUES ((SELECT id FROM acoes_estrategicas WHERE numero = '6.3.3'), 'A ausência de uma política de preservação documental e memória técnica gera três efeitos:', 'Esta ação enfrenta esses efeitos ao instituir uma política de preservação liderada pelo ICTDEC (estrutura), alimentada pela produção científica do CEPEDEC e pelos registros dos órgãos (insumo), materializada numa publicação institucional periódica (visibilidade e blindagem).');
INSERT INTO fundamentacao_itens (fundamentacao_id, ordem, conteudo)
VALUES ((SELECT id FROM fundamentacoes WHERE acao_estrategica_id = (SELECT id FROM acoes_estrategicas WHERE numero = '6.3.3')), 1, '1. Amnésia institucional: Sem registro organizado, a Secretaria não consegue demonstrar o que fez, como evoluiu nem por que tomou determinadas decisões. Cada gestão começa do zero, sem acesso ao histórico das anteriores. A rastreabilidade das evoluções doutrinárias é inexistente.');
INSERT INTO fundamentacao_itens (fundamentacao_id, ordem, conteudo)
VALUES ((SELECT id FROM fundamentacoes WHERE acao_estrategica_id = (SELECT id FROM acoes_estrategicas WHERE numero = '6.3.3')), 2, '2. Produção científica sem preservação: O CEPEDEC produz pesquisas, o ICTDEC sistematiza conhecimento, os órgãos geram relatórios. Sem acervo organizado, esses produtos se dispersam em pastas pessoais, e-mails e pen drives — vulneráveis a perda, duplicação e obsolescência. O investimento em produção de conhecimento se perde.');
INSERT INTO fundamentacao_itens (fundamentacao_id, ordem, conteudo)
VALUES ((SELECT id FROM fundamentacoes WHERE acao_estrategica_id = (SELECT id FROM acoes_estrategicas WHERE numero = '6.3.3')), 3, '3. Vulnerabilidade institucional: Uma instituição que não documenta suas ações fica exposta a questionámentos sem capacidade de resposta. A memória técnica organizada é blindagem: comprova o que foi feito, por quem, quando e com qual fundamentação.');

-- AE 6.4.1
INSERT INTO acoes_estrategicas (numero, nome, eixo_prioritario_id, objetivo_estrategico_id, estrategia_id,
    acoes_conectadas, descricao_oficial_completa, descricao_o_que, descricao_para_que, ancoragem,
    nota_arranjo_institucional, versao, data_elaboracao, elaboracao, proxima_fase)
VALUES ('6.4.1', 'Mapear produtos, processos ou serviços que compreendam a agregação de novas funcionalidades ou características, desde que possam resultar em melhorias ou em efetivo ganho de qualidade ou desempenho', (SELECT id FROM eixos_prioritarios WHERE codigo = 'EIXO_1'), (SELECT id FROM objetivos_estrategicos WHERE codigo = 'OE6'), (SELECT id FROM estrategias WHERE codigo = 'E6.4'),
    'AE 6.2.1 (PD&I institucional) | AE 6.3.2 (Conhecimento interno) | AE 2.1.6 (Gestão de processos) | AE 4.3.1 (Sistemas tecnológicos)',
    'Sistematização do levantamento de inovações incrementais aplicáveis aos ativos, fluxos e serviços já em operação (O QUÊ), visando promover a atualização funcional e o ganho efetivo de desempenho nas atividades finalísticas de avaliação, redução de riscos e gestão de desastres, maximizando o potencial das soluções vigentes sem a necessidade de substituição total (PARA QUÊ).',
    'Sistematização do levantamento de inovações incrementais aplicáveis aos ativos, fluxos e serviços já em operação.',
    'Promover a atualização funcional e o ganho efetivo de desempenho nas atividades finalísticas de avaliação, redução de riscos e gestão de desastres, maximizando o potencial das soluções vigentes sem a necessidade de substituição total.',
    'As estratégias E6.2 e E6.3 produzem conhecimento e inovação. Esta ação fecha o ciclo ao garantir que esse conhecimento chegue à operação. O Plano Estratégico 2024–2035 posiciona esta ação na Estratégia E6.4 (Aplicação dos Conhecimentos Produzidos), com foco na sistematização do levantamento de inovações incrementais aplicáveis aos ativos, fluxos e serviços já em operação. A iniciativa indicada é estimular o uso e a aplicação dos conhecimentos produzidos institucionalmente e pelas IES/ICTs em cooperação técnica. A ação conecta-se diretamente à AE 6.2.1 (PD&I), cujos produtos alimentam este mapeamento, e à AE 2.1.6 (gestão de processos), que fornece a visão dos fluxos passíveis de melhoria.',
    NULL,
    '1.0',
    '2026-02-16',
    'ICTDEC/DAEAD',
    'Fase 2 — Desdobramento Orientado (definição de entregas por setor)');
INSERT INTO destaques_estrategicos (acao_estrategica_id, titulo, header_contexto)
VALUES ((SELECT id FROM acoes_estrategicas WHERE numero = '6.4.1'), 'Melhorar o que Já Existe', '');
INSERT INTO panoramico_linhas (acao_estrategica_id, ordem, setor_display, papel, sintese_contribuicao, nao_faz)
VALUES ((SELECT id FROM acoes_estrategicas WHERE numero = '6.4.1'), 1, 'CEPEDEC', 'Líder da Busca de Soluções', 'Busca soluções internas e externas para os pontos de melhoria; avalia viabilidade; recomenda incorporação', 'Não identifica pontos de melhoria nos processos; não implanta nos órgãos');
INSERT INTO panoramico_setores (panoramico_linha_id, setor_id, tipo_participacao)
VALUES ((SELECT id FROM panoramico_linhas WHERE acao_estrategica_id = (SELECT id FROM acoes_estrategicas WHERE numero = '6.4.1') AND ordem = 1), (SELECT id FROM setores WHERE codigo = 'CEPEDEC'), 'principal');
INSERT INTO panoramico_linhas (acao_estrategica_id, ordem, setor_display, papel, sintese_contribuicao, nao_faz)
VALUES ((SELECT id FROM acoes_estrategicas WHERE numero = '6.4.1'), 2, 'ICTDEC', 'Identificador de Pontos de Melhoria', 'Identifica pontos de melhoria em processos implantados a partir da visão de DO e governança', 'Não busca soluções; não avalia viabilidade científica');
INSERT INTO panoramico_setores (panoramico_linha_id, setor_id, tipo_participacao)
VALUES ((SELECT id FROM panoramico_linhas WHERE acao_estrategica_id = (SELECT id FROM acoes_estrategicas WHERE numero = '6.4.1') AND ordem = 2), (SELECT id FROM setores WHERE codigo = 'ICTDEC'), 'principal');
INSERT INTO panoramico_linhas (acao_estrategica_id, ordem, setor_display, papel, sintese_contribuicao, nao_faz)
VALUES ((SELECT id FROM acoes_estrategicas WHERE numero = '6.4.1'), 3, 'Órgãos Subordinados', 'Detentores dos Processos e Destinatários', 'Sinalizam oportunidades; validam aplicabilidade; adotam melhorias', 'Não mapeiam tecnicamente; não avaliam viabilidade científica');
INSERT INTO panoramico_setores (panoramico_linha_id, setor_id, tipo_participacao)
VALUES ((SELECT id FROM panoramico_linhas WHERE acao_estrategica_id = (SELECT id FROM acoes_estrategicas WHERE numero = '6.4.1') AND ordem = 3), (SELECT id FROM setores WHERE codigo = 'ÓRGÃOS_SUBORDINADOS'), 'principal');
INSERT INTO fichas (acao_estrategica_id, ordem, titulo, setor_display, papel, justificativa,
    contribuicao_esperada, nao_escopo, dependencias_criticas)
VALUES ((SELECT id FROM acoes_estrategicas WHERE numero = '6.4.1'), 1, 'CEPEDEC — LÍDER DA BUSCA DE SOLUÇÕES',
    'CEPEDEC', 'LÍDER DA BUSCA DE SOLUÇÕES', 'O CEPEDEC é o órgão de pesquisa da Secretaria. Nesta ação, recebe do ICTDEC e dos órgãos a identificação de pontos de melhoria em produtos, processos e serviços já em operação e assume a responsabilidade de buscar soluções — seja no conhecimento produzido internamente (PD&I, saberes sistematizados), seja junto a parceiros externos (IES, ICTs, redes de pesquisa). O CEPEDEC avalia a viabilidade técnica das inovações incrementais identificadas, prioriza e recomenda a incorporação.',
    ARRAY['Receber os pontos de melhoria identificados pelo ICTDEC (a partir da análise de processos implantados) e pelos órgãos (a partir da experiência operacional)', 'Buscar soluções para os pontos de melhoria, tanto no conhecimento interno (AE 6.2.1, AE 6.3.2) quanto em fontes externas (AE 6.1.3, AE 6.1.6)', 'Avaliar a viabilidade técnica das inovações incrementais identificadas', 'Priorizar e recomendar a incorporação das melhorias, com indicação de impacto esperado', 'Manter portfólio atualizado de inovações incrementais mapeadas, com status de incorporação'], ARRAY['Não identificar pontos de melhoria nos processos implantados (competência do ICTDEC, com apoio dos órgãos)', 'Não implantar as melhorias diretamente nos órgãos (a adoção é do próprio setor, com apoio da SUOP quando necessário)', 'Não criar produtos ou processos novos nesta ação (inovação radical é competência da AE 6.2.1)'], ARRAY['Pontos de melhoria identificados pelo ICTDEC e sinalizados pelos órgãos como insumo primário', 'Conhecimento produzido pelo PD&I (AE 6.2.1) e sistematizado (AE 6.3.2) como base de soluções', 'Produção das IES e ICTs em cooperação técnica (AE 6.1.3) como fonte de soluções externas', 'Processos mapeados pela AE 2.1.6 como referência dos fluxos existentes']);
INSERT INTO ficha_setores (ficha_id, setor_id, tipo_participacao)
VALUES ((SELECT id FROM fichas WHERE acao_estrategica_id = (SELECT id FROM acoes_estrategicas WHERE numero = '6.4.1') AND ordem = 1), (SELECT id FROM setores WHERE codigo = 'CEPEDEC'), 'principal');
INSERT INTO fichas (acao_estrategica_id, ordem, titulo, setor_display, papel, justificativa,
    contribuicao_esperada, nao_escopo, dependencias_criticas)
VALUES ((SELECT id FROM acoes_estrategicas WHERE numero = '6.4.1'), 2, 'ICTDEC — IDENTIFICADOR DE PONTOS DE MELHORIA',
    'ICTDEC', 'IDENTIFICADOR DE PONTOS DE MELHORIA', 'O ICTDEC tem como atribuição o desenvolvimento organizacional da Secretaria. No exercício dessa atribuição — especialmente no mapeamento e na análise de processos (AE 2.1.6), nos diagnósticos de competências (AE 2.1.7) e nas avaliações de desempenho —, o ICTDEC identifica pontos de melhoria em produtos, processos e serviços já implantados. Esses pontos são encaminhados ao CEPEDEC como insumo para a busca de soluções incrementais. O ICTDEC não busca as soluções nem avalia viabilidade científica — seu papel é fornecer a visão de governança que orienta onde a inovação incremental deve atuar.',
    ARRAY['Identificar pontos de melhoria em processos já implantados, a partir da análise de processos, diagnósticos de competências e avaliações de desempenho', 'Encaminhar ao CEPEDEC os pontos de melhoria identificados, com contextualização sobre o processo afetado e o impacto observado', 'Apoiar o CEPEDEC na compreensão do contexto organizacional dos pontos de melhoria, facilitando a busca de soluções aplicáveis'], ARRAY['Não buscar soluções para os pontos de melhoria (competência do CEPEDEC)', 'Não avaliar viabilidade científica das inovações incrementais (competência do CEPEDEC)', 'Não implantar melhorias nos órgãos (competência do próprio setor)'], ARRAY['Processos mapeados e em operação (AE 2.1.6) como base para identificação de pontos de melhoria', 'Diagnósticos de competências (AE 2.1.7) e avaliações de desempenho como fontes complementares', 'Capacidade do CEPEDEC para processar os pontos de melhoria encaminhados']);
INSERT INTO ficha_setores (ficha_id, setor_id, tipo_participacao)
VALUES ((SELECT id FROM fichas WHERE acao_estrategica_id = (SELECT id FROM acoes_estrategicas WHERE numero = '6.4.1') AND ordem = 2), (SELECT id FROM setores WHERE codigo = 'ICTDEC'), 'principal');
INSERT INTO fichas (acao_estrategica_id, ordem, titulo, setor_display, papel, justificativa,
    contribuicao_esperada, nao_escopo, dependencias_criticas)
VALUES ((SELECT id FROM acoes_estrategicas WHERE numero = '6.4.1'), 3, 'Órgãos Subordinados (Direções, Coordenações e demais setores) — DETENTORES DOS PROCESSOS E DESTINATÁRIOS',
    'Órgãos Subordinados (Direções, Coordenações e demais setores)', 'DETENTORES DOS PROCESSOS E DESTINATÁRIOS', 'Os órgãos subordinados são os detentores dos produtos, processos e serviços que esta ação busca melhorar. Desempenham duplo papel: são a fonte de oportunidades (sinalizam onde há espaço para melhoria, onde os processos travam, onde as ferramentas estão defasadas) e os destinatários das inovações incrementais (adotam as melhorias recomendadas pelo CEPEDEC, incorporando-as à rotina). A validação de aplicabilidade no campo é essencial: só o órgão que opera o processo sabe se a melhoria proposta é viável na prática.',
    ARRAY['Sinalizar ao ICTDEC e ao CEPEDEC oportunidades de melhoria percebidas na operação de produtos, processos e serviços existentes', 'Validar a aplicabilidade das inovações incrementais propostas pelo CEPEDEC, fornecendo feedback sobre viabilidade operacional', 'Adotar as melhorias recomendadas e incorporá-las à rotina do setor', 'Reportar os resultados da incorporação (a melhoria gerou o impacto esperado?)'], ARRAY['Não conduzir o mapeamento técnico de inovações (competência do CEPEDEC)', 'Não avaliar viabilidade científica das melhorias (competência do CEPEDEC)', 'Não rejeitar melhorias validadas sem justificativa técnica fundamentada'], ARRAY['Recomendações do CEPEDEC com indicação clara de impacto esperado e requisitos de incorporação', 'Conformidade com o plano de incorporação assegurada pela SUOP (sob aval da SUBSEGOP)', 'Suporte à adoção quando a melhoria exigir capacitação ou adaptação de rotina', 'Retorno do CEPEDEC sobre os resultados reportados (retroalimentação do ciclo)']);
INSERT INTO ficha_setores (ficha_id, setor_id, tipo_participacao)
VALUES ((SELECT id FROM fichas WHERE acao_estrategica_id = (SELECT id FROM acoes_estrategicas WHERE numero = '6.4.1') AND ordem = 3), (SELECT id FROM setores WHERE codigo = 'ORGAOS_SUBORDINADOS'), 'principal');
INSERT INTO fundamentacoes (acao_estrategica_id, introducao, conclusao)
VALUES ((SELECT id FROM acoes_estrategicas WHERE numero = '6.4.1'), 'A ausência de um mapeamento sistemático de inovações incrementais gera três efeitos:', 'Esta ação enfrenta esses efeitos ao instituir um identificação de pontos de melhoria pelo ICTDEC (visão de governança), busca de soluções pelo CEPEDEC (rigor técnico e articulação com parceiros) e validação pelos órgãos detentores dos processos (aplicabilidade).');
INSERT INTO fundamentacao_itens (fundamentacao_id, ordem, conteudo)
VALUES ((SELECT id FROM fundamentacoes WHERE acao_estrategica_id = (SELECT id FROM acoes_estrategicas WHERE numero = '6.4.1')), 1, '1. Soluções congeladas no tempo: Produtos, processos e serviços permanecem como foram criados, sem incorporar melhorias disponíveis. A Secretaria opera com ferramentas que poderiam ser atualizadas, mas não tem mecanismo para identificar e aplicar essas atualizações de forma sistemática.');
INSERT INTO fundamentacao_itens (fundamentacao_id, ordem, conteudo)
VALUES ((SELECT id FROM fundamentacoes WHERE acao_estrategica_id = (SELECT id FROM acoes_estrategicas WHERE numero = '6.4.1')), 2, '2. Conhecimento produzido sem aplicação: As ações de PD&I e de sistematização de conhecimento geram produtos valiosos, mas sem um mecanismo de transferência para a operação, esse conhecimento não se traduz em melhoria concreta. A Secretaria investe em pesquisa e não colhe os frutos.');
INSERT INTO fundamentacao_itens (fundamentacao_id, ordem, conteudo)
VALUES ((SELECT id FROM fundamentacoes WHERE acao_estrategica_id = (SELECT id FROM acoes_estrategicas WHERE numero = '6.4.1')), 3, '3. Substituição total como única via de mudança: Sem cultura de melhoria incremental, a única forma percebida de mudar é substituir tudo. Isso eleva custos, gera resistência e paralisa a inovação. A melhoria incremental é mais ágil, menos custosa e menos disruptiva.');

-- AE 6.5.1
INSERT INTO acoes_estrategicas (numero, nome, eixo_prioritario_id, objetivo_estrategico_id, estrategia_id,
    acoes_conectadas, descricao_oficial_completa, descricao_o_que, descricao_para_que, ancoragem,
    nota_arranjo_institucional, versao, data_elaboracao, elaboracao, proxima_fase)
VALUES ('6.5.1', 'Mapear o ciclo da informação: produção, organização/sistematização, armazenamento, disseminação, divulgação e uso na estrutura SEDEC', (SELECT id FROM eixos_prioritarios WHERE codigo = 'EIXO_1'), (SELECT id FROM objetivos_estrategicos WHERE codigo = 'OE6'), (SELECT id FROM estrategias WHERE codigo = 'E6.5'),
    'AE 6.5.2 (Metafonte) | AE 6.3.3 (Memória técnica) | AE 2.1.6 (Gestão de processos) | AE 4.3.1 (Sistemas tecnológicos)',
    'Estabelecimento de diretrizes de governança de dados e protocolos de fluxo informacional (O QUÊ), visando transformar dados dispersos em ativos de conhecimento institucional acessíveis, garantindo a preservação da memória técnica e a disponibilidade de informações confiáveis para subsidiar a tomada de decisão em todos os níveis (PARA QUÊ).',
    'Estabelecimento de diretrizes de governança de dados e protocolos de fluxo informacional.',
    'Transformar dados dispersos em ativos de conhecimento institucional acessíveis, garantindo a preservação da memória técnica e a disponibilidade de informações confiáveis para subsidiar a tomada de decisão em todos os níveis.',
    'A informação é o insumo mais crítico da Defesa Civil — da emissão de alertas à tomada de decisão estratégica. No entanto, não existe um mapeamento de como a informação é produzida, organizada, armazenada, disseminada e utilizada dentro da SEDEC. O Plano Estratégico 2024–2035 posiciona esta ação na Estratégia E6.5 (Aprimoramento da Gestão da Informação), com foco no estabelecimento de diretrizes de governança de dados e protocolos de fluxo informacional. A iniciativa indicada é identificar atores, dispositivos legais, sistemas de armazenamento e organização, sistemas de disseminação “entre os pares”, divulgação “para todos os públicos” e modos de apropriação (uso e aplicação) da informação. A ação é pré-requisito para a AE 6.5.2 (Metafonte) e complementa a AE 6.3.3 (memória técnica).',
    NULL,
    '1.0',
    '2026-02-16',
    'ICTDEC/DAEAD',
    'Fase 2 — Desdobramento Orientado (definição de entregas por setor)');
INSERT INTO destaques_estrategicos (acao_estrategica_id, titulo, header_contexto)
VALUES ((SELECT id FROM acoes_estrategicas WHERE numero = '6.5.1'), 'Quem Não Conhece seu Fluxo Não Governa sua Informação', 'CONTEXTO — O Ciclo Invisível');
INSERT INTO destaque_linhas (destaque_id, ordem, tipo, label, conteudo)
VALUES ((SELECT id FROM destaques_estrategicos WHERE acao_estrategica_id = (SELECT id FROM acoes_estrategicas WHERE numero = '6.5.1')), 1, 'label_conteudo', 'Princípio', 'Toda instituição produz, organiza, armazena, dissemina e usa informação. Na maioria, esse ciclo acontece de forma implícita e não governada: cada setor cria seus próprios fluxos, armazena onde consegue, dissemina como pode. O resultado é duplicação, perda, fragmentação e decisões tomadas com informação incompleta. Esta ação torna o ciclo visível e governável: mapeia quem produz, onde armazena, como dissemina, quem usa e com qual finalidade.');
INSERT INTO destaque_linhas (destaque_id, ordem, tipo, label, conteudo)
VALUES ((SELECT id FROM destaques_estrategicos WHERE acao_estrategica_id = (SELECT id FROM acoes_estrategicas WHERE numero = '6.5.1')), 2, 'label_conteudo', 'As seis etapas do ciclo', '1. Produção: quem gera a informação, em qual formato, com qual frequência.
2. Organização/Sistematização: como a informação é classificada, indexada e estruturada.
3. Armazenamento: onde a informação reside — sistemas, pastas, pen drives, e-mails, papel.
4. Disseminação: como a informação circula entre os pares (fluxo interno técnico).
5. Divulgação: como a informação chega a públicos externos (sociedade, parceiros, órgãos de controle).
6. Uso: como a informação é efetivamente apropriada e aplicada na tomada de decisão.');
INSERT INTO destaque_linhas (destaque_id, ordem, tipo, label, conteudo)
VALUES ((SELECT id FROM destaques_estrategicos WHERE acao_estrategica_id = (SELECT id FROM acoes_estrategicas WHERE numero = '6.5.1')), 3, 'label_conteudo', 'Risco a evitar', 'Mapear o ciclo como exercício diagnóstico sem produzir diretrizes de governança. O mapeamento é meio, não fim: deve resultar em protocolos claros de fluxo informacional, com responsáveis, formatos e ferramentas definidos.');
INSERT INTO panoramico_linhas (acao_estrategica_id, ordem, setor_display, papel, sintese_contribuicao, nao_faz)
VALUES ((SELECT id FROM acoes_estrategicas WHERE numero = '6.5.1'), 1, 'ICTDEC', 'Líder do Mapeamento e Governança', 'Mapeia o ciclo da informação; define diretrizes e protocolos de fluxo informacional', 'Não opera os sistemas; não produz conteúdo informacional dos setores');
INSERT INTO panoramico_setores (panoramico_linha_id, setor_id, tipo_participacao)
VALUES ((SELECT id FROM panoramico_linhas WHERE acao_estrategica_id = (SELECT id FROM acoes_estrategicas WHERE numero = '6.5.1') AND ordem = 1), (SELECT id FROM setores WHERE codigo = 'ICTDEC'), 'principal');
INSERT INTO panoramico_linhas (acao_estrategica_id, ordem, setor_display, papel, sintese_contribuicao, nao_faz)
VALUES ((SELECT id FROM acoes_estrategicas WHERE numero = '6.5.1'), 2, 'CEPEDEC', 'Detentor de Fluxo Científico', 'Participa do mapeamento com seu fluxo próprio; adota diretrizes', 'Não define governança de dados para a Secretaria');
INSERT INTO panoramico_setores (panoramico_linha_id, setor_id, tipo_participacao)
VALUES ((SELECT id FROM panoramico_linhas WHERE acao_estrategica_id = (SELECT id FROM acoes_estrategicas WHERE numero = '6.5.1') AND ordem = 2), (SELECT id FROM setores WHERE codigo = 'CEPEDEC'), 'principal');
INSERT INTO panoramico_linhas (acao_estrategica_id, ordem, setor_display, papel, sintese_contribuicao, nao_faz)
VALUES ((SELECT id FROM acoes_estrategicas WHERE numero = '6.5.1'), 3, 'Órgãos Subordinados', 'Detentores de Fluxos Informacionais', 'Participam do mapeamento; descrevem seus fluxos; adotam protocolos', 'Não definem diretrizes; não criam protocolos próprios');
INSERT INTO panoramico_setores (panoramico_linha_id, setor_id, tipo_participacao)
VALUES ((SELECT id FROM panoramico_linhas WHERE acao_estrategica_id = (SELECT id FROM acoes_estrategicas WHERE numero = '6.5.1') AND ordem = 3), (SELECT id FROM setores WHERE codigo = 'ÓRGÃOS_SUBORDINADOS'), 'principal');
INSERT INTO fichas (acao_estrategica_id, ordem, titulo, setor_display, papel, justificativa,
    contribuicao_esperada, nao_escopo, dependencias_criticas)
VALUES ((SELECT id FROM acoes_estrategicas WHERE numero = '6.5.1'), 1, 'ICTDEC — LÍDER DO MAPEAMENTO E DA GOVERNANÇA INFORMACIONAL',
    'ICTDEC', 'LÍDER DO MAPEAMENTO E DA GOVERNANÇA INFORMACIONAL', 'O ICTDEC tem como atribuição o desenvolvimento organizacional da Secretaria. A governança da informação é componente estruturante do desenvolvimento organizacional: sem saber como a informação flui, não há como governar processos, medir desempenho ou tomar decisões fundamentadas. Compete ao ICTDEC conduzir o mapeamento do ciclo completo da informação (produção, organização, armazenamento, disseminação, divulgação, uso) em toda a estrutura SEDEC e, a partir desse diagnóstico, definir as diretrizes de governança de dados e os protocolos de fluxo informacional.',
    ARRAY['Conduzir o mapeamento do ciclo da informação em toda a estrutura SEDEC, identificando atores, dispositivos legais, sistemas, fluxos e modos de uso', 'Diagnosticar lacunas, redundâncias, gargalos e vulnerabilidades no ciclo informacional atual', 'Definir diretrizes de governança de dados: padrões de classificação, formatos, políticas de acesso, responsabilidades e ciclos de atualização', 'Definir protocolos de fluxo informacional: quem produz, para quem dissemina, em qual formato, com qual frequência', 'Articular o mapeamento com a AE 6.3.3 (memória técnica) e a AE 6.5.2 (Metafonte), assegurando coerência entre as ações de gestão da informação'], ARRAY['Não operar os sistemas de informação dos setores (cada órgão opera os seus)', 'Não produzir o conteúdo informacional dos setores (cada órgão produz o seu)', 'Não implantar sistemas tecnológicos (competência da AE 4.3.1, com apoio da SUBSEGAD)'], ARRAY['Colaboração dos órgãos subordinados e do CEPEDEC na descrição de seus fluxos informacionais', 'Patrocínio da SUOP (sob aval da SUBSEGOP) para assegurar que as rotinas de mapeamento e a adoção dos protocolos sejam levadas a sério', 'Infraestrutura tecnológica existente como base do diagnóstico (AE 4.3.1)', 'Processos mapeados na AE 2.1.6 como referência complementar dos fluxos de trabalho']);
INSERT INTO ficha_setores (ficha_id, setor_id, tipo_participacao)
VALUES ((SELECT id FROM fichas WHERE acao_estrategica_id = (SELECT id FROM acoes_estrategicas WHERE numero = '6.5.1') AND ordem = 1), (SELECT id FROM setores WHERE codigo = 'ICTDEC'), 'principal');
INSERT INTO fichas (acao_estrategica_id, ordem, titulo, setor_display, papel, justificativa,
    contribuicao_esperada, nao_escopo, dependencias_criticas)
VALUES ((SELECT id FROM acoes_estrategicas WHERE numero = '6.5.1'), 2, 'CEPEDEC — DETENTOR DE FLUXO CIENTÍFICO',
    'CEPEDEC', 'DETENTOR DE FLUXO CIENTÍFICO', 'O CEPEDEC é o principal produtor de informação técnico-científica da Secretaria e, como tal, detém um fluxo informacional próprio — da produção de pesquisas ao armazenamento de dados científicos, da disseminação entre pares à divulgação de resultados. Nesta ação, o CEPEDEC participa do mapeamento descrevendo seu ciclo informacional e, uma vez definidas as diretrizes pelo ICTDEC, adota os protocolos de governança de dados instituídos.',
    ARRAY['Participar do mapeamento descrevendo o ciclo informacional próprio: como produz, organiza, armazena, dissemina, divulga e utiliza a informação científica', 'Colaborar com o ICTDEC na identificação de especificidades do fluxo científico que exijam tratamento diferenciado nas diretrizes', 'Adotar os protocolos de governança de dados e fluxo informacional definidos pelo ICTDEC', 'Assegurar que a produção científica esteja acessível conforme as diretrizes de disseminação instituídas'], ARRAY['Não definir diretrizes de governança de dados para a Secretaria (competência do ICTDEC)', 'Não conduzir o mapeamento dos fluxos dos demais órgãos', 'Não criar protocolos informacionais próprios que contrariem as diretrizes institucionais'], ARRAY['Diretrizes de governança de dados definidas pelo ICTDEC com clareza e aplicabilidade', 'Respeito às especificidades do fluxo científico nas diretrizes instituídas', 'Infraestrutura de repositório adequada para a produção científica (AE 4.3.1)']);
INSERT INTO ficha_setores (ficha_id, setor_id, tipo_participacao)
VALUES ((SELECT id FROM fichas WHERE acao_estrategica_id = (SELECT id FROM acoes_estrategicas WHERE numero = '6.5.1') AND ordem = 2), (SELECT id FROM setores WHERE codigo = 'CEPEDEC'), 'principal');
INSERT INTO fichas (acao_estrategica_id, ordem, titulo, setor_display, papel, justificativa,
    contribuicao_esperada, nao_escopo, dependencias_criticas)
VALUES ((SELECT id FROM acoes_estrategicas WHERE numero = '6.5.1'), 3, 'Órgãos Subordinados (Direções, Coordenações e demais setores) — DETENTORES DE FLUXOS INFORMACIONAIS',
    'Órgãos Subordinados (Direções, Coordenações e demais setores)', 'DETENTORES DE FLUXOS INFORMACIONAIS', 'Os órgãos subordinados são os detentores dos fluxos informacionais que esta ação busca mapear. Cada setor produz, organiza, armazena, dissemina e usa informação no exercício de suas atribuições — muitas vezes de forma implícita e não padronizada. Nesta ação, os órgãos participam do mapeamento descrevendo seus fluxos e, uma vez definidos os protocolos, adotam as diretrizes de governança informacional instituídas pelo ICTDEC.',
    ARRAY['Participar do mapeamento descrevendo o ciclo informacional do setor: como produz, organiza, armazena, dissemina e usa a informação', 'Identificar e reportar ao ICTDEC lacunas, redundâncias e gargalos percebidos nos fluxos informacionais do setor', 'Adotar os protocolos de governança de dados e fluxo informacional definidos pelo ICTDEC', 'Manter os fluxos informacionais do setor em conformidade com as diretrizes instituídas'], ARRAY['Não definir diretrizes de governança de dados (competência do ICTDEC)', 'Não criar protocolos informacionais próprios que contrariem as diretrizes institucionais', 'Não reter informações de interesse institucional exclusivamente no setor, sem fluxo de disseminação definido'], ARRAY['Diretrizes e protocolos definidos pelo ICTDEC com clareza, aplicabilidade e respeito à realidade operacional dos setores', 'Patrocínio da SUOP (sob aval da SUBSEGOP) para assegurar que as rotinas de adoção dos protocolos sejam levadas a sério', 'Ferramentas e sistemas adequados para suportar os fluxos definidos (AE 4.3.1)', 'Capacitação quando necessária para operação dos novos protocolos']);
INSERT INTO ficha_setores (ficha_id, setor_id, tipo_participacao)
VALUES ((SELECT id FROM fichas WHERE acao_estrategica_id = (SELECT id FROM acoes_estrategicas WHERE numero = '6.5.1') AND ordem = 3), (SELECT id FROM setores WHERE codigo = 'ORGAOS_SUBORDINADOS'), 'principal');
INSERT INTO fundamentacoes (acao_estrategica_id, introducao, conclusao)
VALUES ((SELECT id FROM acoes_estrategicas WHERE numero = '6.5.1'), 'A ausência de um mapeamento do ciclo da informação gera três efeitos:', 'Esta ação enfrenta esses efeitos ao instituir um mapeamento completo do ciclo da informação liderado pelo ICTDEC (visão de governança), alimentado pela descrição dos fluxos pelo CEPEDEC e pelos órgãos (realidade operacional), resultando em diretrizes e protocolos de fluxo informacional (governança aplicável).');
INSERT INTO fundamentacao_itens (fundamentacao_id, ordem, conteudo)
VALUES ((SELECT id FROM fundamentacoes WHERE acao_estrategica_id = (SELECT id FROM acoes_estrategicas WHERE numero = '6.5.1')), 1, '1. Dados dispersos e inacessíveis: A informação produzida pela Secretaria está espalhada em sistemas, pastas pessoais, e-mails e pen drives. Sem mapeamento, não se sabe o que existe, onde está nem quem é responsável. A mesma informação é produzida em duplicidade por setores diferentes, enquanto outras informações críticas não são produzidas por ninguém.');
INSERT INTO fundamentacao_itens (fundamentacao_id, ordem, conteudo)
VALUES ((SELECT id FROM fundamentacoes WHERE acao_estrategica_id = (SELECT id FROM acoes_estrategicas WHERE numero = '6.5.1')), 2, '2. Decisões com informação incompleta: Gestores tomam decisões sem acesso à informação disponível porque não há fluxo de disseminação definido. A informação existe, mas não chega a quem precisa dela. O resultado é “achismo” em lugar de decisão fundamentada.');
INSERT INTO fundamentacao_itens (fundamentacao_id, ordem, conteudo)
VALUES ((SELECT id FROM fundamentacoes WHERE acao_estrategica_id = (SELECT id FROM acoes_estrategicas WHERE numero = '6.5.1')), 3, '3. Memória técnica sem base informacional: As ações de preservação documental (AE 6.3.3) e de construção de repositórios (AE 6.5.2) dependem de saber o que existe e onde está. Sem o mapeamento do ciclo, essas ações operam no escuro.');

-- AE 7.1.2
INSERT INTO acoes_estrategicas (numero, nome, eixo_prioritario_id, objetivo_estrategico_id, estrategia_id,
    acoes_conectadas, descricao_oficial_completa, descricao_o_que, descricao_para_que, ancoragem,
    nota_arranjo_institucional, versao, data_elaboracao, elaboracao, proxima_fase)
VALUES ('7.1.2', 'Desenvolver atuação parlamentar para os interesses da proteção e defesa civil', (SELECT id FROM eixos_prioritarios WHERE codigo = 'EIXO_2'), (SELECT id FROM objetivos_estrategicos WHERE codigo = 'OE7'), (SELECT id FROM estrategias WHERE codigo = 'E7.1'),
    'AE 7.1.1 (Monitoramento do arcabouço normativo) | AE 2.1.5 (Revisão de normas internas) | AE 2.1.3 (Comunicação institucional)',
    'Fortalecimento da estrutura de assessoria parlamentar e capacitação técnica dos representantes institucionais (O QUÊ), visando elevar a autoridade da pasta nas discussões legislativas e assegurar a centralidade e a especificidade da agenda de Gestão de Riscos e Desastres (GRD) nos debates e alocações orçamentárias (PARA QUÊ).',
    'Fortalecimento da estrutura de assessoria parlamentar e capacitação técnica dos representantes institucionais.',
    'Elevar a autoridade da pasta nas discussões legislativas e assegurar a centralidade e a especificidade da agenda de Gestão de Riscos e Desastres (GRD) nos debates e alocações orçamentárias.',
    'A Defesa Civil depende de marcos legais adequados para operar com efetividade — desde a alocação orçamentária até os instrumentos jurídicos de atuação em emergência. No entanto, a agenda de Gestão de Riscos e Desastres (GRD) raramente é protagonista nas discussões legislativas. O Plano Estratégico 2024–2035 posiciona esta ação na Estratégia E7.1 (Aprimoramento de normas legais e infralegais), com foco no fortalecimento da estrutura de assessoria parlamentar e na capacitação técnica dos representantes institucionais. A iniciativa indicada é a criação de um núcleo de defesa civil para atividades parlamentares junto ao órgão responsável pela articulação com o Legislativo. A ação complementa a AE 7.1.1 (monitoramento do arcabouço normativo): enquanto lá se identifica o que precisa mudar, aqui se articula politicamente para que a mudança aconteça.',
    NULL,
    '1.0',
    '2026-02-16',
    'ICTDEC/DAEAD',
    'Fase 2 — Desdobramento Orientado (definição de entregas por setor)');
INSERT INTO destaques_estrategicos (acao_estrategica_id, titulo, header_contexto)
VALUES ((SELECT id FROM acoes_estrategicas WHERE numero = '7.1.2'), 'Argumento Técnico como Arma Política', 'CONTEXTO — Articulando com Fundamento');
INSERT INTO destaque_linhas (destaque_id, ordem, tipo, label, conteudo)
VALUES ((SELECT id FROM destaques_estrategicos WHERE acao_estrategica_id = (SELECT id FROM acoes_estrategicas WHERE numero = '7.1.2')), 1, 'label_conteudo', 'Princípio', 'Atuação parlamentar eficaz não se faz apenas com prestígio político — exige argumentação técnica fundamentada. Quando a Defesa Civil se apresenta ao Legislativo municiada com dados, estudos, diagnósticos e propostas tecnicamente sólidas, eleva sua autoridade e diferencia sua agenda do lobby genérico. O suporte técnico institucional é o que confere credibilidade à atuação parlamentar e a torna sustentável independentemente de quem a conduza.');
INSERT INTO destaque_linhas (destaque_id, ordem, tipo, label, conteudo)
VALUES ((SELECT id FROM destaques_estrategicos WHERE acao_estrategica_id = (SELECT id FROM acoes_estrategicas WHERE numero = '7.1.2')), 2, 'label_conteudo', 'Duas frentes de atuação', 'Frente propositiva: elaborar e apresentar propostas legislativas fundamentadas — projetos de lei, emendas orçamentárias, requerimentos — que favoreçam a agenda de GRD no Estado.
Frente defensiva: monitorar e reagir a proposições legislativas que possam impactar negativamente a Defesa Civil — cortes orçamentários, alterações normativas prejudiciais, projetos que ignorem a especificidade da GRD.');
INSERT INTO destaque_linhas (destaque_id, ordem, tipo, label, conteudo)
VALUES ((SELECT id FROM destaques_estrategicos WHERE acao_estrategica_id = (SELECT id FROM acoes_estrategicas WHERE numero = '7.1.2')), 3, 'label_conteudo', 'Papel do suporte técnico', 'O órgão responsável pela articulação com o Legislativo executa a estratégia no parlamento. O ICTDEC fornece o substrato técnico que sustenta essa articulação: dados sobre impacto de desastres, indicadores de desempenho, diagnósticos de necessidade, análise técnica de projetos de lei, notas técnicas que fundamentem as posições institucionais e panoramas sobre necessidades de melhoria legislativa. A credibilidade da atuação parlamentar depende da qualidade desse suporte.');
INSERT INTO destaque_linhas (destaque_id, ordem, tipo, label, conteudo)
VALUES ((SELECT id FROM destaques_estrategicos WHERE acao_estrategica_id = (SELECT id FROM acoes_estrategicas WHERE numero = '7.1.2')), 4, 'label_conteudo', 'Risco a evitar', 'Atuação parlamentar desconectada da estratégia institucional. Demandas legislativas avulsas, sem alinhamento ao Plano Estratégico e às prioridades da SEDEC, dispersam esforço e podem gerar compromissos institucionais indesejados.');
INSERT INTO panoramico_linhas (acao_estrategica_id, ordem, setor_display, papel, sintese_contribuicao, nao_faz)
VALUES ((SELECT id FROM acoes_estrategicas WHERE numero = '7.1.2'), 1, 'ICTDEC', 'Provedor de Insumos Técnicos', 'Produz notas técnicas, análises e panoramas de necessidade legislativa que fundamentem a atuação parlamentar', 'Não articula com parlamentares; não executa estratégia no parlamento');
INSERT INTO panoramico_setores (panoramico_linha_id, setor_id, tipo_participacao)
VALUES ((SELECT id FROM panoramico_linhas WHERE acao_estrategica_id = (SELECT id FROM acoes_estrategicas WHERE numero = '7.1.2') AND ordem = 1), (SELECT id FROM setores WHERE codigo = 'ICTDEC'), 'principal');
INSERT INTO fichas (acao_estrategica_id, ordem, titulo, setor_display, papel, justificativa,
    contribuicao_esperada, nao_escopo, dependencias_criticas)
VALUES ((SELECT id FROM acoes_estrategicas WHERE numero = '7.1.2'), 1, 'ICTDEC — PROVEDOR DE INSUMOS TÉCNICOS',
    'ICTDEC', 'PROVEDOR DE INSUMOS TÉCNICOS', 'O ICTDEC é responsável pela produção de inteligência estratégica e pela análise técnica que subsidia a tomada de decisão na Secretaria. Nesta ação, sua contribuição é fornecer o substrato técnico que confere credibilidade à atuação parlamentar: notas técnicas sobre projetos de lei, dados e indicadores sobre impacto de desastres, diagnósticos de necessidade legislativa, análises de impacto de proposições e panoramas sobre oportunidades de melhoria do arcabouço legal — desde reforços orçamentários até proposição de projetos de lei que propiciem melhora na atuação dos órgãos de proteção e defesa civil. O ICTDEC não articula com parlamentares nem executa a estratégia no parlamento — essa é competência do órgão responsável pela articulação com o Legislativo.',
    ARRAY['Produzir notas técnicas que fundamentem posições institucionais em discussões legislativas', 'Elaborar análises de impacto de projetos de lei e proposições que afetem a Defesa Civil', 'Fornecer dados, indicadores e diagnósticos que subsidiem emendas orçamentárias e requerimentos', 'Produzir panoramas sobre necessidades de melhoria legislativa, identificando lacunas no arcabouço legal que impactem a atuação da Secretaria', 'Capacitar tecnicamente os representantes institucionais que atuam junto ao Legislativo, fornecendo conteúdo e argumentação', 'Apoiar a elaboração de propostas legislativas com fundamentação técnica, quando demandado'], ARRAY['Não articular politicamente com parlamentares ou assessores (competência do órgão responsável pela articulação com o Legislativo)', 'Não negociar alocações orçamentárias ou compromissos legislativos (competência da Alta Gestão)', 'Não emitir posições institucionais sem validação da cadeia de comando', 'Não executar a estratégia de atuação no parlamento estadual ou federal'], ARRAY['Demandas claras do órgão de articulação parlamentar ou da Alta Gestão sobre temas a serem subsidiados tecnicamente', 'Acesso a dados e indicadores atualizados sobre impacto de desastres e desempenho institucional', 'Sinalizações da SUOP e dos órgãos subordinados sobre gargalos operacionais que demandem solução legislativa', 'Tempo hábil para elaboração de notas técnicas quando demandas legislativas surgirem', 'Definição do arranjo institucional responsável pela articulação parlamentar (ver Nota sobre Arranjo Institucional)']);
INSERT INTO ficha_setores (ficha_id, setor_id, tipo_participacao)
VALUES ((SELECT id FROM fichas WHERE acao_estrategica_id = (SELECT id FROM acoes_estrategicas WHERE numero = '7.1.2') AND ordem = 1), (SELECT id FROM setores WHERE codigo = 'ICTDEC'), 'principal');
INSERT INTO fundamentacoes (acao_estrategica_id, introducao, conclusao)
VALUES ((SELECT id FROM acoes_estrategicas WHERE numero = '7.1.2'), 'A ausência de uma atuação parlamentar estruturada gera três efeitos:', 'Esta ação enfrenta esses efeitos ao estruturar uma atuação parlamentar municiada pelo suporte técnico do ICTDEC (fundamentação e panoramas de necessidade legislativa), executada pelo órgão responsável pela articulação com o Legislativo (estratégia no parlamento) e alimentada pelas demandas operacionais da SUOP e dos órgãos (realidade do campo).');
INSERT INTO fundamentacao_itens (fundamentacao_id, ordem, conteudo)
VALUES ((SELECT id FROM fundamentacoes WHERE acao_estrategica_id = (SELECT id FROM acoes_estrategicas WHERE numero = '7.1.2')), 1, '1. Invisibilidade legislativa: A agenda de Gestão de Riscos e Desastres não é protagonista nas discussões orçamentárias e normativas. Sem presença ativa no Legislativo, a Defesa Civil compete por recursos em desigualdade com agendas politicamente mais visíveis. Emendas orçamentárias e proposições legislativas favoráveis dependem de oportunismo, não de estratégia.');
INSERT INTO fundamentacao_itens (fundamentacao_id, ordem, conteudo)
VALUES ((SELECT id FROM fundamentacoes WHERE acao_estrategica_id = (SELECT id FROM acoes_estrategicas WHERE numero = '7.1.2')), 2, '2. Vulnerabilidade normativa: Projetos de lei que impactam a Defesa Civil — cortes orçamentários, alterações de competência, regulamentações inadequadas — tramitam sem que a Secretaria tenha voz qualificada para reagir. A ausência de assessoria parlamentar técnica deixa a pasta exposta a decisões legislativas tomadas sem compreensão da especificidade da GRD.');
INSERT INTO fundamentacao_itens (fundamentacao_id, ordem, conteudo)
VALUES ((SELECT id FROM fundamentacoes WHERE acao_estrategica_id = (SELECT id FROM acoes_estrategicas WHERE numero = '7.1.2')), 3, '3. Articulação dependente de pessoas: Quando a atuação parlamentar ocorre, tende a ser reativa e baseada em relações pessoais, não em argumentação técnica institucional. A eficácia da articulação depende de quem a conduz, não da qualidade do argumento nem do alinhamento estratégico. A saída de uma pessoa pode desmontar toda a articulação.');

-- AE 8.1.3
INSERT INTO acoes_estrategicas (numero, nome, eixo_prioritario_id, objetivo_estrategico_id, estrategia_id,
    acoes_conectadas, descricao_oficial_completa, descricao_o_que, descricao_para_que, ancoragem,
    nota_arranjo_institucional, versao, data_elaboracao, elaboracao, proxima_fase)
VALUES ('8.1.3', 'Fomentar a autonomia da rede de municípios fluminenses na implantação e custeamento de sistemas e métodos de alerta e alarme', (SELECT id FROM eixos_prioritarios WHERE codigo = 'EIXO_4'), (SELECT id FROM objetivos_estrategicos WHERE codigo = 'OE8'), (SELECT id FROM estrategias WHERE codigo = 'E8.1'),
    'AE 8.1.5 (Colaboração em prevenção) | AE 8.2.7 (Colaboração em preparação e resposta) | AE 10.1.2 (Projetos comunitários)',
    'Implementação de modelo de fomento que combine a expansão da infraestrutura (com atuação do estado em caráter excepcional e subsidiário) com a capacitação técnica municipal para a gestão e custeio da manutenção (O QUÊ), visando o progressivo cumprimento da competência legal prevista no art. 9º, XII da Lei 12.608/2012 e a sustentabilidade orçamentária de longo prazo dos sistemas de proteção (PARA QUÊ).',
    'Implementação de modelo de fomento que combine a expansão da infraestrutura (com atuação do Estado em caráter excepcional e subsidiário) com a capacitação técnica municipal para a gestão e custeio da manutenção.',
    'O progressivo cumprimento da competência legal prevista no art. 8º, V-B da Lei 12.608/2012 e a sustentabilidade orçamentária de longo prazo dos sistemas de proteção.',
    'A implantação e manutenção de sistemas de alerta e alarme é competência municipal (Art. 8º, V-B da Lei 12.608/2012). O Estado, ao assumir a manutenção dos sistemas de alarme por sirenes nos municípios, absorveu uma responsabilidade que não é sua e que compromete progressivamente sua capacidade orçamentária para investir no que lhe compete: monitoramento, alerta e cobertura tecnológica. O Plano Estratégico 2024–2035 posiciona esta ação na Estratégia E8.1, com foco na construção de um modelo que capacite os municípios a assumir essa responsabilidade de forma autônoma. Não se trata de abandonar os municípios, mas de devolver-lhes a competência legal com o suporte necessário para exercê-la.',
    NULL,
    '1.0',
    '2026-02-17',
    'ICTDEC/DAEAD',
    'Fase 2 — Desdobramento Orientado (definição de entregas por setor)');
INSERT INTO destaques_estrategicos (acao_estrategica_id, titulo, header_contexto)
VALUES ((SELECT id FROM acoes_estrategicas WHERE numero = '8.1.3'), 'O Custo da Não-Decisão', 'CONTEXTO — Uma Responsabilidade que Não é Nossa');
INSERT INTO destaque_linhas (destaque_id, ordem, tipo, label, conteudo)
VALUES ((SELECT id FROM destaques_estrategicos WHERE acao_estrategica_id = (SELECT id FROM acoes_estrategicas WHERE numero = '8.1.3')), 1, 'label_conteudo', 'O problema', 'O Estado assumiu a manutenção de sistemas de alarme por sirenes que, por lei, são de competência municipal. Essa decisão, compreensível no contexto emergencial em que foi tomada, gerou um ciclo de dependência: os municípios não desenvolvem capacidade própria porque o Estado faz por eles; o Estado perde capacidade orçamentária para suas competências próprias (monitoramento, alerta, cobertura tecnológica) porque gasta com a manutenção de sistemas municipais. Cada ano sem decisão aprofunda o problema.');
INSERT INTO destaque_linhas (destaque_id, ordem, tipo, label, conteudo)
VALUES ((SELECT id FROM destaques_estrategicos WHERE acao_estrategica_id = (SELECT id FROM acoes_estrategicas WHERE numero = '8.1.3')), 2, 'label_conteudo', 'As frentes de ação', 'Capacitação orçamentária: apoiar os municípios a ajustar seus orçamentos para absorver a despesa de manutenção dos sistemas de alarme.
Capacitação técnica: formar agentes municipais na elaboração de Estudos Técnicos Preliminares (ETP), Termos de Referência (TR) e gestão contratual para manutenção dos sistemas.
Sensibilização dos órgãos de controle externo: construir diálogo técnico com os órgãos de controle (TCE, MP) para sensibilizá-los quanto ao risco de a SEDEC continuar assumindo competência municipal, comprometendo seu orçamento e sua capacidade de atuação.
Acompanhamento de simulados: apoiar a realização de exercícios simulados de evacuação nas comunidades atendidas, assegurando que os sistemas implantados funcionem na prática.
Conscientização comunitária: preparar as comunidades para responder adequadamente aos sinais de alerta e alarme.');
INSERT INTO destaque_linhas (destaque_id, ordem, tipo, label, conteudo)
VALUES ((SELECT id FROM destaques_estrategicos WHERE acao_estrategica_id = (SELECT id FROM acoes_estrategicas WHERE numero = '8.1.3')), 3, 'label_conteudo', 'O risco político', 'Esta ação exige posicionamento institucional firme. Devolver responsabilidade aos municípios pode gerar atritos políticos e questionamentos dos órgãos de controle — especialmente se a transição não for bem conduzida e documentada. A sensação de “abandono” é um risco real. Por isso a ação exige liderança da Alta Gestão (SUBSEGOP), que deve assumir o posicionamento e conduzir o diálogo com os órgãos de controle, respaldada pelo suporte técnico dos órgãos operacionais.');
INSERT INTO panoramico_linhas (acao_estrategica_id, ordem, setor_display, papel, sintese_contribuicao, nao_faz)
VALUES ((SELECT id FROM acoes_estrategicas WHERE numero = '8.1.3'), 1, 'SUBSEGOP', 'Liderança Político-Institucional', 'Assume posicionamento; conduz diálogo com controle externo; respalda a transição', 'Não executa na ponta; não capacita');
INSERT INTO panoramico_setores (panoramico_linha_id, setor_id, tipo_participacao)
VALUES ((SELECT id FROM panoramico_linhas WHERE acao_estrategica_id = (SELECT id FROM acoes_estrategicas WHERE numero = '8.1.3') AND ordem = 1), (SELECT id FROM setores WHERE codigo = 'SUBSEGOP'), 'principal');
INSERT INTO panoramico_linhas (acao_estrategica_id, ordem, setor_display, papel, sintese_contribuicao, nao_faz)
VALUES ((SELECT id FROM acoes_estrategicas WHERE numero = '8.1.3'), 2, 'SUOP', 'Coordenador Operacional', 'Coordena órgãos; prioriza municípios; articula recursos', 'Não decide posicionamento político; não executa na ponta');
INSERT INTO panoramico_setores (panoramico_linha_id, setor_id, tipo_participacao)
VALUES ((SELECT id FROM panoramico_linhas WHERE acao_estrategica_id = (SELECT id FROM acoes_estrategicas WHERE numero = '8.1.3') AND ordem = 2), (SELECT id FROM setores WHERE codigo = 'SUOP'), 'principal');
INSERT INTO panoramico_linhas (acao_estrategica_id, ordem, setor_display, papel, sintese_contribuicao, nao_faz)
VALUES ((SELECT id FROM acoes_estrategicas WHERE numero = '8.1.3'), 3, 'CEMADEN-RJ', 'Referência Técnica', 'Define padrões; assessora implantação; apoia transição', 'Não custeia sistemas municipais; não opera alarmes');
INSERT INTO panoramico_setores (panoramico_linha_id, setor_id, tipo_participacao)
VALUES ((SELECT id FROM panoramico_linhas WHERE acao_estrategica_id = (SELECT id FROM acoes_estrategicas WHERE numero = '8.1.3') AND ordem = 3), (SELECT id FROM setores WHERE codigo = 'CEMADEN_RJ'), 'principal');
INSERT INTO panoramico_linhas (acao_estrategica_id, ordem, setor_display, papel, sintese_contribuicao, nao_faz)
VALUES ((SELECT id FROM acoes_estrategicas WHERE numero = '8.1.3'), 4, 'DGDEC', 'Articulador Institucional', 'Articula adesão com COMDECs; coordena REDECs', 'Não define padrões; não capacita');
INSERT INTO panoramico_setores (panoramico_linha_id, setor_id, tipo_participacao)
VALUES ((SELECT id FROM panoramico_linhas WHERE acao_estrategica_id = (SELECT id FROM acoes_estrategicas WHERE numero = '8.1.3') AND ordem = 4), (SELECT id FROM setores WHERE codigo = 'DGDEC'), 'principal');
INSERT INTO panoramico_linhas (acao_estrategica_id, ordem, setor_display, papel, sintese_contribuicao, nao_faz)
VALUES ((SELECT id FROM acoes_estrategicas WHERE numero = '8.1.3'), 5, 'REDECs', 'Executoras na Ponta', 'Acompanham implantação; apoiam simulados; reportam', 'Não definem padrões; não formalizam compromissos');
INSERT INTO panoramico_setores (panoramico_linha_id, setor_id, tipo_participacao)
VALUES ((SELECT id FROM panoramico_linhas WHERE acao_estrategica_id = (SELECT id FROM acoes_estrategicas WHERE numero = '8.1.3') AND ordem = 5), (SELECT id FROM setores WHERE codigo = 'REDECS'), 'principal');
INSERT INTO panoramico_linhas (acao_estrategica_id, ordem, setor_display, papel, sintese_contribuicao, nao_faz)
VALUES ((SELECT id FROM acoes_estrategicas WHERE numero = '8.1.3'), 6, 'ESDEC', 'Capacitadora', 'Capacita agentes municipais: orçamento, ETP, TR, operação', 'Não implanta sistemas; não articula com municípios');
INSERT INTO panoramico_setores (panoramico_linha_id, setor_id, tipo_participacao)
VALUES ((SELECT id FROM panoramico_linhas WHERE acao_estrategica_id = (SELECT id FROM acoes_estrategicas WHERE numero = '8.1.3') AND ordem = 6), (SELECT id FROM setores WHERE codigo = 'ESDEC'), 'principal');
INSERT INTO panoramico_linhas (acao_estrategica_id, ordem, setor_display, papel, sintese_contribuicao, nao_faz)
VALUES ((SELECT id FROM acoes_estrategicas WHERE numero = '8.1.3'), 7, 'DGAC', 'Conscientização Comunitária', 'Prepara comunidades para responder a alertas e alarmes', 'Não implanta sistemas; não capacita agentes');
INSERT INTO panoramico_setores (panoramico_linha_id, setor_id, tipo_participacao)
VALUES ((SELECT id FROM panoramico_linhas WHERE acao_estrategica_id = (SELECT id FROM acoes_estrategicas WHERE numero = '8.1.3') AND ordem = 7), (SELECT id FROM setores WHERE codigo = 'DGAC'), 'principal');
INSERT INTO fichas (acao_estrategica_id, ordem, titulo, setor_display, papel, justificativa,
    contribuicao_esperada, nao_escopo, dependencias_criticas)
VALUES ((SELECT id FROM acoes_estrategicas WHERE numero = '8.1.3'), 1, 'SUBSEGOP — LIDERANÇA POLÍTICO-INSTITUCIONAL',
    'SUBSEGOP', 'LIDERANÇA POLÍTICO-INSTITUCIONAL', 'Esta ação envolve a devolução de uma competência legal aos municípios que o Estado assumiu ao longo dos anos. Essa transição não é apenas operacional — é política. Exige posicionamento institucional perante os órgãos de controle externo (TCE, MP), comunicação clara aos municípios e gestão do risco de percepção de “abandono”. A SUBSEGOP é o órgão que faz o elo entre os temas operacionais e políticos, sendo a instância adequada para assumir essa liderança, protegendo os órgãos operacionais de pressões políticas e conferindo legitimidade institucional ao processo.',
    ARRAY['Assumir o posicionamento institucional da SEDEC quanto à transferência progressiva de responsabilidade aos municípios', 'Conduzir o diálogo com os órgãos de controle externo (TCE, MP), sensibilizando-os quanto ao risco orçamentário e legal de a SEDEC manter competência municipal', 'Respaldar politicamente a SUOP e os órgãos operacionais na execução do modelo de transição', 'Assegurar que o processo de transição esteja documentado e auditável, prevenindo questionamentos futuros'], ARRAY['Não executar ações operacionais na ponta (competência dos órgãos setoriais)', 'Não definir padrões técnicos dos sistemas (competência do CEMADEN-RJ)', 'Não capacitar agentes municipais (competência da ESDEC)'], ARRAY['Suporte técnico dos órgãos operacionais para fundamentar o posicionamento perante os órgãos de controle', 'Documentação completa do modelo de transição (competências legais, cronograma, capacitações realizadas)', 'Apoio da ASSEJUR na validação jurídica do posicionamento institucional']);
INSERT INTO ficha_setores (ficha_id, setor_id, tipo_participacao)
VALUES ((SELECT id FROM fichas WHERE acao_estrategica_id = (SELECT id FROM acoes_estrategicas WHERE numero = '8.1.3') AND ordem = 1), (SELECT id FROM setores WHERE codigo = 'SUBSEGOP'), 'principal');
INSERT INTO fichas (acao_estrategica_id, ordem, titulo, setor_display, papel, justificativa,
    contribuicao_esperada, nao_escopo, dependencias_criticas)
VALUES ((SELECT id FROM acoes_estrategicas WHERE numero = '8.1.3'), 2, 'SUOP (sob aval da SUBSEGOP) — COORDENADOR OPERACIONAL',
    'SUOP (sob aval da SUBSEGOP)', 'COORDENADOR OPERACIONAL', 'Ação que envolve múltiplos órgãos (CEMADEN-RJ, DGDEC, REDECs, ESDEC, DGAC) exige coordenação operacional centralizada. A SUOP comanda os órgãos setoriais e coordena ações multissetoriais. Nesta ação, compete-lhe definir a priorização de municípios, articular os recursos e assegurar que o modelo de fomento seja executado de forma integrada, sob o respaldo político da SUBSEGOP.',
    ARRAY['Coordenar a atuação integrada dos órgãos envolvidos, assegurando alinhamento de cronogramas e recursos', 'Definir critérios de priorização de municípios para implantação e capacitação', 'Articular recursos orçamentários e logísticos necessários', 'Monitorar o avanço da transferência de responsabilidade e reportar à SUBSEGOP'], ARRAY['Não assumir posicionamento político perante órgãos de controle (competência da SUBSEGOP)', 'Não executar na ponta (competência das REDECs e órgãos técnicos)', 'Não definir padrões técnicos (competência do CEMADEN-RJ)'], ARRAY['Respaldo político da SUBSEGOP para a execução do modelo', 'Colaboração dos órgãos setoriais', 'Disponibilidade orçamentária para ações de implantação subsidiária']);
INSERT INTO ficha_setores (ficha_id, setor_id, tipo_participacao)
VALUES ((SELECT id FROM fichas WHERE acao_estrategica_id = (SELECT id FROM acoes_estrategicas WHERE numero = '8.1.3') AND ordem = 2), (SELECT id FROM setores WHERE codigo = 'SUOP'), 'principal');
INSERT INTO ficha_setores (ficha_id, setor_id, tipo_participacao)
VALUES ((SELECT id FROM fichas WHERE acao_estrategica_id = (SELECT id FROM acoes_estrategicas WHERE numero = '8.1.3') AND ordem = 2), (SELECT id FROM setores WHERE codigo = 'SUBSEGOP'), 'aval');
INSERT INTO fichas (acao_estrategica_id, ordem, titulo, setor_display, papel, justificativa,
    contribuicao_esperada, nao_escopo, dependencias_criticas)
VALUES ((SELECT id FROM acoes_estrategicas WHERE numero = '8.1.3'), 3, 'CEMADEN-RJ — REFERÊNCIA TÉCNICA',
    'CEMADEN-RJ', 'REFERÊNCIA TÉCNICA', 'O CEMADEN-RJ é responsável pelo monitoramento, emissão de alertas e apoio aos municípios em sistemas de alarme. Nesta ação, é a referência técnica: define padrões, especificações, requisitos de integração e protocolos de operação. Assessora a implantação e apoia a transição da manutenção. O fortalecimento da autonomia municipal libera o CEMADEN-RJ para recuperar sua capacidade de investimento no que lhe compete: monitoramento e cobertura tecnológica estadual.',
    ARRAY['Definir padrões técnicos, especificações e protocolos para sistemas de alerta e alarme municipais', 'Assessorar tecnicamente a implantação nos municípios priorizados', 'Apoiar a transição da manutenção para a gestão municipal', 'Fornecer à ESDEC os conteúdos técnicos para capacitação dos agentes municipais', 'Diagnosticar cobertura atual e lacunas nos sistemas do Estado'], ARRAY['Não custear sistemas municipais de forma permanente (competência municipal)', 'Não operar alarmes locais (competência municipal)', 'Não capacitar diretamente agentes municipais (competência da ESDEC)'], ARRAY['Recursos para expansão subsidiária (articulados pela SUOP)', 'REDECs como elo operacional na implantação', 'ESDEC como executora da capacitação com base nos conteúdos fornecidos']);
INSERT INTO ficha_setores (ficha_id, setor_id, tipo_participacao)
VALUES ((SELECT id FROM fichas WHERE acao_estrategica_id = (SELECT id FROM acoes_estrategicas WHERE numero = '8.1.3') AND ordem = 3), (SELECT id FROM setores WHERE codigo = 'CEMADEN_RJ'), 'principal');
INSERT INTO fichas (acao_estrategica_id, ordem, titulo, setor_display, papel, justificativa,
    contribuicao_esperada, nao_escopo, dependencias_criticas)
VALUES ((SELECT id FROM acoes_estrategicas WHERE numero = '8.1.3'), 4, 'DGDEC — ARTICULADOR INSTITUCIONAL',
    'DGDEC', 'ARTICULADOR INSTITUCIONAL', 'A DGDEC coordena as Regionais de Defesa Civil e é o canal formal da relação estado-município. Nesta ação, articula com as COMDECs a adesão ao modelo de fomento e coordena as REDECs na execução territorial.',
    ARRAY['Articular com as COMDECs a adesão ao modelo de fomento e os compromissos de transferência de responsabilidade', 'Coordenar as REDECs na execução desta ação no território', 'Formalizar os termos de cooperação com os municípios, com apoio da SUBSEGAD (formalização) e da ASSEJUR (validação jurídica)', 'Reportar à SUOP o status da adesão municipal e obstáculos identificados'], ARRAY['Não definir padrões técnicos (competência do CEMADEN-RJ)', 'Não capacitar agentes municipais (competência da ESDEC)', 'Não executar ações no território sem coordenação com as REDECs'], ARRAY['Critérios de priorização definidos pela SUOP', 'Padrões técnicos definidos pelo CEMADEN-RJ', 'Aprovação da SUBSEGAD para formalização de convênios e validação da ASSEJUR']);
INSERT INTO ficha_setores (ficha_id, setor_id, tipo_participacao)
VALUES ((SELECT id FROM fichas WHERE acao_estrategica_id = (SELECT id FROM acoes_estrategicas WHERE numero = '8.1.3') AND ordem = 4), (SELECT id FROM setores WHERE codigo = 'DGDEC'), 'principal');
INSERT INTO fichas (acao_estrategica_id, ordem, titulo, setor_display, papel, justificativa,
    contribuicao_esperada, nao_escopo, dependencias_criticas)
VALUES ((SELECT id FROM acoes_estrategicas WHERE numero = '8.1.3'), 5, 'REDECs (Regionais de Defesa Civil) — EXECUTORAS NA PONTA',
    'REDECs (Regionais de Defesa Civil)', 'EXECUTORAS NA PONTA', 'As REDECs são o elo entre o Estado e os municípios no território. Nesta ação, acompanham a implantação, apoiam a realização de simulados de desocupação, coletam informações sobre adesão e dificuldades e atuam como elo operacional entre os órgãos estaduais e as COMDECs. Podem atuar em conjunto com vários órgãos (CEMADEN-RJ, ESDEC, DGAC), realizando a ação na ponta de forma integrada.',
    ARRAY['Acompanhar a implantação dos sistemas nos municípios de sua região', 'Apoiar a realização de simulados de desocupação nas comunidades atendidas', 'Coletar e reportar à DGDEC informações sobre adesão, dificuldades e necessidades', 'Atuar como elo operacional entre os órgãos estaduais e as COMDECs no território'], ARRAY['Não definir padrões técnicos (competência do CEMADEN-RJ)', 'Não capacitar formalmente agentes municipais (competência da ESDEC)', 'Não formalizar compromissos sem coordenação da DGDEC'], ARRAY['Orientações do CEMADEN-RJ para acompanhamento', 'Coordenação da DGDEC sobre prioridades e cronograma', 'Apoio dos órgãos técnicos conforme necessidade de cada município']);
INSERT INTO ficha_setores (ficha_id, setor_id, tipo_participacao)
VALUES ((SELECT id FROM fichas WHERE acao_estrategica_id = (SELECT id FROM acoes_estrategicas WHERE numero = '8.1.3') AND ordem = 5), (SELECT id FROM setores WHERE codigo = 'REDECS'), 'principal');
INSERT INTO fichas (acao_estrategica_id, ordem, titulo, setor_display, papel, justificativa,
    contribuicao_esperada, nao_escopo, dependencias_criticas)
VALUES ((SELECT id FROM acoes_estrategicas WHERE numero = '8.1.3'), 6, 'ESDEC — CAPACITADORA',
    'ESDEC', 'CAPACITADORA', 'A ESDEC capacita agentes do SIEPDEC-RJ. Nesta ação, seu papel é estruturante: formar agentes municipais não apenas na operação dos sistemas, mas também na dimensão administrativa da autonomia — ajuste orçamentário para absorver a despesa de manutenção, elaboração de Estudos Técnicos Preliminares (ETP), Termos de Referência (TR) e gestão contratual. Esse é o pilar que garante sustentabilidade: sem capacitação, a transferência de responsabilidade falha e o ciclo de dependência recomeça.',
    ARRAY['Estruturar programas de capacitação para agentes municipais abrangendo: operação e manutenção dos sistemas; ajuste orçamentário municipal para absorver a despesa; elaboração de ETP e TR; gestão contratual da manutenção', 'Executar a capacitação, preferencialmente no território (com apoio das REDECs), ou de forma centralizada', 'Avaliar o aprendizado e a eficácia da capacitação, retroalimentando o modelo'], ARRAY['Não definir padrões técnicos dos sistemas (competência do CEMADEN-RJ)', 'Não implantar ou operar sistemas', 'Não articular com municípios sobre adesão (competência da DGDEC)'], ARRAY['Conteúdos técnicos do CEMADEN-RJ como base da capacitação operacional', 'Demanda dimensionada pela SUOP com base na priorização de municípios', 'Apoio logístico das REDECs para capacitação no território']);
INSERT INTO ficha_setores (ficha_id, setor_id, tipo_participacao)
VALUES ((SELECT id FROM fichas WHERE acao_estrategica_id = (SELECT id FROM acoes_estrategicas WHERE numero = '8.1.3') AND ordem = 6), (SELECT id FROM setores WHERE codigo = 'ESDEC'), 'principal');
INSERT INTO fichas (acao_estrategica_id, ordem, titulo, setor_display, papel, justificativa,
    contribuicao_esperada, nao_escopo, dependencias_criticas)
VALUES ((SELECT id FROM acoes_estrategicas WHERE numero = '8.1.3'), 7, 'DGAC — CONSCIENTIZAÇÃO COMUNITÁRIA',
    'DGAC', 'CONSCIENTIZAÇÃO COMUNITÁRIA', 'A DGAC é responsável pela percepção de riscos e conscientização comunitária. Nesta ação, seu papel é complementar e essencial: preparar as comunidades para responder aos sinais de alerta e alarme. Um sistema que toca sem que a população saiba reagir é infraestrutura ociosa.',
    ARRAY['Desenvolver e executar ações de conscientização comunitária sobre alertas, alarmes e procedimentos de evacuação', 'Articular com REDECs e COMDECs a realização de ações nos municípios com sistemas implantados', 'Produzir materiais de orientação para a população'], ARRAY['Não implantar ou operar sistemas', 'Não capacitar agentes municipais em operação técnica (competência da ESDEC)', 'Não definir padrões técnicos (competência do CEMADEN-RJ)'], ARRAY['Sistemas implantados e operacionais como pré-condição', 'Apoio das REDECs e COMDECs para execução territorial', 'Coordenação da SUOP para alinhamento de cronograma']);
INSERT INTO ficha_setores (ficha_id, setor_id, tipo_participacao)
VALUES ((SELECT id FROM fichas WHERE acao_estrategica_id = (SELECT id FROM acoes_estrategicas WHERE numero = '8.1.3') AND ordem = 7), (SELECT id FROM setores WHERE codigo = 'DGAC'), 'principal');
INSERT INTO fundamentacoes (acao_estrategica_id, introducao, conclusao)
VALUES ((SELECT id FROM acoes_estrategicas WHERE numero = '8.1.3'), 'A situação atual configura um problema estrutural grave, cujo agravamento é proporcional ao tempo de não-decisão:', 'Esta ação enfrenta esses problemas com um modelo de transição liderado pela SUBSEGOP (posicionamento político-institucional), coordenado pela SUOP (integração operacional), referenciado pelo CEMADEN-RJ (padrões técnicos), articulado pela DGDEC (relação com municípios), executado pelas REDECs (ponta), capacitado pela ESDEC (formação orçamentária e técnica) e complementado pela DGAC (conscientização).');
INSERT INTO fundamentacao_itens (fundamentacao_id, ordem, conteudo)
VALUES ((SELECT id FROM fundamentacoes WHERE acao_estrategica_id = (SELECT id FROM acoes_estrategicas WHERE numero = '8.1.3')), 1, '1. Inversão de competências com custo crescente: O Estado mantém sistemas de alarme por sirenes que são competência municipal (Art. 8º, V-B da Lei 12.608/2012). Cada ano de manutenção estadual aprofunda o comprometimento orçamentário da SEDEC, reduzindo a capacidade de investimento nas competências que são efetivamente do Estado: monitoramento meteorológico, hidrológico e geológico, emissão de alertas e cobertura tecnológica. A perda de capacidade orçamentária não é hipotética — já é realidade: o CEMADEN-RJ tem carência de investimento em instrumentos e tecnologias de monitoramento precisamente porque os recursos foram direcionados ao sistema de sirenes municipal.');
INSERT INTO fundamentacao_itens (fundamentacao_id, ordem, conteudo)
VALUES ((SELECT id FROM fundamentacoes WHERE acao_estrategica_id = (SELECT id FROM acoes_estrategicas WHERE numero = '8.1.3')), 2, '2. Dependência municipal institucionalizada: Os municípios que receberam sistemas implantados pelo Estado não desenvolveram capacidade técnica para operá-los, não elaboraram ETP e TR para contratação de manutenção e não ajustaram seus orçamentos para absorver essa despesa. A dependência não é acidental — é o resultado previsível de um modelo que implanta sem transferir capacidade. Quando o Estado reduz o suporte, os sistemas se degradam e a população fica desprotegida.');
INSERT INTO fundamentacao_itens (fundamentacao_id, ordem, conteudo)
VALUES ((SELECT id FROM fundamentacoes WHERE acao_estrategica_id = (SELECT id FROM acoes_estrategicas WHERE numero = '8.1.3')), 3, '3. Exposição a questionamentos dos órgãos de controle: A SEDEC gasta recursos orçamentários em competência que não é sua. Essa situação configura risco de questionamento por órgãos de controle externo (TCE, MP) — tanto pela execução de despesa fora de competência quanto pela possível omissão nas competências próprias. A não-decisão não elimina o risco — apenas atrasa o questionamento e agrava suas consequências.');
INSERT INTO fundamentacao_itens (fundamentacao_id, ordem, conteudo)
VALUES ((SELECT id FROM fundamentacoes WHERE acao_estrategica_id = (SELECT id FROM acoes_estrategicas WHERE numero = '8.1.3')), 4, '4. Comunidades sem preparação: Mesmo onde os sistemas existem, a população muitas vezes não sabe o que os sinais significam nem como reagir. Sistemas de alarme sem conscientização comunitária e sem simulados regulares são infraestrutura ociosa — e a responsabilidade por qualquer falha de resposta recai sobre o Estado. Nota sobre Posicionamento Institucional e Risco de Omissão');

-- AE 8.1.5
INSERT INTO acoes_estrategicas (numero, nome, eixo_prioritario_id, objetivo_estrategico_id, estrategia_id,
    acoes_conectadas, descricao_oficial_completa, descricao_o_que, descricao_para_que, ancoragem,
    nota_arranjo_institucional, versao, data_elaboracao, elaboracao, proxima_fase)
VALUES ('8.1.5', 'Atuar em colaboração com os municípios nas ações de prevenção e mitigação', (SELECT id FROM eixos_prioritarios WHERE codigo = 'EIXO_4'), (SELECT id FROM objetivos_estrategicos WHERE codigo = 'OE8'), (SELECT id FROM estrategias WHERE codigo = 'E8.1'),
    'AE 8.1.3 (Autonomia em alerta/alarme) | AE 8.1.4 (Captação de recursos federais) | AE 8.2.7 (Colaboração em preparação e resposta) | AE 10.1.2 (Projetos comunitários)',
    'Estabelecimento de um regime de cooperação técnica e institucional multifacetado, abrangendo desde o suporte ao ordenamento territorial e normatização até a articulação para viabilização de medidas estruturais e não estruturais (O QUÊ), visando não apenas a instrumentalização da gestão local, mas a efetiva redução das vulnerabilidades e riscos preexistentes no território fluminense (PARA QUÊ).',
    'Estabelecimento de um regime de cooperação técnica e institucional multifacetado, abrangendo desde o suporte ao ordenamento territorial e normatização até a articulação para viabilização de medidas estruturais e não estruturais.',
    'Não apenas a instrumentalização da gestão local, mas a efetiva redução das vulnerabilidades e riscos preexistentes no território fluminense.',
    'A redução de vulnerabilidades e riscos no território fluminense depende de ações de prevenção e mitigação executadas nos municípios — mas a maioria não dispõe de capacidade técnica, científica e institucional para conduzi-las sozinha. O Plano Estratégico 2024–2035 posiciona esta ação na Estratégia E8.1, com foco no estabelecimento de um regime de cooperação técnica e institucional multifacetado: desde o suporte ao ordenamento territorial e à normatização até a articulação para viabilização de medidas estruturais e não estruturais. A iniciativa indicada é apoiar com recursos estaduais projetos de prevenção e mitigação. A ação mobiliza múltiplos órgãos da Defesa Civil Estadual, cada um na sua competência.',
    NULL,
    '1.0',
    '2026-02-17',
    'ICTDEC/DAEAD',
    'Fase 2 — Desdobramento Orientado (definição de entregas por setor)');
INSERT INTO destaques_estrategicos (acao_estrategica_id, titulo, header_contexto)
VALUES ((SELECT id FROM acoes_estrategicas WHERE numero = '8.1.5'), 'Cooperação Multifacetada, Não Assistência Avulsa', 'CONTEXTO — Ação Integrada no Território');
INSERT INTO destaque_linhas (destaque_id, ordem, tipo, label, conteudo)
VALUES ((SELECT id FROM destaques_estrategicos WHERE acao_estrategica_id = (SELECT id FROM acoes_estrategicas WHERE numero = '8.1.5')), 1, 'label_conteudo', 'Princípio', 'Prevenção e mitigação não se fazem com ações isoladas. Exigem combinação de medidas estruturais (obras, infraestrutura, intervenções físicas) e medidas não estruturais (ordenamento territorial, normatização, capacitação, monitoramento, conscientização, estudos de risco). A cooperação do Estado com os municípios deve ser multifacetada e coordenada — cada órgão da SEDEC contribui com sua competência específica, e as REDECs integram essas contribuições na ponta.');
INSERT INTO destaque_linhas (destaque_id, ordem, tipo, label, conteudo)
VALUES ((SELECT id FROM destaques_estrategicos WHERE acao_estrategica_id = (SELECT id FROM acoes_estrategicas WHERE numero = '8.1.5')), 2, 'label_conteudo', 'As facetas da cooperação', 'Alertas e panoramas de risco: CEMADEN-RJ fornece alertas geohidrometeorológicos e panoramas de risco que subsidiam a tomada de decisão municipal.
Engenharia e articulação para obras: Coordenadoria de Engenharia avalia intervenções físicas e articula com órgãos estaduais de infraestrutura a viabilização de medidas estruturais.
Meio ambiente: CEAMA conecta políticas ambientais à redução de riscos, articulando ações ambientais com impacto em defesa civil.
Suporte técnico-científico: ICTDEC (com CEPEDEC) produz estudos, metodologias e orienta municípios no mapeamento de riscos e vulnerabilidades.
Capacitação: ESDEC forma agentes municipais para atuar em prevenção e mitigação.
Conscientização comunitária: DGAC desenvolve percepção de risco e cultura preventiva nas comunidades.
Execução territorial: REDECs (via DREDEC) integram as frentes no território junto às COMDECs.');
INSERT INTO destaque_linhas (destaque_id, ordem, tipo, label, conteudo)
VALUES ((SELECT id FROM destaques_estrategicos WHERE acao_estrategica_id = (SELECT id FROM acoes_estrategicas WHERE numero = '8.1.5')), 3, 'label_conteudo', 'Risco a evitar', 'Cooperação fragmentada. Se cada órgão atua isoladamente, sem coordenação da SUOP, o município recebe demandas descoordenadas e a ação integrada se desfaz em iniciativas avulsas sem impacto sistêmico.');
INSERT INTO panoramico_linhas (acao_estrategica_id, ordem, setor_display, papel, sintese_contribuicao, nao_faz)
VALUES ((SELECT id FROM acoes_estrategicas WHERE numero = '8.1.5'), 1, 'SUOP', 'Coordenador da Ação', 'Coordena atuação multiórgãos; prioriza municípios; articula recursos', 'Não executa na ponta; não define padrões técnicos');
INSERT INTO panoramico_setores (panoramico_linha_id, setor_id, tipo_participacao)
VALUES ((SELECT id FROM panoramico_linhas WHERE acao_estrategica_id = (SELECT id FROM acoes_estrategicas WHERE numero = '8.1.5') AND ordem = 1), (SELECT id FROM setores WHERE codigo = 'SUOP'), 'principal');
INSERT INTO panoramico_linhas (acao_estrategica_id, ordem, setor_display, papel, sintese_contribuicao, nao_faz)
VALUES ((SELECT id FROM acoes_estrategicas WHERE numero = '8.1.5'), 2, 'CEMADEN-RJ', 'Alertas e Panoramas de Risco', 'Fornece alertas geohidrometeorológicos, panoramas de risco e recomendações', 'Não produz mapas de risco; não mapeia áreas de risco');
INSERT INTO panoramico_setores (panoramico_linha_id, setor_id, tipo_participacao)
VALUES ((SELECT id FROM panoramico_linhas WHERE acao_estrategica_id = (SELECT id FROM acoes_estrategicas WHERE numero = '8.1.5') AND ordem = 2), (SELECT id FROM setores WHERE codigo = 'CEMADEN_RJ'), 'principal');
INSERT INTO panoramico_linhas (acao_estrategica_id, ordem, setor_display, papel, sintese_contribuicao, nao_faz)
VALUES ((SELECT id FROM acoes_estrategicas WHERE numero = '8.1.5'), 3, 'Coord. Engenharia', 'Suporte Estrutural e Articulação', 'Avalia intervenções físicas; articula com órgãos estaduais de obras', 'Não executa obras; não monitora riscos');
INSERT INTO panoramico_setores (panoramico_linha_id, setor_id, tipo_participacao)
VALUES ((SELECT id FROM panoramico_linhas WHERE acao_estrategica_id = (SELECT id FROM acoes_estrategicas WHERE numero = '8.1.5') AND ordem = 3), (SELECT id FROM setores WHERE codigo = 'COORD._ENGENHARIA'), 'principal');
INSERT INTO panoramico_linhas (acao_estrategica_id, ordem, setor_display, papel, sintese_contribuicao, nao_faz)
VALUES ((SELECT id FROM acoes_estrategicas WHERE numero = '8.1.5'), 4, 'CEAMA', 'Articulação Ambiental', 'Conecta políticas ambientais à redução de riscos', 'Não executa obras; não avalia riscos de desastres');
INSERT INTO panoramico_setores (panoramico_linha_id, setor_id, tipo_participacao)
VALUES ((SELECT id FROM panoramico_linhas WHERE acao_estrategica_id = (SELECT id FROM acoes_estrategicas WHERE numero = '8.1.5') AND ordem = 4), (SELECT id FROM setores WHERE codigo = 'CEAMA'), 'principal');
INSERT INTO panoramico_linhas (acao_estrategica_id, ordem, setor_display, papel, sintese_contribuicao, nao_faz)
VALUES ((SELECT id FROM acoes_estrategicas WHERE numero = '8.1.5'), 5, 'ICTDEC (com CEPEDEC)', 'Suporte Técnico-Científico', 'Produz estudos e metodologias; orienta municípios no mapeamento de riscos', 'Não executa na ponta; não emite alertas');
INSERT INTO panoramico_setores (panoramico_linha_id, setor_id, tipo_participacao)
VALUES ((SELECT id FROM panoramico_linhas WHERE acao_estrategica_id = (SELECT id FROM acoes_estrategicas WHERE numero = '8.1.5') AND ordem = 5), (SELECT id FROM setores WHERE codigo = 'ICTDEC'), 'principal');
INSERT INTO panoramico_setores (panoramico_linha_id, setor_id, tipo_participacao)
VALUES ((SELECT id FROM panoramico_linhas WHERE acao_estrategica_id = (SELECT id FROM acoes_estrategicas WHERE numero = '8.1.5') AND ordem = 5), (SELECT id FROM setores WHERE codigo = 'CEPEDEC'), 'participante');
INSERT INTO panoramico_linhas (acao_estrategica_id, ordem, setor_display, papel, sintese_contribuicao, nao_faz)
VALUES ((SELECT id FROM acoes_estrategicas WHERE numero = '8.1.5'), 6, 'ESDEC', 'Capacitadora', 'Forma agentes municipais em prevenção e mitigação', 'Não implanta medidas; não articula com municípios');
INSERT INTO panoramico_setores (panoramico_linha_id, setor_id, tipo_participacao)
VALUES ((SELECT id FROM panoramico_linhas WHERE acao_estrategica_id = (SELECT id FROM acoes_estrategicas WHERE numero = '8.1.5') AND ordem = 6), (SELECT id FROM setores WHERE codigo = 'ESDEC'), 'principal');
INSERT INTO panoramico_linhas (acao_estrategica_id, ordem, setor_display, papel, sintese_contribuicao, nao_faz)
VALUES ((SELECT id FROM acoes_estrategicas WHERE numero = '8.1.5'), 7, 'DGAC', 'Conscientização Comunitária', 'Desenvolve percepção de risco e cultura preventiva', 'Não avalia riscos; não executa medidas estruturais');
INSERT INTO panoramico_setores (panoramico_linha_id, setor_id, tipo_participacao)
VALUES ((SELECT id FROM panoramico_linhas WHERE acao_estrategica_id = (SELECT id FROM acoes_estrategicas WHERE numero = '8.1.5') AND ordem = 7), (SELECT id FROM setores WHERE codigo = 'DGAC'), 'principal');
INSERT INTO panoramico_linhas (acao_estrategica_id, ordem, setor_display, papel, sintese_contribuicao, nao_faz)
VALUES ((SELECT id FROM acoes_estrategicas WHERE numero = '8.1.5'), 8, 'REDECs (via DREDEC)', 'Executoras na Ponta', 'Integram as frentes no território; reportam necessidades', 'Não definem padrões; não formalizam compromissos');
INSERT INTO panoramico_setores (panoramico_linha_id, setor_id, tipo_participacao)
VALUES ((SELECT id FROM panoramico_linhas WHERE acao_estrategica_id = (SELECT id FROM acoes_estrategicas WHERE numero = '8.1.5') AND ordem = 8), (SELECT id FROM setores WHERE codigo = 'REDECS'), 'principal');
INSERT INTO panoramico_setores (panoramico_linha_id, setor_id, tipo_participacao)
VALUES ((SELECT id FROM panoramico_linhas WHERE acao_estrategica_id = (SELECT id FROM acoes_estrategicas WHERE numero = '8.1.5') AND ordem = 8), (SELECT id FROM setores WHERE codigo = 'DREDEC'), 'coordenador');
INSERT INTO fichas (acao_estrategica_id, ordem, titulo, setor_display, papel, justificativa,
    contribuicao_esperada, nao_escopo, dependencias_criticas)
VALUES ((SELECT id FROM acoes_estrategicas WHERE numero = '8.1.5'), 1, 'SUOP (sob aval da SUBSEGOP) — COORDENADOR DA AÇÃO',
    'SUOP (sob aval da SUBSEGOP)', 'COORDENADOR DA AÇÃO', 'Ação multifacetada que envolve múltiplos órgãos da Defesa Civil Estadual exige coordenação centralizada. A SUOP comanda os órgãos setoriais e coordena ações multissetoriais. Nesta ação, compete-lhe priorizar municípios, articular recursos, alinhar cronogramas e assegurar que a cooperação chegue ao território de forma integrada — não como iniciativas avulsas de cada órgão.',
    ARRAY['Coordenar a atuação integrada dos órgãos envolvidos, assegurando alinhamento de cronogramas e recursos', 'Definir critérios de priorização de municípios para cooperação em prevenção e mitigação', 'Articular recursos orçamentários e logísticos para apoio a projetos municipais', 'Monitorar a execução da cooperação e seus resultados'], ARRAY['Não executar na ponta (competência das REDECs e órgãos técnicos)', 'Não definir padrões técnicos específicos (competência de cada órgão setorial)', 'Não articular diretamente com COMDECs (competência das REDECs via DREDEC)'], ARRAY['Colaboração dos órgãos setoriais na execução de suas partes', 'Informações sobre necessidades municipais coletadas pelas REDECs', 'Disponibilidade orçamentária para apoio a projetos de prevenção e mitigação']);
INSERT INTO ficha_setores (ficha_id, setor_id, tipo_participacao)
VALUES ((SELECT id FROM fichas WHERE acao_estrategica_id = (SELECT id FROM acoes_estrategicas WHERE numero = '8.1.5') AND ordem = 1), (SELECT id FROM setores WHERE codigo = 'SUOP'), 'principal');
INSERT INTO ficha_setores (ficha_id, setor_id, tipo_participacao)
VALUES ((SELECT id FROM fichas WHERE acao_estrategica_id = (SELECT id FROM acoes_estrategicas WHERE numero = '8.1.5') AND ordem = 1), (SELECT id FROM setores WHERE codigo = 'SUBSEGOP'), 'aval');
INSERT INTO fichas (acao_estrategica_id, ordem, titulo, setor_display, papel, justificativa,
    contribuicao_esperada, nao_escopo, dependencias_criticas)
VALUES ((SELECT id FROM acoes_estrategicas WHERE numero = '8.1.5'), 2, 'CEMADEN-RJ — ALERTAS E PANORAMAS DE RISCO',
    'CEMADEN-RJ', 'ALERTAS E PANORAMAS DE RISCO', 'O CEMADEN-RJ é responsável pelo monitoramento meteorológico, hidrológico e geológico do Estado e pela emissão de alertas. Nesta ação, fornece aos municípios alertas geohidrometeorológicos, panoramas de risco e recomendações de acionamento de sirenes, subsidiando a tomada de decisão municipal sobre medidas de prevenção e mitigação.',
    ARRAY['Fornecer alertas geohidrometeorológicos e panoramas de risco aos municípios', 'Emitir recomendações de acionamento de sirenes para as COMDECs', 'Disponibilizar informações sobre cenários de risco que subsidiem o planejamento de medidas preventivas'], ARRAY['Não produzir mapas de risco ou de suscetibilidade (competência do ICTDEC/CEPEDEC em orientação aos municípios)', 'Não fornecer dados brutos para mapeamento municipal', 'Não executar medidas estruturais ou não estruturais nos municípios', 'Não capacitar agentes municipais (competência da ESDEC)'], ARRAY['Infraestrutura de monitoramento adequada para gerar alertas confiáveis', 'REDECs como canal de transmissão de alertas e panoramas ao nível municipal']);
INSERT INTO ficha_setores (ficha_id, setor_id, tipo_participacao)
VALUES ((SELECT id FROM fichas WHERE acao_estrategica_id = (SELECT id FROM acoes_estrategicas WHERE numero = '8.1.5') AND ordem = 2), (SELECT id FROM setores WHERE codigo = 'CEMADEN_RJ'), 'principal');
INSERT INTO fichas (acao_estrategica_id, ordem, titulo, setor_display, papel, justificativa,
    contribuicao_esperada, nao_escopo, dependencias_criticas)
VALUES ((SELECT id FROM acoes_estrategicas WHERE numero = '8.1.5'), 3, 'Coordenadoria de Engenharia em Defesa Civil — SUPORTE ESTRUTURAL E ARTICULAÇÃO',
    'Coordenadoria de Engenharia em Defesa Civil', 'SUPORTE ESTRUTURAL E ARTICULAÇÃO', 'A Coordenadoria de Engenharia foi criada para pensar e coordenar ações de engenharia em defesa civil. Nesta ação, desempenha duplo papel: apoia municípios na avaliação técnica de intervenções físicas preventivas e articula com órgãos estaduais com competência na execução de obras (como SEINFRA e demais órgãos de infraestrutura) a viabilização de medidas estruturais. A capacidade atual do órgão é limitada (carência de quadro técnico), o que reforça a importância do papel articulador: mobilizar capacidade técnica onde ela existe no aparato estatal.',
    ARRAY['Apoiar municípios na avaliação técnica de intervenções físicas preventivas e de mitigação', 'Articular com órgãos estaduais de infraestrutura (SEINFRA e correlatos) a viabilização de medidas estruturais nos municípios', 'Emitir pareceres técnicos sobre viabilidade de medidas estruturais, quando demandado', 'Orientar projetos de obras de prevenção (contenção, drenagem, infraestrutura preventiva)'], ARRAY['Não executar obras (competência municipal ou de órgãos estaduais de infraestrutura)', 'Não monitorar riscos (competência do CEMADEN-RJ)', 'Não mapear áreas de risco (competência do ICTDEC/CEPEDEC em orientação aos municípios)'], ARRAY['Demandas priorizadas pela SUOP dado o quadro limitado de pessoal', 'Panoramas de risco fornecidos pelo CEMADEN-RJ para subsidiar avaliações', 'REDECs como canal de coleta de demandas municipais', 'Receptividade dos órgãos estaduais de infraestrutura para ações articuladas']);
INSERT INTO ficha_setores (ficha_id, setor_id, tipo_participacao)
VALUES ((SELECT id FROM fichas WHERE acao_estrategica_id = (SELECT id FROM acoes_estrategicas WHERE numero = '8.1.5') AND ordem = 3), (SELECT id FROM setores WHERE codigo = 'COORD_ENGENHARIA'), 'principal');
INSERT INTO fichas (acao_estrategica_id, ordem, titulo, setor_display, papel, justificativa,
    contribuicao_esperada, nao_escopo, dependencias_criticas)
VALUES ((SELECT id FROM acoes_estrategicas WHERE numero = '8.1.5'), 4, 'CEAMA (Coordenadoria Estadual de Ações de Meio Ambiente) — ARTICULAÇÃO AMBIENTAL',
    'CEAMA (Coordenadoria Estadual de Ações de Meio Ambiente)', 'ARTICULAÇÃO AMBIENTAL', 'A CEAMA coordena ações de meio ambiente com impacto em defesa civil. Nesta ação, conecta as políticas ambientais estaduais às ações de redução de riscos nos municípios, identificando onde intervenções ambientais (recuperação de encostas, gestão de recursos hídricos, proteção de APP) contribuem diretamente para a prevenção de desastres.',
    ARRAY['Identificar ações ambientais com impacto direto na redução de riscos de desastres nos municípios', 'Articular com órgãos ambientais estaduais ações conjuntas de prevenção', 'Orientar municípios sobre a integração de políticas ambientais e de defesa civil'], ARRAY['Não avaliar riscos de desastres (competência do CEMADEN-RJ para alertas e do ICTDEC/CEPEDEC para mapeamento)', 'Não executar obras de engenharia (competência da Coordenadoria de Engenharia e órgãos de infraestrutura)', 'Não capacitar agentes municipais (competência da ESDEC)'], ARRAY['Panoramas de risco do CEMADEN-RJ para identificar onde ações ambientais impactam', 'REDECs como elo territorial para implementação conjunta']);
INSERT INTO ficha_setores (ficha_id, setor_id, tipo_participacao)
VALUES ((SELECT id FROM fichas WHERE acao_estrategica_id = (SELECT id FROM acoes_estrategicas WHERE numero = '8.1.5') AND ordem = 4), (SELECT id FROM setores WHERE codigo = 'CEAMA'), 'principal');
INSERT INTO fichas (acao_estrategica_id, ordem, titulo, setor_display, papel, justificativa,
    contribuicao_esperada, nao_escopo, dependencias_criticas)
VALUES ((SELECT id FROM acoes_estrategicas WHERE numero = '8.1.5'), 5, 'ICTDEC (com CEPEDEC) — SUPORTE TÉCNICO-CIENTÍFICO',
    'ICTDEC (com CEPEDEC)', 'SUPORTE TÉCNICO-CIENTÍFICO', 'O ICTDEC, por meio do CEPEDEC, é o produtor de conhecimento científico e metodologias da Secretaria. Nesta ação, fornece o suporte técnico-científico que embasa a cooperação com os municípios: orientação no mapeamento de riscos e vulnerabilidades, produção de estudos aplicados e desenvolvimento de metodologias que subsidiam tanto as medidas estruturais quanto as não estruturais. O ICTDEC não atua diretamente nos municípios — seus produtos chegam ao território por meio dos órgãos operacionais e das REDECs.',
    ARRAY['Orientar municípios no mapeamento de riscos e vulnerabilidades, por meio do CEPEDEC', 'Produzir estudos e metodologias de avaliação de riscos aplicáveis ao território fluminense', 'Desenvolver pesquisas aplicadas que subsidiem medidas de prevenção e mitigação', 'Fornecer soluções técnicas e referências científicas aos órgãos operacionais para qualificar o suporte aos municípios', 'Apoiar a ESDEC com conteúdos técnico-científicos para a capacitação municipal em prevenção e mitigação'], ARRAY['Não atuar diretamente nos municípios (competência dos órgãos operacionais e das REDECs)', 'Não executar medidas estruturais ou não estruturais na ponta', 'Não emitir alertas geohidrometeorológicos (competência do CEMADEN-RJ)'], ARRAY['Demandas dos órgãos operacionais sobre necessidades de estudos e metodologias', 'Panoramas de risco do CEMADEN-RJ como insumo para pesquisas aplicadas', 'Parcerias com IES e ICTs (AE 6.1.3) como fonte complementar de conhecimento']);
INSERT INTO ficha_setores (ficha_id, setor_id, tipo_participacao)
VALUES ((SELECT id FROM fichas WHERE acao_estrategica_id = (SELECT id FROM acoes_estrategicas WHERE numero = '8.1.5') AND ordem = 5), (SELECT id FROM setores WHERE codigo = 'ICTDEC'), 'principal');
INSERT INTO ficha_setores (ficha_id, setor_id, tipo_participacao)
VALUES ((SELECT id FROM fichas WHERE acao_estrategica_id = (SELECT id FROM acoes_estrategicas WHERE numero = '8.1.5') AND ordem = 5), (SELECT id FROM setores WHERE codigo = 'CEPEDEC'), 'participante');
INSERT INTO fichas (acao_estrategica_id, ordem, titulo, setor_display, papel, justificativa,
    contribuicao_esperada, nao_escopo, dependencias_criticas)
VALUES ((SELECT id FROM acoes_estrategicas WHERE numero = '8.1.5'), 6, 'ESDEC — CAPACITADORA',
    'ESDEC', 'CAPACITADORA', 'A ESDEC capacita agentes do SIEPDEC-RJ. Nesta ação, forma agentes municipais para atuar em prevenção e mitigação: mapeamento de riscos, planejamento de medidas não estruturais, normatização local e ordenamento territorial. Os conteúdos técnicos são fornecidos pelo ICTDEC/CEPEDEC, pelo CEMADEN-RJ e pela Coordenadoria de Engenharia.',
    ARRAY['Estruturar e executar programas de capacitação para agentes municipais em prevenção e mitigação', 'Incluir conteúdos de mapeamento de riscos, normatização, ordenamento territorial e medidas não estruturais', 'Avaliar o aprendizado e retroalimentar o modelo de capacitação'], ARRAY['Não definir padrões técnicos (competência dos órgãos setoriais)', 'Não executar medidas de prevenção ou mitigação', 'Não articular com municípios sobre adesão (competência das REDECs via DREDEC)'], ARRAY['Conteúdos técnicos fornecidos pelo ICTDEC/CEPEDEC, CEMADEN-RJ e Coord. Engenharia', 'Demanda dimensionada pela SUOP', 'Apoio logístico das REDECs para capacitação no território']);
INSERT INTO ficha_setores (ficha_id, setor_id, tipo_participacao)
VALUES ((SELECT id FROM fichas WHERE acao_estrategica_id = (SELECT id FROM acoes_estrategicas WHERE numero = '8.1.5') AND ordem = 6), (SELECT id FROM setores WHERE codigo = 'ESDEC'), 'principal');
INSERT INTO fichas (acao_estrategica_id, ordem, titulo, setor_display, papel, justificativa,
    contribuicao_esperada, nao_escopo, dependencias_criticas)
VALUES ((SELECT id FROM acoes_estrategicas WHERE numero = '8.1.5'), 7, 'DGAC — CONSCIENTIZAÇÃO COMUNITÁRIA',
    'DGAC', 'CONSCIENTIZAÇÃO COMUNITÁRIA', 'A DGAC desenvolve percepção de risco e cultura preventiva nas comunidades. Nesta ação, prepara a população para compreender os riscos do território e adotar comportamentos preventivos, complementando as medidas técnicas e estruturais com a dimensão humana da prevenção.',
    ARRAY['Desenvolver e executar ações de percepção de risco e cultura preventiva nas comunidades dos municípios priorizados', 'Articular com REDECs e COMDECs a realização de ações comunitárias', 'Produzir materiais de orientação para a população sobre prevenção e mitigação'], ARRAY['Não avaliar riscos tecnicamente (competência do CEMADEN-RJ e do ICTDEC/CEPEDEC)', 'Não executar medidas estruturais', 'Não capacitar agentes municipais (competência da ESDEC)'], ARRAY['Panoramas de risco do CEMADEN-RJ para direcionar ações comunitárias', 'Apoio das REDECs e COMDECs para execução territorial', 'Coordenação da SUOP para alinhamento de cronograma']);
INSERT INTO ficha_setores (ficha_id, setor_id, tipo_participacao)
VALUES ((SELECT id FROM fichas WHERE acao_estrategica_id = (SELECT id FROM acoes_estrategicas WHERE numero = '8.1.5') AND ordem = 7), (SELECT id FROM setores WHERE codigo = 'DGAC'), 'principal');
INSERT INTO fichas (acao_estrategica_id, ordem, titulo, setor_display, papel, justificativa,
    contribuicao_esperada, nao_escopo, dependencias_criticas)
VALUES ((SELECT id FROM acoes_estrategicas WHERE numero = '8.1.5'), 8, 'REDECs (via DREDEC) — EXECUTORAS NA PONTA',
    'REDECs (via DREDEC)', 'EXECUTORAS NA PONTA', 'As REDECs são o elo entre o Estado e os municípios no território, coordenadas pela Diretoria das Regionais de Defesa Civil (DREDEC). Nesta ação, atuam como integradoras na ponta: recebem as contribuições dos órgãos especializados e operacionalizam a cooperação junto às COMDECs. Podem atuar em conjunto com vários órgãos (CEMADEN-RJ, Coord. Engenharia, CEAMA, ESDEC, DGAC), integrando as frentes no território. Coletam necessidades, reportam dificuldades e asseguram que o apoio estadual chegue ao município de forma coordenada.',
    ARRAY['Operacionalizar a cooperação no território, integrando as contribuições dos órgãos estaduais junto às COMDECs', 'Articular com as COMDECs a adesão ao regime de cooperação e identificar necessidades municipais', 'Coletar e reportar necessidades municipais em prevenção e mitigação', 'Apoiar a realização de ações de capacitação e conscientização no território', 'Acompanhar a implementação de medidas e reportar resultados'], ARRAY['Não definir padrões técnicos (competência dos órgãos setoriais)', 'Não capacitar formalmente agentes municipais (competência da ESDEC)', 'Não formalizar convênios sem aprovação da SUBSEGAD e validação da ASSEJUR'], ARRAY['Orientações dos órgãos técnicos para atuação no território', 'Priorização de municípios definida pela SUOP', 'Aprovação da SUBSEGAD para formalização de convênios e validação da ASSEJUR', 'Recursos logísticos para ações territoriais']);
INSERT INTO ficha_setores (ficha_id, setor_id, tipo_participacao)
VALUES ((SELECT id FROM fichas WHERE acao_estrategica_id = (SELECT id FROM acoes_estrategicas WHERE numero = '8.1.5') AND ordem = 8), (SELECT id FROM setores WHERE codigo = 'REDECS'), 'principal');
INSERT INTO ficha_setores (ficha_id, setor_id, tipo_participacao)
VALUES ((SELECT id FROM fichas WHERE acao_estrategica_id = (SELECT id FROM acoes_estrategicas WHERE numero = '8.1.5') AND ordem = 8), (SELECT id FROM setores WHERE codigo = 'DREDEC'), 'coordenador');
INSERT INTO fundamentacoes (acao_estrategica_id, introducao, conclusao)
VALUES ((SELECT id FROM acoes_estrategicas WHERE numero = '8.1.5'), 'A cooperação do Estado com os municípios em prevenção e mitigação enfrenta três obstáculos estruturais:', 'Esta ação enfrenta esses obstáculos instituindo um regime de cooperação multifacetado coordenado pela SUOP, que integra as competências dos órgãos da Defesa Civil Estadual numa oferta coerente de apoio aos municípios — combinando alertas e panoramas de risco (CEMADEN-RJ), engenharia e articulação para obras (Coord. Engenharia), meio ambiente (CEAMA), conhecimento científico e orientação no mapeamento (ICTDEC/CEPEDEC), capacitação (ESDEC), conscientização (DGAC) e execução territorial (REDECs via DREDEC).');
INSERT INTO fundamentacao_itens (fundamentacao_id, ordem, conteudo)
VALUES ((SELECT id FROM fundamentacoes WHERE acao_estrategica_id = (SELECT id FROM acoes_estrategicas WHERE numero = '8.1.5')), 1, '1. Municípios sem capacidade técnica: A maioria dos municípios fluminenses não dispõe de corpo técnico qualificado para conduzir mapeamentos de risco, elaborar planos de prevenção ou especificar medidas estruturais. Sem suporte estadual, as ações de prevenção e mitigação simplesmente não acontecem.');
INSERT INTO fundamentacao_itens (fundamentacao_id, ordem, conteudo)
VALUES ((SELECT id FROM fundamentacoes WHERE acao_estrategica_id = (SELECT id FROM acoes_estrategicas WHERE numero = '8.1.5')), 2, '2. Cooperação fragmentada: Quando o Estado atua, tende a fazê-lo de forma setorial e descoordenada: o CEMADEN-RJ emite alertas, a Coordenadoria de Engenharia opina sobre obras, a ESDEC capacita, a DGAC conscientiza — cada um no seu tempo, sem integração. O município recebe ações avulsas que não se somam num regime coerente de prevenção.');
INSERT INTO fundamentacao_itens (fundamentacao_id, ordem, conteudo)
VALUES ((SELECT id FROM fundamentacoes WHERE acao_estrategica_id = (SELECT id FROM acoes_estrategicas WHERE numero = '8.1.5')), 3, '3. Ações reativas, não preventivas: A cultura institucional privilegia a resposta a desastres sobre a prevenção. Os municípios buscam o Estado após o desastre, não antes. A cooperação preventiva exige mudança de postura: antecipar-se ao evento, não reagir a ele.');

-- AE 8.2.5
INSERT INTO acoes_estrategicas (numero, nome, eixo_prioritario_id, objetivo_estrategico_id, estrategia_id,
    acoes_conectadas, descricao_oficial_completa, descricao_o_que, descricao_para_que, ancoragem,
    nota_arranjo_institucional, versao, data_elaboracao, elaboracao, proxima_fase)
VALUES ('8.2.5', 'Desenvolver conteúdo doutrinário para apoio às ações de preparação e resposta', (SELECT id FROM eixos_prioritarios WHERE codigo = 'EIXO_4'), (SELECT id FROM objetivos_estrategicos WHERE codigo = 'OE8'), (SELECT id FROM estrategias WHERE codigo = 'E8.2'),
    'AE 8.2.1 (Alinhamento operacional em resposta) | AE 8.2.7 (Colaboração com municípios) | AE 6.3.3 (Memória técnica) | AE 2.1.5 (Revisão de normas internas)',
    'Prestação de assessoria técnica e fomento às estratégias de planejamento de contingência, somada à mobilização de suporte operacional direto e complementar em situações de crise (O QUÊ), visando instrumentalizar a prontidão local e assegurar a suficiência da resposta estatal quando a capacidade de atendimento municipal for excedida (PARA QUÊ).',
    'Produção e atualização de manuais técnicos, POPs e guias de referência.',
    'A padronização tática das equipes e a preservação do conhecimento operacional acumulado pela instituição.',
    'A Secretaria acumula décadas de experiência operacional em preparação e resposta a desastres. No entanto, esse conhecimento está concentrado em pessoas, não em documentos. Manuais técnicos são escassos, POPs inexistem ou estão desatualizados, e os guias de referência não refletem as lições aprendidas nas operações mais recentes. O Plano Estratégico 2024–2035 posiciona esta ação na Estratégia E8.2 (Aprimoramento dos serviços de preparação e resposta), com foco na produção e atualização de conteúdo doutrinário. As iniciativas indicadas incluem a criação do manual de funcionamento dos Gabinetes Integrados de Gestão de Desastres (GIGD) e a produção de conteúdo de apoio aos municípios sobre estruturas de suporte a desastres.',
    NULL,
    '1.0',
    '2026-02-17',
    'ICTDEC/DAEAD',
    'Fase 2 — Desdobramento Orientado (definição de entregas por setor)');
INSERT INTO destaques_estrategicos (acao_estrategica_id, titulo, header_contexto)
VALUES ((SELECT id FROM acoes_estrategicas WHERE numero = '8.2.5'), 'Transformar Experiência em Doutrina', 'CONTEXTO — Conhecimento Operacional Não Documentado');
INSERT INTO destaque_linhas (destaque_id, ordem, tipo, label, conteudo)
VALUES ((SELECT id FROM destaques_estrategicos WHERE acao_estrategica_id = (SELECT id FROM acoes_estrategicas WHERE numero = '8.2.5')), 1, 'label_conteudo', 'Princípio', 'A Secretaria sabe fazer. O problema é que esse saber está nas pessoas, não nos processos. Quando um operador experiente é transferido, promovido ou se aposenta, leva consigo o conhecimento que nunca foi documentado. A produção doutrinária é o mecanismo que transforma experiência individual em patrimônio institucional: manuais técnicos padronizam condutas, POPs garantem reprodutibilidade, guias de referência orientam quem ainda não tem a experiência.');
INSERT INTO destaque_linhas (destaque_id, ordem, tipo, label, conteudo)
VALUES ((SELECT id FROM destaques_estrategicos WHERE acao_estrategica_id = (SELECT id FROM acoes_estrategicas WHERE numero = '8.2.5')), 2, 'label_conteudo', 'O ciclo da doutrina', 'Extração: capturar o conhecimento operacional dos órgãos que executam (DGDEC, CESTAD, REDECs) — os órgãos que operam detêm o conhecimento que precisa ser registrado.
Sistematização: o ICTDEC (via CEPEDEC) organiza, estrutura e valida tecnicamente o conteúdo extraído, transformando práticas em doutrina.
Formalização: produção dos manuais, POPs e guias em formato padronizado, com linguagem acessível e estrutura reproduzível.
Difusão: a ESDEC transforma o conteúdo doutrinário em material didático para capacitação das equipes e dos municípios.
Validação: a SUOP valida o produto final quanto ao alinhamento estratégico e à aplicabilidade operacional.');
INSERT INTO destaque_linhas (destaque_id, ordem, tipo, label, conteudo)
VALUES ((SELECT id FROM destaques_estrategicos WHERE acao_estrategica_id = (SELECT id FROM acoes_estrategicas WHERE numero = '8.2.5')), 3, 'label_conteudo', 'Risco a evitar', 'Produzir doutrina desconectada da prática. Manuais elaborados sem a participação dos órgãos que operam não serão adotados. O ciclo exige que a extração do conhecimento venha dos órgãos operacionais.');
INSERT INTO panoramico_linhas (acao_estrategica_id, ordem, setor_display, papel, sintese_contribuicao, nao_faz)
VALUES ((SELECT id FROM acoes_estrategicas WHERE numero = '8.2.5'), 1, 'ICTDEC (com CEPEDEC e ESDEC)', 'Líder da Produção Doutrinária', 'Sistematiza, formaliza e transforma conhecimento operacional em doutrina e material didático', 'Não é fonte primária do conhecimento operacional de resposta');
INSERT INTO panoramico_setores (panoramico_linha_id, setor_id, tipo_participacao)
VALUES ((SELECT id FROM panoramico_linhas WHERE acao_estrategica_id = (SELECT id FROM acoes_estrategicas WHERE numero = '8.2.5') AND ordem = 1), (SELECT id FROM setores WHERE codigo = 'ICTDEC'), 'principal');
INSERT INTO panoramico_setores (panoramico_linha_id, setor_id, tipo_participacao)
VALUES ((SELECT id FROM panoramico_linhas WHERE acao_estrategica_id = (SELECT id FROM acoes_estrategicas WHERE numero = '8.2.5') AND ordem = 1), (SELECT id FROM setores WHERE codigo = 'CEPEDEC'), 'participante');
INSERT INTO panoramico_setores (panoramico_linha_id, setor_id, tipo_participacao)
VALUES ((SELECT id FROM panoramico_linhas WHERE acao_estrategica_id = (SELECT id FROM acoes_estrategicas WHERE numero = '8.2.5') AND ordem = 1), (SELECT id FROM setores WHERE codigo = 'ESDEC'), 'participante');
INSERT INTO panoramico_linhas (acao_estrategica_id, ordem, setor_display, papel, sintese_contribuicao, nao_faz)
VALUES ((SELECT id FROM acoes_estrategicas WHERE numero = '8.2.5'), 2, 'DGDEC', 'Fonte de Conhecimento de Resposta', 'Fornece o saber operacional acumulado nas ações de resposta e assistência humanitária', 'Não sistematiza nem formaliza doutrina');
INSERT INTO panoramico_setores (panoramico_linha_id, setor_id, tipo_participacao)
VALUES ((SELECT id FROM panoramico_linhas WHERE acao_estrategica_id = (SELECT id FROM acoes_estrategicas WHERE numero = '8.2.5') AND ordem = 2), (SELECT id FROM setores WHERE codigo = 'DGDEC'), 'principal');
INSERT INTO panoramico_linhas (acao_estrategica_id, ordem, setor_display, papel, sintese_contribuicao, nao_faz)
VALUES ((SELECT id FROM acoes_estrategicas WHERE numero = '8.2.5'), 3, 'CESTAD', 'Fonte de Conhecimento de Gestão de Desastres', 'Fornece o saber de coordenação de resposta e gestão de crises', 'Não sistematiza nem formaliza doutrina');
INSERT INTO panoramico_setores (panoramico_linha_id, setor_id, tipo_participacao)
VALUES ((SELECT id FROM panoramico_linhas WHERE acao_estrategica_id = (SELECT id FROM acoes_estrategicas WHERE numero = '8.2.5') AND ordem = 3), (SELECT id FROM setores WHERE codigo = 'CESTAD'), 'principal');
INSERT INTO panoramico_linhas (acao_estrategica_id, ordem, setor_display, papel, sintese_contribuicao, nao_faz)
VALUES ((SELECT id FROM acoes_estrategicas WHERE numero = '8.2.5'), 4, 'REDECs (via DREDEC)', 'Fonte de Experiência de Campo', 'Fornece a experiência territorial e as lições aprendidas na ponta', 'Não sistematiza nem formaliza doutrina');
INSERT INTO panoramico_setores (panoramico_linha_id, setor_id, tipo_participacao)
VALUES ((SELECT id FROM panoramico_linhas WHERE acao_estrategica_id = (SELECT id FROM acoes_estrategicas WHERE numero = '8.2.5') AND ordem = 4), (SELECT id FROM setores WHERE codigo = 'REDECS'), 'principal');
INSERT INTO panoramico_setores (panoramico_linha_id, setor_id, tipo_participacao)
VALUES ((SELECT id FROM panoramico_linhas WHERE acao_estrategica_id = (SELECT id FROM acoes_estrategicas WHERE numero = '8.2.5') AND ordem = 4), (SELECT id FROM setores WHERE codigo = 'DREDEC'), 'coordenador');
INSERT INTO panoramico_linhas (acao_estrategica_id, ordem, setor_display, papel, sintese_contribuicao, nao_faz)
VALUES ((SELECT id FROM acoes_estrategicas WHERE numero = '8.2.5'), 5, 'SUOP (sob aval da SUBSEGOP)', 'Validador Estratégico', 'Valida alinhamento ao Plano Estratégico e aplicabilidade operacional', 'Não produz conteúdo doutrinário; não extrai conhecimento');
INSERT INTO panoramico_setores (panoramico_linha_id, setor_id, tipo_participacao)
VALUES ((SELECT id FROM panoramico_linhas WHERE acao_estrategica_id = (SELECT id FROM acoes_estrategicas WHERE numero = '8.2.5') AND ordem = 5), (SELECT id FROM setores WHERE codigo = 'SUOP'), 'principal');
INSERT INTO panoramico_setores (panoramico_linha_id, setor_id, tipo_participacao)
VALUES ((SELECT id FROM panoramico_linhas WHERE acao_estrategica_id = (SELECT id FROM acoes_estrategicas WHERE numero = '8.2.5') AND ordem = 5), (SELECT id FROM setores WHERE codigo = 'SUBSEGOP'), 'aval');
INSERT INTO fichas (acao_estrategica_id, ordem, titulo, setor_display, papel, justificativa,
    contribuicao_esperada, nao_escopo, dependencias_criticas)
VALUES ((SELECT id FROM acoes_estrategicas WHERE numero = '8.2.5'), 1, 'ICTDEC (com CEPEDEC e ESDEC) — LÍDER DA PRODUÇÃO DOUTRINÁRIA',
    'ICTDEC (com CEPEDEC e ESDEC)', 'LÍDER DA PRODUÇÃO DOUTRINÁRIA', 'O ICTDEC é responsável pela produção de conhecimento e pelo desenvolvimento organizacional da Secretaria. Nesta ação, lidera o ciclo completo de produção doutrinária: o CEPEDEC sistematiza e formaliza o conhecimento operacional extraído dos órgãos que executam (DGDEC, CESTAD, REDECs), transformando práticas em manuais técnicos, POPs e guias de referência; a ESDEC transforma esse conteúdo em material didático para capacitação das equipes e dos municípios. O ICTDEC não é a fonte primária do conhecimento operacional de resposta — é quem o extrai, organiza, formaliza e difunde.',
    ARRAY['Conduzir o processo de extração do conhecimento operacional junto aos órgãos de preparação e resposta (DGDEC, CESTAD, REDECs)', 'Sistematizar e formalizar o conteúdo extraído em manuais técnicos, POPs e guias de referência, por meio do CEPEDEC', 'Transformar o conteúdo doutrinário em material didático para capacitação, por meio da ESDEC', 'Definir padrões de formato, linguagem e estrutura para os produtos doutrinários', 'Instituir ciclo de revisão periódica dos produtos, incorporando lições aprendidas e atualizações operacionais'], ARRAY['Não substituir a experiência operacional dos órgãos de resposta — a doutrina deve refletir a prática, não ser produzida isoladamente', 'Não validar o alinhamento estratégico dos produtos (competência da SUOP)', 'Não operar ações de preparação e resposta'], ARRAY['Colaboração ativa da DGDEC, do CESTAD e das REDECs no fornecimento de conteúdo operacional', 'Validação da SUOP quanto ao alinhamento estratégico e à aplicabilidade dos produtos', 'Acervo de lições aprendidas e memória técnica (AE 6.3.3) como insumo']);
INSERT INTO ficha_setores (ficha_id, setor_id, tipo_participacao)
VALUES ((SELECT id FROM fichas WHERE acao_estrategica_id = (SELECT id FROM acoes_estrategicas WHERE numero = '8.2.5') AND ordem = 1), (SELECT id FROM setores WHERE codigo = 'ICTDEC'), 'principal');
INSERT INTO ficha_setores (ficha_id, setor_id, tipo_participacao)
VALUES ((SELECT id FROM fichas WHERE acao_estrategica_id = (SELECT id FROM acoes_estrategicas WHERE numero = '8.2.5') AND ordem = 1), (SELECT id FROM setores WHERE codigo = 'CEPEDEC'), 'participante');
INSERT INTO ficha_setores (ficha_id, setor_id, tipo_participacao)
VALUES ((SELECT id FROM fichas WHERE acao_estrategica_id = (SELECT id FROM acoes_estrategicas WHERE numero = '8.2.5') AND ordem = 1), (SELECT id FROM setores WHERE codigo = 'ESDEC'), 'participante');
INSERT INTO fichas (acao_estrategica_id, ordem, titulo, setor_display, papel, justificativa,
    contribuicao_esperada, nao_escopo, dependencias_criticas)
VALUES ((SELECT id FROM acoes_estrategicas WHERE numero = '8.2.5'), 2, 'DGDEC — FONTE DE CONHECIMENTO DE RESPOSTA',
    'DGDEC', 'FONTE DE CONHECIMENTO DE RESPOSTA', 'A DGDEC é o órgão responsável pelas ações de resposta da Secretaria e detém o conhecimento operacional acumulado em assistência humanitária, logística de desastres e suporte às operações. Nesta ação, é fonte primária de conteúdo: fornece ao ICTDEC o saber operacional que será sistematizado em doutrina. Sem a participação da DGDEC, os manuais seriam documentos teóricos desconectados da realidade operacional.',
    ARRAY['Fornecer ao ICTDEC o conhecimento operacional acumulado nas ações de resposta e assistência humanitária', 'Participar ativamente do processo de extração de conhecimento, descrevendo fluxos, protocolos e práticas consolidadas', 'Validar operacionalmente os produtos doutrinários produzidos pelo ICTDEC, assegurando aderência à realidade de campo', 'Sinalizar necessidades de novos manuais, POPs ou guias com base nas lacunas percebidas na operação'], ARRAY['Não sistematizar nem formalizar a doutrina (competência do ICTDEC/CEPEDEC)', 'Não produzir material didático (competência da ESDEC)', 'Não definir padrões de formato dos produtos doutrinários'], ARRAY['Processo de extração conduzido pelo ICTDEC com metodologia clara e respeitável do tempo operacional', 'Retorno dos produtos finalizados para validação antes da publicação']);
INSERT INTO ficha_setores (ficha_id, setor_id, tipo_participacao)
VALUES ((SELECT id FROM fichas WHERE acao_estrategica_id = (SELECT id FROM acoes_estrategicas WHERE numero = '8.2.5') AND ordem = 2), (SELECT id FROM setores WHERE codigo = 'DGDEC'), 'principal');
INSERT INTO fichas (acao_estrategica_id, ordem, titulo, setor_display, papel, justificativa,
    contribuicao_esperada, nao_escopo, dependencias_criticas)
VALUES ((SELECT id FROM acoes_estrategicas WHERE numero = '8.2.5'), 3, 'CESTAD — FONTE DE CONHECIMENTO DE GESTÃO DE DESASTRES',
    'CESTAD', 'FONTE DE CONHECIMENTO DE GESTÃO DE DESASTRES', 'O CESTAD é o órgão responsável pela coordenação das ações de resposta a desastres. Nesta ação, é fonte de conteúdo sobre gestão de crises, coordenação multisetorial em situação de desastre, protocolos de acionamento e fluxos de informação durante operações. Contribui ao lado de outros órgãos com experiência em resposta (DGDEC, REDECs, COMDECs) no fornecimento do conhecimento operacional que o ICTDEC sistematizará em doutrina.',
    ARRAY['Fornecer ao ICTDEC o conhecimento especializado sobre coordenação de resposta, gestão de crises e protocolos de acionamento', 'Participar do processo de extração de conhecimento, descrevendo fluxos de gestão de desastres e lições aprendidas em operações reais', 'Validar operacionalmente os produtos doutrinários relacionados à coordenação de resposta'], ARRAY['Não sistematizar nem formalizar a doutrina (competência do ICTDEC/CEPEDEC)', 'Não produzir material didático (competência da ESDEC)', 'Não definir padrões de formato dos produtos doutrinários'], ARRAY['Processo de extração conduzido pelo ICTDEC com metodologia clara', 'Retorno dos produtos finalizados para validação antes da publicação']);
INSERT INTO ficha_setores (ficha_id, setor_id, tipo_participacao)
VALUES ((SELECT id FROM fichas WHERE acao_estrategica_id = (SELECT id FROM acoes_estrategicas WHERE numero = '8.2.5') AND ordem = 3), (SELECT id FROM setores WHERE codigo = 'CESTAD'), 'principal');
INSERT INTO fichas (acao_estrategica_id, ordem, titulo, setor_display, papel, justificativa,
    contribuicao_esperada, nao_escopo, dependencias_criticas)
VALUES ((SELECT id FROM acoes_estrategicas WHERE numero = '8.2.5'), 4, 'REDECs (via DREDEC) — FONTE DE EXPERIÊNCIA DE CAMPO',
    'REDECs (via DREDEC)', 'FONTE DE EXPERIÊNCIA DE CAMPO', 'As REDECs são o elo entre o Estado e os municípios e acumulam experiência de campo diversificada: operam em contextos geográficos, climáticos e sociais distintos. Nesta ação, fornecem ao ICTDEC a perspectiva territorial que enriquece a doutrina: o que funciona numa REDEC pode não funcionar em outra, e essa diversidade precisa estar refletida nos produtos doutrinários. As REDECs também são as primeiras a identificar lacunas — situações em que não há manual, POP ou guia disponível.',
    ARRAY['Fornecer ao ICTDEC a experiência territorial e as lições aprendidas na ponta', 'Sinalizar lacunas doutrinárias percebidas na operação: situações sem manual, POP ou guia disponível', 'Validar a aplicabilidade territorial dos produtos doutrinários, garantindo que reflitam a diversidade de contextos'], ARRAY['Não sistematizar nem formalizar a doutrina (competência do ICTDEC/CEPEDEC)', 'Não produzir material didático (competência da ESDEC)'], ARRAY['Processo de extração conduzido pelo ICTDEC que respeite o tempo operacional e a diversidade regional', 'Retorno dos produtos para validação territorial antes da publicação']);
INSERT INTO ficha_setores (ficha_id, setor_id, tipo_participacao)
VALUES ((SELECT id FROM fichas WHERE acao_estrategica_id = (SELECT id FROM acoes_estrategicas WHERE numero = '8.2.5') AND ordem = 4), (SELECT id FROM setores WHERE codigo = 'REDECS'), 'principal');
INSERT INTO ficha_setores (ficha_id, setor_id, tipo_participacao)
VALUES ((SELECT id FROM fichas WHERE acao_estrategica_id = (SELECT id FROM acoes_estrategicas WHERE numero = '8.2.5') AND ordem = 4), (SELECT id FROM setores WHERE codigo = 'DREDEC'), 'coordenador');
INSERT INTO fichas (acao_estrategica_id, ordem, titulo, setor_display, papel, justificativa,
    contribuicao_esperada, nao_escopo, dependencias_criticas)
VALUES ((SELECT id FROM acoes_estrategicas WHERE numero = '8.2.5'), 5, 'SUOP (sob aval da SUBSEGOP) — VALIDADOR ESTRATÉGICO',
    'SUOP (sob aval da SUBSEGOP)', 'VALIDADOR ESTRATÉGICO', 'A SUOP comanda os órgãos setoriais e é responsável pelo alinhamento estratégico das ações operacionais. Nesta ação, valida os produtos doutrinários quanto ao alinhamento ao Plano Estratégico e à aplicabilidade operacional. A validação da SUOP confere legitimidade institucional aos produtos e assegura que a doutrina produzida seja efetivamente adotada pelos órgãos.',
    ARRAY['Validar os produtos doutrinários quanto ao alinhamento ao Plano Estratégico e às prioridades da SEDEC', 'Assegurar que os produtos tenham aplicabilidade operacional e sejam adotados pelos órgãos', 'Priorizar as demandas de produção doutrinária conforme as necessidades estratégicas', 'Arbitrar divergências entre órgãos sobre conteúdo doutrinário, quando necessário'], ARRAY['Não produzir conteúdo doutrinário (competência do ICTDEC)', 'Não extrair conhecimento operacional (competência dos órgãos de resposta)', 'Não transformar doutrina em capacitação (competência da ESDEC)'], ARRAY['Produtos apresentados pelo ICTDEC com tempo hábil para revisão', 'Informações dos órgãos sobre aderência dos produtos à realidade operacional']);
INSERT INTO ficha_setores (ficha_id, setor_id, tipo_participacao)
VALUES ((SELECT id FROM fichas WHERE acao_estrategica_id = (SELECT id FROM acoes_estrategicas WHERE numero = '8.2.5') AND ordem = 5), (SELECT id FROM setores WHERE codigo = 'SUOP'), 'principal');
INSERT INTO ficha_setores (ficha_id, setor_id, tipo_participacao)
VALUES ((SELECT id FROM fichas WHERE acao_estrategica_id = (SELECT id FROM acoes_estrategicas WHERE numero = '8.2.5') AND ordem = 5), (SELECT id FROM setores WHERE codigo = 'SUBSEGOP'), 'aval');
INSERT INTO fundamentacoes (acao_estrategica_id, introducao, conclusao)
VALUES ((SELECT id FROM acoes_estrategicas WHERE numero = '8.2.5'), 'A ausência de conteúdo doutrinário atualizado gera três efeitos:', 'Esta ação enfrenta esses efeitos instituindo um ciclo de produção doutrinária liderado pelo ICTDEC (sistematização via CEPEDEC, difusão via ESDEC), alimentado pelos órgãos operacionais (DGDEC, CESTAD e REDECs como fontes de conhecimento) e validado pela SUOP (alinhamento estratégico e aplicabilidade).');
INSERT INTO fundamentacao_itens (fundamentacao_id, ordem, conteudo)
VALUES ((SELECT id FROM fundamentacoes WHERE acao_estrategica_id = (SELECT id FROM acoes_estrategicas WHERE numero = '8.2.5')), 1, '1. Conhecimento preso em pessoas: A Secretaria depende da memória e da experiência de indivíduos para executar suas ações de preparação e resposta. Quando essas pessoas são transferidas, promovidas ou se aposentam, o conhecimento não permanece na instituição. A rotatividade — particularmente alta nas REDECs — amplifica esse efeito, gerando perda recorrente de capacidade operacional.');
INSERT INTO fundamentacao_itens (fundamentacao_id, ordem, conteudo)
VALUES ((SELECT id FROM fundamentacoes WHERE acao_estrategica_id = (SELECT id FROM acoes_estrategicas WHERE numero = '8.2.5')), 2, '2. Padronização inexistente: Sem manuais e POPs, cada equipe opera conforme sua própria interpretação. A mesma situação é tratada de formas diferentes por equipes diferentes. Isso gera inconsistência na resposta, dificulta a coordenação e impõe risco à população atendida.');
INSERT INTO fundamentacao_itens (fundamentacao_id, ordem, conteudo)
VALUES ((SELECT id FROM fundamentacoes WHERE acao_estrategica_id = (SELECT id FROM acoes_estrategicas WHERE numero = '8.2.5')), 3, '3. Capacitação sem base doutrinária: A ESDEC forma agentes sem ter manuais de referência consolidados. O conteúdo da capacitação depende de quem ministra, não de uma doutrina institucional. Isso reproduz, na formação, o mesmo personalismo que afeta a operação.');

-- AE 8.2.7
INSERT INTO acoes_estrategicas (numero, nome, eixo_prioritario_id, objetivo_estrategico_id, estrategia_id,
    acoes_conectadas, descricao_oficial_completa, descricao_o_que, descricao_para_que, ancoragem,
    nota_arranjo_institucional, versao, data_elaboracao, elaboracao, proxima_fase)
VALUES ('8.2.7', 'Atuar em colaboração com os municípios nas ações de preparação e resposta', (SELECT id FROM eixos_prioritarios WHERE codigo = 'EIXO_4'), (SELECT id FROM objetivos_estrategicos WHERE codigo = 'OE8'), (SELECT id FROM estrategias WHERE codigo = 'E8.2'),
    'AE 8.1.5 (Colaboração em prevenção/mitigação) | AE 8.2.1 (Alinhamento operacional) | AE 8.2.5 (Conteúdo doutrinário) | AE 8.1.3 (Autonomia em alerta/alarme)',
    'Prestação de assessoria técnica e fomento às estratégias de planejamento de contingência, somada à mobilização de suporte operacional direto e complementar em situações de crise (O QUÊ), visando instrumentalizar a prontidão local e assegurar a suficiência da resposta estatal quando a capacidade de atendimento municipal for excedida (PARA QUÊ).',
    'Prestação de assessoria técnica e fomento às estratégias de planejamento de contingência, somada à mobilização de suporte operacional direto e complementar em situações de crise.',
    'Instrumentalizar a prontidão local e assegurar a suficiência da resposta estatal quando a capacidade de atendimento municipal for excedida.',
    'A capacidade de resposta a desastres no Estado depende da preparação dos municípios. Quando a capacidade municipal é excedida, o Estado é chamado a complementar — mas a qualidade dessa complementação depende de articulação prévia, não de improvisação durante a crise. O Plano Estratégico 2024–2035 posiciona esta ação na Estratégia E8.2, com duas dimensões complementares: a prestação de assessoria técnica para o planejamento de contingência municipal (preparação) e a mobilização de suporte operacional direto quando a capacidade local for excedida (resposta). A iniciativa indicada é apoiar com recursos estaduais projetos de preparação e resposta.',
    NULL,
    '1.0',
    '2026-02-17',
    'ICTDEC/DAEAD',
    'Fase 2 — Desdobramento Orientado (definição de entregas por setor)');
INSERT INTO destaques_estrategicos (acao_estrategica_id, titulo, header_contexto)
VALUES ((SELECT id FROM acoes_estrategicas WHERE numero = '8.2.7'), 'Preparar Antes, Complementar Durante', 'CONTEXTO — Duas Dimensões da Colaboração');
INSERT INTO destaque_linhas (destaque_id, ordem, tipo, label, conteudo)
VALUES ((SELECT id FROM destaques_estrategicos WHERE acao_estrategica_id = (SELECT id FROM acoes_estrategicas WHERE numero = '8.2.7')), 1, 'label_conteudo', 'Princípio', 'A colaboração do Estado com os municípios em preparação e resposta opera em dois tempos distintos. Antes do desastre: assessoria técnica para o planejamento de contingência, capacitação de agentes municipais, realização de exercícios simulados e articulação interórgãos. Durante o desastre: mobilização de suporte operacional direto — logística, assistência humanitária, coordenação de resposta e integração multisetorial. A qualidade da resposta depende diretamente da qualidade da preparação.');
INSERT INTO destaque_linhas (destaque_id, ordem, tipo, label, conteudo)
VALUES ((SELECT id FROM destaques_estrategicos WHERE acao_estrategica_id = (SELECT id FROM acoes_estrategicas WHERE numero = '8.2.7')), 2, 'label_conteudo', 'As frentes de ação', 'Assessoria ao planejamento de contingência: apoiar municípios na elaboração e atualização de planos de contingência, com definição de protocolos, responsabilidades e fluxos de acionamento.
Capacitação em preparação e resposta: formação de agentes municipais em coordenação de resposta, assistência humanitária e gestão de crises.
Suporte operacional complementar: mobilização de recursos estaduais (logística, assistência humanitária, equipes de resposta) quando a capacidade municipal for excedida.
Integração multisetorial: articulação de órgãos estaduais e entidades do GRAC para atuação coordenada em situação de crise.
Alertas e suporte em monitoramento: CEMADEN-RJ fornece alertas e panoramas de risco que orientam tanto a preparação quanto a resposta.');
INSERT INTO destaque_linhas (destaque_id, ordem, tipo, label, conteudo)
VALUES ((SELECT id FROM destaques_estrategicos WHERE acao_estrategica_id = (SELECT id FROM acoes_estrategicas WHERE numero = '8.2.7')), 3, 'label_conteudo', 'Risco a evitar', 'Atuação exclusivamente reativa. Se a colaboração se limita ao suporte durante a crise, sem investimento na preparação, a resposta será sempre improvisada e a dependência municipal do Estado permanecerá elevada.');
INSERT INTO panoramico_linhas (acao_estrategica_id, ordem, setor_display, papel, sintese_contribuicao, nao_faz)
VALUES ((SELECT id FROM acoes_estrategicas WHERE numero = '8.2.7'), 1, 'SUOP', 'Coordenador da Ação', 'Coordena atuação multiórgãos; prioriza municípios; articula recursos', 'Não executa na ponta; não define protocolos técnicos');
INSERT INTO panoramico_setores (panoramico_linha_id, setor_id, tipo_participacao)
VALUES ((SELECT id FROM panoramico_linhas WHERE acao_estrategica_id = (SELECT id FROM acoes_estrategicas WHERE numero = '8.2.7') AND ordem = 1), (SELECT id FROM setores WHERE codigo = 'SUOP'), 'principal');
INSERT INTO panoramico_linhas (acao_estrategica_id, ordem, setor_display, papel, sintese_contribuicao, nao_faz)
VALUES ((SELECT id FROM acoes_estrategicas WHERE numero = '8.2.7'), 2, 'DGDEC', 'Resposta e Assistência Humanitária', 'Mobiliza suporte operacional; assessora planos de contingência; coordena logística de resposta', 'Não monitora riscos; não capacita formalmente');
INSERT INTO panoramico_setores (panoramico_linha_id, setor_id, tipo_participacao)
VALUES ((SELECT id FROM panoramico_linhas WHERE acao_estrategica_id = (SELECT id FROM acoes_estrategicas WHERE numero = '8.2.7') AND ordem = 2), (SELECT id FROM setores WHERE codigo = 'DGDEC'), 'principal');
INSERT INTO panoramico_linhas (acao_estrategica_id, ordem, setor_display, papel, sintese_contribuicao, nao_faz)
VALUES ((SELECT id FROM acoes_estrategicas WHERE numero = '8.2.7'), 3, 'CESTAD', 'Coordenação de Resposta', 'Coordena ações de resposta; opera estruturas de gestão de crises', 'Não presta assistência humanitária; não capacita');
INSERT INTO panoramico_setores (panoramico_linha_id, setor_id, tipo_participacao)
VALUES ((SELECT id FROM panoramico_linhas WHERE acao_estrategica_id = (SELECT id FROM acoes_estrategicas WHERE numero = '8.2.7') AND ordem = 3), (SELECT id FROM setores WHERE codigo = 'CESTAD'), 'principal');
INSERT INTO panoramico_linhas (acao_estrategica_id, ordem, setor_display, papel, sintese_contribuicao, nao_faz)
VALUES ((SELECT id FROM acoes_estrategicas WHERE numero = '8.2.7'), 4, 'CEMADEN-RJ', 'Alertas e Suporte em Crise', 'Fornece alertas geohidrometeorológicos e panoramas de risco para preparação e resposta', 'Não coordena resposta; não mobiliza logística');
INSERT INTO panoramico_setores (panoramico_linha_id, setor_id, tipo_participacao)
VALUES ((SELECT id FROM panoramico_linhas WHERE acao_estrategica_id = (SELECT id FROM acoes_estrategicas WHERE numero = '8.2.7') AND ordem = 4), (SELECT id FROM setores WHERE codigo = 'CEMADEN_RJ'), 'principal');
INSERT INTO panoramico_linhas (acao_estrategica_id, ordem, setor_display, papel, sintese_contribuicao, nao_faz)
VALUES ((SELECT id FROM acoes_estrategicas WHERE numero = '8.2.7'), 5, 'GRAC', 'Integração Multisetorial', 'Articula órgãos estaduais e entidades para atuação coordenada em desastres', 'Não executa ações operacionais diretas');
INSERT INTO panoramico_setores (panoramico_linha_id, setor_id, tipo_participacao)
VALUES ((SELECT id FROM panoramico_linhas WHERE acao_estrategica_id = (SELECT id FROM acoes_estrategicas WHERE numero = '8.2.7') AND ordem = 5), (SELECT id FROM setores WHERE codigo = 'GRAC'), 'principal');
INSERT INTO panoramico_linhas (acao_estrategica_id, ordem, setor_display, papel, sintese_contribuicao, nao_faz)
VALUES ((SELECT id FROM acoes_estrategicas WHERE numero = '8.2.7'), 6, 'ESDEC', 'Capacitadora', 'Forma agentes municipais em preparação e resposta a desastres', 'Não executa resposta; não assessora planos');
INSERT INTO panoramico_setores (panoramico_linha_id, setor_id, tipo_participacao)
VALUES ((SELECT id FROM panoramico_linhas WHERE acao_estrategica_id = (SELECT id FROM acoes_estrategicas WHERE numero = '8.2.7') AND ordem = 6), (SELECT id FROM setores WHERE codigo = 'ESDEC'), 'principal');
INSERT INTO panoramico_linhas (acao_estrategica_id, ordem, setor_display, papel, sintese_contribuicao, nao_faz)
VALUES ((SELECT id FROM acoes_estrategicas WHERE numero = '8.2.7'), 7, 'REDECs (via DREDEC)', 'Executoras na Ponta', 'Operacionalizam a colaboração no território; apoiam simulações e resposta', 'Não definem protocolos; não formalizam compromissos');
INSERT INTO panoramico_setores (panoramico_linha_id, setor_id, tipo_participacao)
VALUES ((SELECT id FROM panoramico_linhas WHERE acao_estrategica_id = (SELECT id FROM acoes_estrategicas WHERE numero = '8.2.7') AND ordem = 7), (SELECT id FROM setores WHERE codigo = 'REDECS'), 'principal');
INSERT INTO panoramico_setores (panoramico_linha_id, setor_id, tipo_participacao)
VALUES ((SELECT id FROM panoramico_linhas WHERE acao_estrategica_id = (SELECT id FROM acoes_estrategicas WHERE numero = '8.2.7') AND ordem = 7), (SELECT id FROM setores WHERE codigo = 'DREDEC'), 'coordenador');
INSERT INTO fichas (acao_estrategica_id, ordem, titulo, setor_display, papel, justificativa,
    contribuicao_esperada, nao_escopo, dependencias_criticas)
VALUES ((SELECT id FROM acoes_estrategicas WHERE numero = '8.2.7'), 1, 'SUOP (sob aval da SUBSEGOP) — COORDENADOR DA AÇÃO',
    'SUOP (sob aval da SUBSEGOP)', 'COORDENADOR DA AÇÃO', 'Ação que envolve múltiplos órgãos da Defesa Civil Estadual exige coordenação centralizada. A SUOP comanda os órgãos setoriais e coordena ações multissetoriais. Nesta ação, compete-lhe priorizar municípios, articular recursos, alinhar cronogramas e assegurar que a colaboração em preparação e resposta chegue ao território de forma integrada.',
    ARRAY['Coordenar a atuação integrada dos órgãos envolvidos nas duas dimensões da ação (preparação e resposta)', 'Definir critérios de priorização de municípios para assessoria e suporte operacional', 'Articular recursos orçamentários e logísticos para apoio a projetos de preparação e resposta', 'Monitorar a execução da colaboração e seus resultados'], ARRAY['Não executar na ponta (competência das REDECs e órgãos operacionais)', 'Não definir protocolos técnicos de resposta (competência dos órgãos setoriais)', 'Não articular diretamente com COMDECs (competência das REDECs via DREDEC)'], ARRAY['Colaboração dos órgãos setoriais na execução de suas partes', 'Informações sobre necessidades municipais coletadas pelas REDECs', 'Disponibilidade orçamentária para apoio a projetos']);
INSERT INTO ficha_setores (ficha_id, setor_id, tipo_participacao)
VALUES ((SELECT id FROM fichas WHERE acao_estrategica_id = (SELECT id FROM acoes_estrategicas WHERE numero = '8.2.7') AND ordem = 1), (SELECT id FROM setores WHERE codigo = 'SUOP'), 'principal');
INSERT INTO ficha_setores (ficha_id, setor_id, tipo_participacao)
VALUES ((SELECT id FROM fichas WHERE acao_estrategica_id = (SELECT id FROM acoes_estrategicas WHERE numero = '8.2.7') AND ordem = 1), (SELECT id FROM setores WHERE codigo = 'SUBSEGOP'), 'aval');
INSERT INTO fichas (acao_estrategica_id, ordem, titulo, setor_display, papel, justificativa,
    contribuicao_esperada, nao_escopo, dependencias_criticas)
VALUES ((SELECT id FROM acoes_estrategicas WHERE numero = '8.2.7'), 2, 'DGDEC — RESPOSTA E ASSISTÊNCIA HUMANITÁRIA',
    'DGDEC', 'RESPOSTA E ASSISTÊNCIA HUMANITÁRIA', 'A DGDEC é o órgão responsável pelas ações de resposta e detém o conhecimento e a logística de assistência humanitária da Secretaria. Nesta ação, atua nas duas dimensões: na preparação, assessora municípios na elaboração de planos de contingência e na estruturação de suas capacidades de resposta; durante a crise, mobiliza suporte operacional direto — logística, produtos de assistência humanitária e equipes de apoio — quando a capacidade municipal for excedida.',
    ARRAY['Assessorar municípios na elaboração e atualização de planos de contingência', 'Mobilizar suporte operacional direto (logística, assistência humanitária, equipes) quando a capacidade municipal for excedida', 'Orientar municípios na estruturação de suas capacidades de resposta', 'Apoiar a realização de exercícios simulados nos municípios'], ARRAY['Não monitorar riscos (competência do CEMADEN-RJ)', 'Não capacitar formalmente agentes municipais (competência da ESDEC)', 'Não articular órgãos externos para resposta multisetorial (competência do GRAC)'], ARRAY['Alertas do CEMADEN-RJ para antecipar mobilização de recursos', 'REDECs como canal de execução territorial', 'Recursos orçamentários e logísticos articulados pela SUOP']);
INSERT INTO ficha_setores (ficha_id, setor_id, tipo_participacao)
VALUES ((SELECT id FROM fichas WHERE acao_estrategica_id = (SELECT id FROM acoes_estrategicas WHERE numero = '8.2.7') AND ordem = 2), (SELECT id FROM setores WHERE codigo = 'DGDEC'), 'principal');
INSERT INTO fichas (acao_estrategica_id, ordem, titulo, setor_display, papel, justificativa,
    contribuicao_esperada, nao_escopo, dependencias_criticas)
VALUES ((SELECT id FROM acoes_estrategicas WHERE numero = '8.2.7'), 3, 'CESTAD — COORDENAÇÃO DE RESPOSTA',
    'CESTAD', 'COORDENAÇÃO DE RESPOSTA', 'O CESTAD é o órgão responsável pela coordenação das ações de resposta a desastres. Nesta ação, atua na preparação (estruturação de protocolos de coordenação, operação de estruturas de gestão de crises) e durante a resposta (coordenação da atuação integrada em situação de desastre, fluxos de informação e articulação entre os órgãos envolvidos).',
    ARRAY['Estruturar e manter atualizados os protocolos de coordenação de resposta', 'Operar as estruturas de gestão de crises durante desastres', 'Coordenar os fluxos de informação entre órgãos durante a resposta', 'Apoiar os municípios na estruturação de seus próprios mecanismos de coordenação de resposta'], ARRAY['Não prestar assistência humanitária direta (competência da DGDEC)', 'Não monitorar riscos (competência do CEMADEN-RJ)', 'Não capacitar formalmente agentes municipais (competência da ESDEC)'], ARRAY['Alertas do CEMADEN-RJ para ativação das estruturas de gestão de crises', 'Colaboração da DGDEC e das REDECs na execução da resposta coordenada', 'Protocolos do GRAC para integração multisetorial']);
INSERT INTO ficha_setores (ficha_id, setor_id, tipo_participacao)
VALUES ((SELECT id FROM fichas WHERE acao_estrategica_id = (SELECT id FROM acoes_estrategicas WHERE numero = '8.2.7') AND ordem = 3), (SELECT id FROM setores WHERE codigo = 'CESTAD'), 'principal');
INSERT INTO fichas (acao_estrategica_id, ordem, titulo, setor_display, papel, justificativa,
    contribuicao_esperada, nao_escopo, dependencias_criticas)
VALUES ((SELECT id FROM acoes_estrategicas WHERE numero = '8.2.7'), 4, 'CEMADEN-RJ — ALERTAS E SUPORTE EM CRISE',
    'CEMADEN-RJ', 'ALERTAS E SUPORTE EM CRISE', 'O CEMADEN-RJ é responsável pelo monitoramento e pela emissão de alertas geohidrometeorológicos. Nesta ação, fornece os alertas e panoramas de risco que orientam tanto a preparação quanto a resposta: na preparação, seus panoramas subsidiam o planejamento de contingência; durante a crise, seus alertas e recomendações de acionamento de sirenes orientam a tomada de decisão municipal e a mobilização estadual.',
    ARRAY['Fornecer alertas geohidrometeorológicos e panoramas de risco que subsidiem o planejamento de contingência municipal', 'Emitir alertas e recomendações de acionamento de sirenes durante eventos adversos', 'Disponibilizar informações sobre cenários de risco que orientem a mobilização de recursos de resposta'], ARRAY['Não coordenar a resposta a desastres (competência do CESTAD)', 'Não mobilizar logística ou assistência humanitária (competência da DGDEC)', 'Não produzir mapas de risco ou de suscetibilidade'], ARRAY['Infraestrutura de monitoramento adequada para gerar alertas confiáveis', 'Fluxos de comunicação definidos com o CESTAD e a DGDEC para acionamento tempestivo']);
INSERT INTO ficha_setores (ficha_id, setor_id, tipo_participacao)
VALUES ((SELECT id FROM fichas WHERE acao_estrategica_id = (SELECT id FROM acoes_estrategicas WHERE numero = '8.2.7') AND ordem = 4), (SELECT id FROM setores WHERE codigo = 'CEMADEN_RJ'), 'principal');
INSERT INTO fichas (acao_estrategica_id, ordem, titulo, setor_display, papel, justificativa,
    contribuicao_esperada, nao_escopo, dependencias_criticas)
VALUES ((SELECT id FROM acoes_estrategicas WHERE numero = '8.2.7'), 5, 'GRAC (Grupo de Ações Coordenadas) — INTEGRAÇÃO MULTISETORIAL',
    'GRAC (Grupo de Ações Coordenadas)', 'INTEGRAÇÃO MULTISETORIAL', 'O GRAC é responsável pela integração dos órgãos participantes do SIEPDEC-RJ para preparação e resposta a desastres, sob coordenação da SEDEC. Nesta ação, articula órgãos estaduais, entidades da Rede Salvar e demais integrantes do sistema para atuação coordenada. Na preparação, promove o entrosamento entre os órgãos e a definição de protocolos de atuação conjunta. Durante a resposta, viabiliza a mobilização multisetorial de recursos e capacidades.',
    ARRAY['Articular órgãos estaduais, entidades da Rede Salvar e demais integrantes do SIEPDEC-RJ para atuação coordenada em desastres', 'Promover exercícios de entrosamento entre os órgãos participantes', 'Definir protocolos de atuação conjunta para situações de desastre', 'Viabilizar a mobilização multisetorial de recursos e capacidades durante a resposta'], ARRAY['Não executar ações operacionais diretas de resposta (competência da DGDEC e do CESTAD)', 'Não assessorar municípios em planos de contingência (competência da DGDEC)', 'Não monitorar riscos (competência do CEMADEN-RJ)'], ARRAY['Definição clara das atribuições dos órgãos participantes', 'Protocolo de acionamento integrado ao CESTAD', 'Disponibilidade dos órgãos para participação em exercícios e na resposta']);
INSERT INTO ficha_setores (ficha_id, setor_id, tipo_participacao)
VALUES ((SELECT id FROM fichas WHERE acao_estrategica_id = (SELECT id FROM acoes_estrategicas WHERE numero = '8.2.7') AND ordem = 5), (SELECT id FROM setores WHERE codigo = 'GRAC'), 'principal');
INSERT INTO fichas (acao_estrategica_id, ordem, titulo, setor_display, papel, justificativa,
    contribuicao_esperada, nao_escopo, dependencias_criticas)
VALUES ((SELECT id FROM acoes_estrategicas WHERE numero = '8.2.7'), 6, 'ESDEC — CAPACITADORA',
    'ESDEC', 'CAPACITADORA', 'A ESDEC capacita agentes do SIEPDEC-RJ. Nesta ação, forma agentes municipais em preparação e resposta a desastres: planejamento de contingência, coordenação de resposta, assistência humanitária e gestão de crises. Os conteúdos técnicos são fornecidos pela DGDEC, pelo CESTAD e pelo CEMADEN-RJ.',
    ARRAY['Estruturar e executar programas de capacitação para agentes municipais em preparação e resposta', 'Incluir conteúdos de planejamento de contingência, coordenação de resposta, assistência humanitária e gestão de crises', 'Avaliar o aprendizado e retroalimentar o modelo de capacitação'], ARRAY['Não assessorar municípios em planos de contingência (competência da DGDEC)', 'Não executar ações de resposta', 'Não articular com municípios sobre adesão (competência das REDECs via DREDEC)'], ARRAY['Conteúdos técnicos fornecidos pela DGDEC, CESTAD e CEMADEN-RJ', 'Demanda dimensionada pela SUOP', 'Apoio logístico das REDECs para capacitação no território', 'Conteúdo doutrinário produzido na AE 8.2.5 como base didática']);
INSERT INTO ficha_setores (ficha_id, setor_id, tipo_participacao)
VALUES ((SELECT id FROM fichas WHERE acao_estrategica_id = (SELECT id FROM acoes_estrategicas WHERE numero = '8.2.7') AND ordem = 6), (SELECT id FROM setores WHERE codigo = 'ESDEC'), 'principal');
INSERT INTO fichas (acao_estrategica_id, ordem, titulo, setor_display, papel, justificativa,
    contribuicao_esperada, nao_escopo, dependencias_criticas)
VALUES ((SELECT id FROM acoes_estrategicas WHERE numero = '8.2.7'), 7, 'REDECs (via DREDEC) — EXECUTORAS NA PONTA',
    'REDECs (via DREDEC)', 'EXECUTORAS NA PONTA', 'As REDECs são o elo entre o Estado e os municípios no território. Nesta ação, atuam nas duas dimensões: na preparação, apoiam a realização de exercícios simulados, a articulação com COMDECs e a identificação de necessidades municipais; durante a resposta, operacionalizam o suporte estadual no território, servindo como elo entre os órgãos estaduais e as estruturas municipais de resposta. Podem atuar em conjunto com vários órgãos (DGDEC, CESTAD, ESDEC), integrando as frentes no território.',
    ARRAY['Articular com as COMDECs a adesão ao regime de colaboração e identificar necessidades municipais em preparação e resposta', 'Apoiar a realização de exercícios simulados nos municípios de sua região', 'Operacionalizar o suporte estadual no território durante situações de resposta', 'Coletar e reportar necessidades, dificuldades e lições aprendidas'], ARRAY['Não definir protocolos de resposta (competência do CESTAD e da DGDEC)', 'Não capacitar formalmente agentes municipais (competência da ESDEC)', 'Não formalizar convênios sem aprovação da SUBSEGAD e validação da ASSEJUR'], ARRAY['Orientações da DGDEC e do CESTAD para atuação em preparação e resposta', 'Priorização de municípios definida pela SUOP', 'Aprovação da SUBSEGAD para formalização de convênios e validação da ASSEJUR']);
INSERT INTO ficha_setores (ficha_id, setor_id, tipo_participacao)
VALUES ((SELECT id FROM fichas WHERE acao_estrategica_id = (SELECT id FROM acoes_estrategicas WHERE numero = '8.2.7') AND ordem = 7), (SELECT id FROM setores WHERE codigo = 'REDECS'), 'principal');
INSERT INTO ficha_setores (ficha_id, setor_id, tipo_participacao)
VALUES ((SELECT id FROM fichas WHERE acao_estrategica_id = (SELECT id FROM acoes_estrategicas WHERE numero = '8.2.7') AND ordem = 7), (SELECT id FROM setores WHERE codigo = 'DREDEC'), 'coordenador');
INSERT INTO fundamentacoes (acao_estrategica_id, introducao, conclusao)
VALUES ((SELECT id FROM acoes_estrategicas WHERE numero = '8.2.7'), 'A colaboração do Estado com os municípios em preparação e resposta enfrenta três obstáculos:', 'Esta ação enfrenta esses obstáculos instituindo um regime de colaboração em duas dimensões coordenado pela SUOP: preparação (assessoria ao planejamento de contingência, capacitação e exercícios simulados) e resposta (mobilização coordenada de suporte operacional quando a capacidade municipal for excedida), com a DGDEC como eixo operacional, o CESTAD na coordenação de crises, o CEMADEN-RJ nos alertas, o GRAC na integração multisetorial, a ESDEC na capacitação e as REDECs na execução territorial.');
INSERT INTO fundamentacao_itens (fundamentacao_id, ordem, conteudo)
VALUES ((SELECT id FROM fundamentacoes WHERE acao_estrategica_id = (SELECT id FROM acoes_estrategicas WHERE numero = '8.2.7')), 1, '1. Preparação insuficiente: A maioria dos municípios fluminenses não dispõe de planos de contingência atualizados, não realiza exercícios simulados regulares e não tem agentes capacitados para coordenar a resposta a desastres. Quando o evento ocorre, a resposta local é improvisada e a demanda por suporte estadual chega sem planejamento prévio.');
INSERT INTO fundamentacao_itens (fundamentacao_id, ordem, conteudo)
VALUES ((SELECT id FROM fundamentacoes WHERE acao_estrategica_id = (SELECT id FROM acoes_estrategicas WHERE numero = '8.2.7')), 2, '2. Resposta desarticulada: A mobilização do suporte estadual em situação de crise envolve múltiplos órgãos (DGDEC, CESTAD, CEMADEN-RJ, GRAC, REDECs). Sem coordenação prévia e protocolos definidos, a atuação é fragmentada: cada órgão atua no seu tempo, com seus fluxos, gerando sobreposição de esforços em alguns pontos e lacunas em outros.');
INSERT INTO fundamentacao_itens (fundamentacao_id, ordem, conteudo)
VALUES ((SELECT id FROM fundamentacoes WHERE acao_estrategica_id = (SELECT id FROM acoes_estrategicas WHERE numero = '8.2.7')), 3, '3. Dependência crônica do Estado: Municípios que não investem em preparação tornam-se cronicamente dependentes do suporte estadual durante desastres. Isso sobrecarrega os recursos do Estado e reduz a capacidade de atendimento simultâneo a múltiplos municípios afetados.');

-- AE 8.3.1
INSERT INTO acoes_estrategicas (numero, nome, eixo_prioritario_id, objetivo_estrategico_id, estrategia_id,
    acoes_conectadas, descricao_oficial_completa, descricao_o_que, descricao_para_que, ancoragem,
    nota_arranjo_institucional, versao, data_elaboracao, elaboracao, proxima_fase)
VALUES ('8.3.1', 'Articular aparato estatal para apoiar projetos de recuperação quando solicitado pelos municípios', (SELECT id FROM eixos_prioritarios WHERE codigo = 'EIXO_3'), (SELECT id FROM objetivos_estrategicos WHERE codigo = 'OE8'), (SELECT id FROM estrategias WHERE codigo = 'E8.3'),
    'AE 8.3.2 (Conscientização para melhor reconstruir) | AE 8.3.3 (Captação de recursos federais para recuperação) | AE 8.3.4 (Colaboração com municípios na recuperação) | AE 8.2.7 (Colaboração em preparação/resposta)',
    'Estabelecimento de fluxos transversais de comunicação intersetorial e definição de critérios técnicos de priorização (O QUÊ), visando assegurar uma atuação integrada do Estado, direcionada às infraestruturas críticas e fundamentada em avaliações de danos auditáveis (PARA QUÊ).',
    'Estabelecimento de fluxos transversais de comunicação intersetorial e definição de critérios técnicos de priorização.',
    'Assegurar uma atuação integrada do Estado, direcionada às infraestruturas críticas e fundamentada em avaliações de danos auditáveis.',
    'A recuperação pós-desastre exige capacidades que estão fora da Defesa Civil: obras de infraestrutura, habitação, saneamento, energia, rodovias, equipamentos públicos. A SEDEC não executa recuperação — articula o aparato estatal para que os órgãos competentes o façam, de forma integrada e priorizada. O Plano Estratégico 2024–2035 posiciona esta ação na Estratégia E8.3, com foco no estabelecimento de fluxos transversais de comunicação intersetorial e na definição de critérios técnicos de priorização, direcionados às infraestruturas críticas e fundamentados em avaliações de danos auditáveis. A iniciativa indicada é normatizar o procedimento para recebimento dessa demanda.',
    NULL,
    '1.0',
    '2026-02-17',
    'ICTDEC/DAEAD',
    'Fase 2 — Desdobramento Orientado (definição de entregas por setor)');
INSERT INTO destaques_estrategicos (acao_estrategica_id, titulo, header_contexto)
VALUES ((SELECT id FROM acoes_estrategicas WHERE numero = '8.3.1'), 'Articular, Não Executar', 'CONTEXTO — Recuperação como Ação Transversal do Estado');
INSERT INTO destaque_linhas (destaque_id, ordem, tipo, label, conteudo)
VALUES ((SELECT id FROM destaques_estrategicos WHERE acao_estrategica_id = (SELECT id FROM acoes_estrategicas WHERE numero = '8.3.1')), 1, 'label_conteudo', 'Princípio', 'A Defesa Civil não reconstrói pontes, não reabilita rodovias, não restaura redes de saneamento. Essas competências pertencem a órgãos setoriais do Estado (infraestrutura, habitação, saneamento, energia, rodovias). O papel da SEDEC é articular: receber a demanda municipal, avaliar danos tecnicamente, priorizar com critérios auditáveis e acionar o aparato estatal de forma integrada, por meio do GRAC. A qualidade da recuperação depende da qualidade dessa articulação.');
INSERT INTO destaque_linhas (destaque_id, ordem, tipo, label, conteudo)
VALUES ((SELECT id FROM destaques_estrategicos WHERE acao_estrategica_id = (SELECT id FROM acoes_estrategicas WHERE numero = '8.3.1')), 2, 'label_conteudo', 'O fluxo da ação', 'Recebimento da demanda: o município solicita apoio à SEDEC. As REDECs e a DGDEC são o canal de entrada.
Avaliação de danos: as REDECs fazem o levantamento na ponta; a Coordenadoria de Engenharia avalia a infraestrutura; a DGDEC consolida a avaliação.
Priorização: a SUOP define os critérios de priorização técnica (infraestruturas críticas, população afetada, risco residual) e ordena as demandas.
Articulação intersetorial: o GRAC mobiliza os órgãos estaduais competentes (infraestrutura, habitação, saneamento e demais) para execução dos projetos de recuperação priorizados.
Acompanhamento: a SUOP monitora o andamento das ações de recuperação articuladas.');
INSERT INTO destaque_linhas (destaque_id, ordem, tipo, label, conteudo)
VALUES ((SELECT id FROM destaques_estrategicos WHERE acao_estrategica_id = (SELECT id FROM acoes_estrategicas WHERE numero = '8.3.1')), 3, 'label_conteudo', 'Risco a evitar', 'Ausência de fluxo normatizado. Sem procedimento claro de recebimento, avaliação e encaminhamento, as demandas municipais de recuperação chegam de forma desestruturada, a priorização é política (não técnica) e os órgãos setoriais não são acionados de forma integrada.');
INSERT INTO panoramico_linhas (acao_estrategica_id, ordem, setor_display, papel, sintese_contribuicao, nao_faz)
VALUES ((SELECT id FROM acoes_estrategicas WHERE numero = '8.3.1'), 1, 'SUOP', 'Líder da Ação', 'Define critérios de priorização; coordena o fluxo de demandas; monitora execução', 'Não executa recuperação; não articula diretamente com órgãos externos');
INSERT INTO panoramico_setores (panoramico_linha_id, setor_id, tipo_participacao)
VALUES ((SELECT id FROM panoramico_linhas WHERE acao_estrategica_id = (SELECT id FROM acoes_estrategicas WHERE numero = '8.3.1') AND ordem = 1), (SELECT id FROM setores WHERE codigo = 'SUOP'), 'principal');
INSERT INTO panoramico_linhas (acao_estrategica_id, ordem, setor_display, papel, sintese_contribuicao, nao_faz)
VALUES ((SELECT id FROM acoes_estrategicas WHERE numero = '8.3.1'), 2, 'GRAC', 'Articulador com Órgãos Setoriais', 'Mobiliza órgãos estaduais competentes para execução dos projetos de recuperação', 'Não avalia danos; não prioriza demandas');
INSERT INTO panoramico_setores (panoramico_linha_id, setor_id, tipo_participacao)
VALUES ((SELECT id FROM panoramico_linhas WHERE acao_estrategica_id = (SELECT id FROM acoes_estrategicas WHERE numero = '8.3.1') AND ordem = 2), (SELECT id FROM setores WHERE codigo = 'GRAC'), 'principal');
INSERT INTO panoramico_linhas (acao_estrategica_id, ordem, setor_display, papel, sintese_contribuicao, nao_faz)
VALUES ((SELECT id FROM acoes_estrategicas WHERE numero = '8.3.1'), 3, 'DGDEC', 'Canal com Municípios e Consolidação de Danos', 'Recebe demandas; consolida avaliações de danos; reporta à SUOP', 'Não prioriza; não articula com órgãos externos');
INSERT INTO panoramico_setores (panoramico_linha_id, setor_id, tipo_participacao)
VALUES ((SELECT 
id FROM panoramico_linhas WHERE acao_estrategica_id = (SELECT id FROM acoes_estrategicas WHERE numero = '8.3.1') AND ordem = 3), (SELECT id FROM setores WHERE codigo = 'DGDEC'), 'principal');
INSERT INTO panoramico_linhas (acao_estrategica_id, ordem, setor_display, papel, sintese_contribuicao, nao_faz)
VALUES ((SELECT id FROM acoes_estrategicas WHERE numero = '8.3.1'), 4, 'Coord. Engenharia', 'Avaliação Técnica de Infraestrutura', 'Avalia danos em infraestrutura; emite pareceres técnicos', 'Não executa obras; não consolida danos gerais');
INSERT INTO panoramico_setores (panoramico_linha_id, setor_id, tipo_participacao)
VALUES ((SELECT id FROM panoramico_linhas WHERE acao_estrategica_id = (SELECT id FROM acoes_estrategicas WHERE numero = '8.3.1') AND ordem = 4), (SELECT id FROM setores WHERE codigo = 'COORD._ENGENHARIA'), 'principal');
INSERT INTO panoramico_linhas (acao_estrategica_id, ordem, setor_display, papel, sintese_contribuicao, nao_faz)
VALUES ((SELECT id FROM acoes_estrategicas WHERE numero = '8.3.1'), 5, 'REDECs (via DREDEC)', 'Levantamento na Ponta', 'Realiza levantamento de danos no território; reporta necessidades municipais', 'Não avalia infraestrutura tecnicamente; não prioriza');
INSERT INTO panoramico_setores (panoramico_linha_id, setor_id, tipo_participacao)
VALUES ((SELECT id FROM panoramico_linhas WHERE acao_estrategica_id = (SELECT id FROM acoes_estrategicas WHERE numero = '8.3.1') AND ordem = 5), (SELECT id FROM setores WHERE codigo = 'REDECS'), 'principal');
INSERT INTO panoramico_setores (panoramico_linha_id, setor_id, tipo_participacao)
VALUES ((SELECT id FROM panoramico_linhas WHERE acao_estrategica_id = (SELECT id FROM acoes_estrategicas WHERE numero = '8.3.1') AND ordem = 5), (SELECT id FROM setores WHERE codigo = 'DREDEC'), 'coordenador');
INSERT INTO fichas (acao_estrategica_id, ordem, titulo, setor_display, papel, justificativa,
    contribuicao_esperada, nao_escopo, dependencias_criticas)
VALUES ((SELECT id FROM acoes_estrategicas WHERE numero = '8.3.1'), 1, 'SUOP (sob aval da SUBSEGOP) — LÍDER DA AÇÃO',
    'SUOP (sob aval da SUBSEGOP)', 'LÍDER DA AÇÃO', 'A recuperação pós-desastre envolve órgãos estaduais que não estão subordinados à SEDEC. A articulação do aparato estatal exige coordenação centralizada dentro da Secretaria para que as demandas municipais sejam recebidas, avaliadas tecnicamente, priorizadas e encaminhadas de forma integrada. A SUOP lidera esse fluxo internamente, definindo critérios de priorização e monitorando o andamento das ações articuladas.',
    ARRAY['Normatizar o procedimento de recebimento, avaliação e encaminhamento de demandas municipais de recuperação', 'Definir critérios técnicos de priorização (infraestruturas críticas, população afetada, risco residual)', 'Coordenar o fluxo interno de demandas entre os órgãos da SEDEC (DGDEC, REDECs, Coord. Engenharia)', 'Monitorar o andamento das ações de recuperação articuladas por meio do GRAC'], ARRAY['Não executar projetos de recuperação (competência dos órgãos setoriais do Estado)', 'Não articular diretamente com órgãos estaduais externos (competência do GRAC)', 'Não avaliar danos na ponta (competência das REDECs e da Coord. Engenharia)'], ARRAY['Avaliações de danos consolidadas pela DGDEC e pela Coord. Engenharia', 'Colaboração do GRAC na mobilização dos órgãos setoriais', 'REDECs como canal de levantamento territorial']);
INSERT INTO ficha_setores (ficha_id, setor_id, tipo_participacao)
VALUES ((SELECT id FROM fichas WHERE acao_estrategica_id = (SELECT id FROM acoes_estrategicas WHERE numero = '8.3.1') AND ordem = 1), (SELECT id FROM setores WHERE codigo = 'SUOP'), 'principal');
INSERT INTO ficha_setores (ficha_id, setor_id, tipo_participacao)
VALUES ((SELECT id FROM fichas WHERE acao_estrategica_id = (SELECT id FROM acoes_estrategicas WHERE numero = '8.3.1') AND ordem = 1), (SELECT id FROM setores WHERE codigo = 'SUBSEGOP'), 'aval');
INSERT INTO fichas (acao_estrategica_id, ordem, titulo, setor_display, papel, justificativa,
    contribuicao_esperada, nao_escopo, dependencias_criticas)
VALUES ((SELECT id FROM acoes_estrategicas WHERE numero = '8.3.1'), 2, 'GRAC (Grupo de Ações Coordenadas) — ARTICULADOR COM ÓRGÃOS SETORIAIS',
    'GRAC (Grupo de Ações Coordenadas)', 'ARTICULADOR COM ÓRGÃOS SETORIAIS', 'O GRAC é a instância de integração dos órgãos participantes do SIEPDEC-RJ. Nesta ação, é o executor no nível articulatório: recebe da SUOP as demandas priorizadas e mobiliza os órgãos estaduais competentes (infraestrutura, habitação, saneamento, energia, rodovias e demais) para a execução dos projetos de recuperação. O GRAC não executa a recuperação — articula quem a executa.',
    ARRAY['Mobilizar órgãos estaduais competentes para execução dos projetos de recuperação priorizados pela SUOP', 'Estabelecer e manter fluxos transversais de comunicação intersetorial para as ações de recuperação', 'Acompanhar junto aos órgãos setoriais o andamento dos projetos articulados', 'Reportar à SUOP o status das ações e eventuais obstáculos na mobilização intersetorial'], ARRAY['Não avaliar danos (competência da DGDEC, das REDECs e da Coord. Engenharia)', 'Não priorizar demandas (competência da SUOP)', 'Não executar projetos de recuperação (competência dos órgãos setoriais do Estado)'], ARRAY['Demandas priorizadas pela SUOP com critérios técnicos auditáveis', 'Avaliações de danos que fundamentem a solicitação aos órgãos setoriais', 'Receptividade dos órgãos estaduais para atuação articulada']);
INSERT INTO ficha_setores (ficha_id, setor_id, tipo_participacao)
VALUES ((SELECT id FROM fichas WHERE acao_estrategica_id = (SELECT id FROM acoes_estrategicas WHERE numero = '8.3.1') AND ordem = 2), (SELECT id FROM setores WHERE codigo = 'GRAC'), 'principal');
INSERT INTO fichas (acao_estrategica_id, ordem, titulo, setor_display, papel, justificativa,
    contribuicao_esperada, nao_escopo, dependencias_criticas)
VALUES ((SELECT id FROM acoes_estrategicas WHERE numero = '8.3.1'), 3, 'DGDEC — CANAL COM MUNICÍPIOS E CONSOLIDAÇÃO DE DANOS',
    'DGDEC', 'CANAL COM MUNICÍPIOS E CONSOLIDAÇÃO DE DANOS', 'A DGDEC é o canal formal da relação estado-município nas ações de resposta e recuperação. Nesta ação, recebe as demandas municipais de apoio à recuperação, consolida as avaliações de danos realizadas pelas REDECs e pela Coordenadoria de Engenharia e apresenta à SUOP o panorama consolidado que fundamentará a priorização.',
    ARRAY['Receber e registrar as demandas municipais de apoio à recuperação', 'Consolidar as avaliações de danos realizadas pelas REDECs e pela Coordenadoria de Engenharia', 'Apresentar à SUOP o panorama consolidado de danos e necessidades, fundamentando a priorização', 'Manter o registro auditável das demandas recebidas e das avaliações realizadas'], ARRAY['Não priorizar demandas (competência da SUOP)', 'Não articular com órgãos estaduais externos (competência do GRAC)', 'Não avaliar tecnicamente infraestrutura (competência da Coord. Engenharia)'], ARRAY['Levantamentos das REDECs como base da consolidação', 'Pareceres da Coordenadoria de Engenharia sobre infraestrutura', 'Procedimento normatizado pela SUOP para recebimento e encaminhamento']);
INSERT INTO ficha_setores (ficha_id, setor_id, tipo_participacao)
VALUES ((SELECT id FROM fichas WHERE acao_estrategica_id = (SELECT id FROM acoes_estrategicas WHERE numero = '8.3.1') AND ordem = 3), (SELECT id FROM setores WHERE codigo = 'DGDEC'), 'principal');
INSERT INTO fichas (acao_estrategica_id, ordem, titulo, setor_display, papel, justificativa,
    contribuicao_esperada, nao_escopo, dependencias_criticas)
VALUES ((SELECT id FROM acoes_estrategicas WHERE numero = '8.3.1'), 4, 'Coordenadoria de Engenharia em Defesa Civil — AVALIAÇÃO TÉCNICA DE INFRAESTRUTURA',
    'Coordenadoria de Engenharia em Defesa Civil', 'AVALIAÇÃO TÉCNICA DE INFRAESTRUTURA', 'A Coordenadoria de Engenharia avalia danos em infraestrutura e emite pareceres técnicos que fundamentam a priorização e o encaminhamento das demandas de recuperação. Nesta ação, sua contribuição é técnica: avaliar o estado de infraestruturas críticas (pontes, vias, encostas, edificações públicas) e emitir pareceres que subsidiem a SUOP na priorização e o GRAC na solicitação aos órgãos setoriais. A carência de quadro técnico exige priorização rigorosa das avaliações.',
    ARRAY['Avaliar danos em infraestruturas críticas nos municípios afetados, quando demandado', 'Emitir pareceres técnicos sobre o estado da infraestrutura e a necessidade de intervenção', 'Subsidiar a SUOP com informações técnicas para a priorização das demandas de recuperação', 'Articular com órgãos estaduais de infraestrutura quando necessário para complementar avaliações'], ARRAY['Não executar obras de recuperação (competência dos órgãos setoriais do Estado)', 'Não consolidar avaliações gerais de danos (competência da DGDEC)', 'Não priorizar demandas (competência da SUOP)'], ARRAY['Demandas priorizadas pela SUOP dado o quadro limitado de pessoal', 'Levantamentos das REDECs como informação preliminar', 'Acesso ao território afetado em condições adequadas de segurança']);
INSERT INTO ficha_setores (ficha_id, setor_id, tipo_participacao)
VALUES ((SELECT id FROM fichas WHERE acao_estrategica_id = (SELECT id FROM acoes_estrategicas WHERE numero = '8.3.1') AND ordem = 4), (SELECT id FROM setores WHERE codigo = 'COORD_ENGENHARIA'), 'principal');
INSERT INTO fichas (acao_estrategica_id, ordem, titulo, setor_display, papel, justificativa,
    contribuicao_esperada, nao_escopo, dependencias_criticas)
VALUES ((SELECT id FROM acoes_estrategicas WHERE numero = '8.3.1'), 5, 'REDECs (via DREDEC) — LEVANTAMENTO NA PONTA',
    'REDECs (via DREDEC)', 'LEVANTAMENTO NA PONTA', 'As REDECs são o primeiro elo do levantamento de danos no território. Nesta ação, realizam o levantamento preliminar de danos nos municípios afetados, coletam as demandas de recuperação junto às COMDECs e reportam à DGDEC. Suas informações alimentam tanto a consolidação da DGDEC quanto as avaliações da Coordenadoria de Engenharia.',
    ARRAY['Realizar levantamento preliminar de danos nos municípios afetados de sua região', 'Coletar e reportar à DGDEC as demandas municipais de apoio à recuperação', 'Apoiar a Coordenadoria de Engenharia no acesso ao território para avaliações técnicas', 'Acompanhar e reportar o andamento das ações de recuperação nos municípios de sua região'], ARRAY['Não avaliar tecnicamente infraestrutura (competência da Coord. Engenharia)', 'Não priorizar demandas (competência da SUOP)', 'Não articular com órgãos estaduais externos (competência do GRAC)'], ARRAY['Procedimento normatizado pela SUOP para coleta e reporte', 'Acesso ao território afetado em condições adequadas de segurança', 'Coordenação da DGDEC sobre prioridades e cronograma de levantamento']);
INSERT INTO ficha_setores (ficha_id, setor_id, tipo_participacao)
VALUES ((SELECT id FROM fichas WHERE acao_estrategica_id = (SELECT id FROM acoes_estrategicas WHERE numero = '8.3.1') AND ordem = 5), (SELECT id FROM setores WHERE codigo = 'REDECS'), 'principal');
INSERT INTO ficha_setores (ficha_id, setor_id, tipo_participacao)
VALUES ((SELECT id FROM fichas WHERE acao_estrategica_id = (SELECT id FROM acoes_estrategicas WHERE numero = '8.3.1') AND ordem = 5), (SELECT id FROM setores WHERE codigo = 'DREDEC'), 'coordenador');
INSERT INTO fundamentacoes (acao_estrategica_id, introducao, conclusao)
VALUES ((SELECT id FROM acoes_estrategicas WHERE numero = '8.3.1'), 'A articulação do aparato estatal para recuperação pós-desastre enfrenta três obstáculos:', 'Esta ação enfrenta esses obstáculos instituindo um fluxo normatizado de recebimento, avaliação, priorização e articulação: as REDECs e a DGDEC recebem e consolidam as demandas; a Coordenadoria de Engenharia avalia a infraestrutura; a SUOP define a priorização com critérios técnicos; e o GRAC mobiliza os órgãos estaduais competentes para a execução.');
INSERT INTO fundamentacao_itens (fundamentacao_id, ordem, conteudo)
VALUES ((SELECT id FROM fundamentacoes WHERE acao_estrategica_id = (SELECT id FROM acoes_estrategicas WHERE numero = '8.3.1')), 1, '1. Ausência de fluxo normatizado: Não há procedimento padronizado para que os municípios solicitem apoio à recuperação e para que a SEDEC receba, avalie e encaminhe essas demandas. As solicitações chegam por canais informais, sem documentação técnica adequada e sem critérios de priorização.');
INSERT INTO fundamentacao_itens (fundamentacao_id, ordem, conteudo)
VALUES ((SELECT id FROM fundamentacoes WHERE acao_estrategica_id = (SELECT id FROM acoes_estrategicas WHERE numero = '8.3.1')), 2, '2. Priorização política em vez de técnica: Sem avaliações de danos auditáveis e critérios técnicos definidos, a priorização das demandas de recuperação tende a ser política. Municípios com maior articulação política recebem atenção antes de municípios com maior necessidade técnica. Isso compromete a efetividade dos recursos do Estado e gera questionamentos dos órgãos de controle.');
INSERT INTO fundamentacao_itens (fundamentacao_id, ordem, conteudo)
VALUES ((SELECT id FROM fundamentacoes WHERE acao_estrategica_id = (SELECT id FROM acoes_estrategicas WHERE numero = '8.3.1')), 3, '3. Desconexão entre SEDEC e órgãos executores: A SEDEC identifica a necessidade de recuperação, mas não tem fluxo estabelecido para acionar os órgãos estaduais que executam as obras e intervenções. Sem o GRAC como instância articuladora, a comunicação com os órgãos setoriais é ad hoc e depende de relações pessoais.');

-- AE 8.3.2
INSERT INTO acoes_estrategicas (numero, nome, eixo_prioritario_id, objetivo_estrategico_id, estrategia_id,
    acoes_conectadas, descricao_oficial_completa, descricao_o_que, descricao_para_que, ancoragem,
    nota_arranjo_institucional, versao, data_elaboracao, elaboracao, proxima_fase)
VALUES ('8.3.2', 'Promover conscientização dos órgãos estaduais relacionados às ações de recuperação quanto aos princípios para melhor reconstruir após desastres', (SELECT id FROM eixos_prioritarios WHERE codigo = 'EIXO_3'), (SELECT id FROM objetivos_estrategicos WHERE codigo = 'OE8'), (SELECT id FROM estrategias WHERE codigo = 'E8.3'),
    'AE 8.3.1 (Articulação do aparato estatal) | AE 8.3.4 (Colaboração com municípios na recuperação) | AE 9.2.1 (Políticas transversais de RRD)',
    'Construção e difusão de diretrizes de redução de riscos junto aos órgãos executores de obras e infraestrutura (O QUÊ), visando evitar a reconstrução de cenários de vulnerabilidade e promover a resiliência em investimentos de recuperação (PARA QUÊ).',
    'Construção e difusão de diretrizes de redução de riscos junto aos órgãos executores de obras e infraestrutura.',
    'Evitar a reconstrução de cenários de vulnerabilidade e promover a resiliência em investimentos de recuperação.',
    'A recuperação pós-desastre é uma oportunidade para reduzir vulnerabilidades. O princípio de “reconstruir melhor” (build back better), previsto no Marco de Sendai e incorporado pelo PN-PDC 2025–2035, orienta que as ações de recuperação não reproduzam os cenários de risco que existiam antes do desastre. No entanto, os órgãos estaduais que executam obras e intervenções de infraestrutura não necessariamente incorporam esses princípios em seus projetos. O Plano Estratégico 2024–2035 posiciona esta ação na Estratégia E8.3, com foco na construção e difusão de diretrizes de redução de riscos junto aos órgãos executores. As iniciativas indicadas são o desenvolvimento de atividades de nivelamento e a produção de mídias para difusão.',
    NULL,
    '1.0',
    '2026-02-17',
    'ICTDEC/DAEAD',
    'Fase 2 — Desdobramento Orientado (definição de entregas por setor)');
INSERT INTO destaques_estrategicos (acao_estrategica_id, titulo, header_contexto)
VALUES ((SELECT id FROM acoes_estrategicas WHERE numero = '8.3.2'), 'Influenciar Quem Reconstrói', 'CONTEXTO — Recuperação como Oportunidade de Redução de Risco');
INSERT INTO destaque_linhas (destaque_id, ordem, tipo, label, conteudo)
VALUES ((SELECT id FROM destaques_estrategicos WHERE acao_estrategica_id = (SELECT id FROM acoes_estrategicas WHERE numero = '8.3.2')), 1, 'label_conteudo', 'Princípio', 'A SEDEC não executa obras de recuperação. Quem executa são órgãos estaduais de infraestrutura, habitação, saneamento e outros. Esses órgãos, contudo, nem sempre incorporam princípios de redução de riscos em seus projetos de reconstrução. O resultado é que a recuperação reproduz as mesmas vulnerabilidades que o desastre expôs. A SEDEC pode mudar esse cenário por meio de influência técnica: produzindo diretrizes fundamentadas, nivelando os órgãos executores e difundindo os princípios de reconstrução resiliente. A efetividade dessa influência depende de articulação político-institucional no nível adequado.');
INSERT INTO destaque_linhas (destaque_id, ordem, tipo, label, conteudo)
VALUES ((SELECT id FROM destaques_estrategicos WHERE acao_estrategica_id = (SELECT id FROM acoes_estrategicas WHERE numero = '8.3.2')), 2, 'label_conteudo', 'Duas frentes', 'Produção de diretrizes: o ICTDEC (com CEPEDEC) produz o conteúdo técnico-científico — diretrizes de reconstrução resiliente, fundamentadas nos princípios do Marco de Sendai e do PN-PDC. A Coordenadoria de Engenharia contribui com o conteúdo técnico de engenharia aplicável.
Difusão e articulação: a SUBSEGOP articula politicamente o acesso aos órgãos estaduais executores, conferindo legitimidade institucional à difusão. A SUOP valida o alinhamento estratégico e coordena a execução interna.');
INSERT INTO destaque_linhas (destaque_id, ordem, tipo, label, conteudo)
VALUES ((SELECT id FROM destaques_estrategicos WHERE acao_estrategica_id = (SELECT id FROM acoes_estrategicas WHERE numero = '8.3.2')), 3, 'label_conteudo', 'Risco a evitar', 'Produzir diretrizes sem capacidade de difusão. Sem articulação político-institucional, as diretrizes da SEDEC não chegam aos órgãos que executam a recuperação. A qualidade do conteúdo técnico é condição necessária, mas não suficiente: é preciso que o interlocutor institucional tenha peso para ser ouvido.');
INSERT INTO panoramico_linhas (acao_estrategica_id, ordem, setor_display, papel, sintese_contribuicao, nao_faz)
VALUES ((SELECT id FROM acoes_estrategicas WHERE numero = '8.3.2'), 1, 'ICTDEC (com CEPEDEC)', 'Líder da Produção de Diretrizes', 'Produz diretrizes de reconstrução resiliente; estrutura conteúdo para difusão', 'Não articula politicamente com órgãos externos');
INSERT INTO panoramico_setores (panoramico_linha_id, setor_id, tipo_participacao)
VALUES ((SELECT id FROM panoramico_linhas WHERE acao_estrategica_id = (SELECT id FROM acoes_estrategicas WHERE numero = '8.3.2') AND ordem = 1), (SELECT id FROM setores WHERE codigo = 'ICTDEC'), 'principal');
INSERT INTO panoramico_setores (panoramico_linha_id, setor_id, tipo_participacao)
VALUES ((SELECT id FROM panoramico_linhas WHERE acao_estrategica_id = (SELECT id FROM acoes_estrategicas WHERE numero = '8.3.2') AND ordem = 1), (SELECT id FROM setores WHERE codigo = 'CEPEDEC'), 'participante');
INSERT INTO panoramico_linhas (acao_estrategica_id, ordem, setor_display, papel, sintese_contribuicao, nao_faz)
VALUES ((SELECT id FROM acoes_estrategicas WHERE numero = '8.3.2'), 2, 'Coord. Engenharia', 'Conteúdo Técnico de Engenharia', 'Fornece conteúdo técnico sobre engenharia resiliente aplicável à recuperação', 'Não produz diretrizes conceituais; não difunde');
INSERT INTO panoramico_setores (panoramico_linha_id, setor_id, tipo_participacao)
VALUES ((SELECT id FROM panoramico_linhas WHERE acao_estrategica_id = (SELECT id FROM acoes_estrategicas WHERE numero = '8.3.2') AND ordem = 2), (SELECT id FROM setores WHERE codigo = 'COORD._ENGENHARIA'), 'principal');
INSERT INTO panoramico_linhas (acao_estrategica_id, ordem, setor_display, papel, sintese_contribuicao, nao_faz)
VALUES ((SELECT id FROM acoes_estrategicas WHERE numero = '8.3.2'), 3, 'SUOP (sob aval da SUBSEGOP)', 'Validação e Coordenação', 'Valida alinhamento estratégico; coordena execução interna', 'Não produz conteúdo; não articula com órgãos externos');
INSERT INTO panoramico_setores (panoramico_linha_id, setor_id, tipo_participacao)
VALUES ((SELECT id FROM panoramico_linhas WHERE acao_estrategica_id = (SELECT id FROM acoes_estrategicas WHERE numero = '8.3.2') AND ordem = 3), (SELECT id FROM setores WHERE codigo = 'SUOP'), 'principal');
INSERT INTO panoramico_setores (panoramico_linha_id, setor_id, tipo_participacao)
VALUES ((SELECT id FROM panoramico_linhas WHERE acao_estrategica_id = (SELECT id FROM acoes_estrategicas WHERE numero = '8.3.2') AND ordem = 3), (SELECT id FROM setores WHERE codigo = 'SUBSEGOP'), 'aval');
INSERT INTO panoramico_linhas (acao_estrategica_id, ordem, setor_display, papel, sintese_contribuicao, nao_faz)
VALUES ((SELECT id FROM acoes_estrategicas WHERE numero = '8.3.2'), 4, 'SUBSEGOP', 'Articulação Político-Institucional', 'Articula acesso aos órgãos estaduais executores para difusão das diretrizes', 'Não produz conteúdo técnico; não executa capacitação');
INSERT INTO panoramico_setores (panoramico_linha_id, setor_id, tipo_participacao)
VALUES ((SELECT id FROM panoramico_linhas WHERE acao_estrategica_id = (SELECT id FROM acoes_estrategicas WHERE numero = '8.3.2') AND ordem = 4), (SELECT id FROM setores WHERE codigo = 'SUBSEGOP'), 'principal');
INSERT INTO fichas (acao_estrategica_id, ordem, titulo, setor_display, papel, justificativa,
    contribuicao_esperada, nao_escopo, dependencias_criticas)
VALUES ((SELECT id FROM acoes_estrategicas WHERE numero = '8.3.2'), 1, 'ICTDEC (com CEPEDEC) — LÍDER DA PRODUÇÃO DE DIRETRIZES',
    'ICTDEC (com CEPEDEC)', 'LÍDER DA PRODUÇÃO DE DIRETRIZES', 'O ICTDEC, por meio do CEPEDEC, é o produtor de conhecimento científico e metodologias da Secretaria. Nesta ação, lidera a produção das diretrizes de reconstrução resiliente — fundamentadas nos princípios do Marco de Sendai, do PN-PDC 2025–2035 e na legislação vigente — e estrutura o conteúdo para atividades de nivelamento e mídias de difusão. O ICTDEC não articula politicamente com os órgãos estaduais executores (competência da SUBSEGOP), mas produz o conteúdo que fundamenta e legitima a interlocução.',
    ARRAY['Produzir diretrizes de redução de riscos aplicáveis à recuperação pós-desastre, fundamentadas no Marco de Sendai e no PN-PDC', 'Estruturar conteúdo para atividades de nivelamento dirigidas aos órgãos estaduais executores', 'Desenvolver mídias e materiais de difusão dos princípios de reconstrução resiliente', 'Integrar o conteúdo técnico de engenharia fornecido pela Coordenadoria de Engenharia às diretrizes'], ARRAY['Não articular politicamente com órgãos estaduais executores (competência da SUBSEGOP)', 'Não executar obras ou projetos de recuperação', 'Não validar o alinhamento estratégico dos produtos (competência da SUOP)'], ARRAY['Conteúdo técnico de engenharia fornecido pela Coordenadoria de Engenharia', 'Validação da SUOP quanto ao alinhamento estratégico', 'Articulação da SUBSEGOP para acesso aos órgãos estaduais executores', 'Referências do PN-PDC e do Marco de Sendai como base conceitual']);
INSERT INTO ficha_setores (ficha_id, setor_id, tipo_participacao)
VALUES ((SELECT id FROM fichas WHERE acao_estrategica_id = (SELECT id FROM acoes_estrategicas WHERE numero = '8.3.2') AND ordem = 1), (SELECT id FROM setores WHERE codigo = 'ICTDEC'), 'principal');
INSERT INTO ficha_setores (ficha_id, setor_id, tipo_participacao)
VALUES ((SELECT id FROM fichas WHERE acao_estrategica_id = (SELECT id FROM acoes_estrategicas WHERE numero = '8.3.2') AND ordem = 1), (SELECT id FROM setores WHERE codigo = 'CEPEDEC'), 'participante');
INSERT INTO fichas (acao_estrategica_id, ordem, titulo, setor_display, papel, justificativa,
    contribuicao_esperada, nao_escopo, dependencias_criticas)
VALUES ((SELECT id FROM acoes_estrategicas WHERE numero = '8.3.2'), 2, 'Coordenadoria de Engenharia em Defesa Civil — CONTEÚDO TÉCNICO DE ENGENHARIA',
    'Coordenadoria de Engenharia em Defesa Civil', 'CONTEÚDO TÉCNICO DE ENGENHARIA', 'A Coordenadoria de Engenharia detém o conhecimento técnico sobre intervenções físicas em defesa civil. Nesta ação, fornece ao ICTDEC o conteúdo técnico de engenharia resiliente aplicável à recuperação: especificações técnicas para reconstrução de infraestrutura com redução de risco, critérios de resiliência para obras e exemplos de boas práticas. Esse conteúdo será integrado às diretrizes produzidas pelo ICTDEC.',
    ARRAY['Fornecer ao ICTDEC conteúdo técnico de engenharia resiliente aplicável à recuperação pós-desastre', 'Contribuir com especificações técnicas, critérios de resiliência e exemplos de boas práticas', 'Validar tecnicamente o conteúdo de engenharia nas diretrizes antes da difusão'], ARRAY['Não produzir diretrizes conceituais de reconstrução resiliente (competência do ICTDEC/CEPEDEC)', 'Não difundir conteúdo junto aos órgãos estaduais', 'Não executar obras de recuperação'], ARRAY['Demandas do ICTDEC sobre conteúdos específicos necessários', 'Acesso a referências técnicas nacionais e internacionais sobre engenharia resiliente']);
INSERT INTO ficha_setores (ficha_id, setor_id, tipo_participacao)
VALUES ((SELECT id FROM fichas WHERE acao_estrategica_id = (SELECT id FROM acoes_estrategicas WHERE numero = '8.3.2') AND ordem = 2), (SELECT id FROM setores WHERE codigo = 'COORD_ENGENHARIA'), 'principal');
INSERT INTO fichas (acao_estrategica_id, ordem, titulo, setor_display, papel, justificativa,
    contribuicao_esperada, nao_escopo, dependencias_criticas)
VALUES ((SELECT id FROM acoes_estrategicas WHERE numero = '8.3.2'), 3, 'SUOP (sob aval da SUBSEGOP) — VALIDAÇÃO E COORDENAÇÃO',
    'SUOP (sob aval da SUBSEGOP)', 'VALIDAÇÃO E COORDENAÇÃO', 'A SUOP comanda os órgãos setoriais e é responsável pelo alinhamento estratégico das ações operacionais. Nesta ação, valida os produtos quanto ao alinhamento ao Plano Estratégico e coordena a execução interna, assegurando que o conteúdo produzido pelo ICTDEC e pela Coordenadoria de Engenharia esteja pronto para difusão.',
    ARRAY['Validar as diretrizes quanto ao alinhamento ao Plano Estratégico e às prioridades da SEDEC', 'Coordenar a execução interna da ação (cronograma, integração entre ICTDEC e Coord. Engenharia)', 'Articular com a SUBSEGOP o encaminhamento para difusão junto aos órgãos estaduais'], ARRAY['Não produzir conteúdo técnico (competência do ICTDEC e da Coord. Engenharia)', 'Não articular politicamente com órgãos estaduais externos (competência da SUBSEGOP)', 'Não executar atividades de nivelamento'], ARRAY['Produtos apresentados pelo ICTDEC com tempo hábil para revisão', 'Disponibilidade da SUBSEGOP para conduzir a articulação política']);
INSERT INTO ficha_setores (ficha_id, setor_id, tipo_participacao)
VALUES ((SELECT id FROM fichas WHERE acao_estrategica_id = (SELECT id FROM acoes_estrategicas WHERE numero = '8.3.2') AND ordem = 3), (SELECT id FROM setores WHERE codigo = 'SUOP'), 'principal');
INSERT INTO ficha_setores (ficha_id, setor_id, tipo_participacao)
VALUES ((SELECT id FROM fichas WHERE acao_estrategica_id = (SELECT id FROM acoes_estrategicas WHERE numero = '8.3.2') AND ordem = 3), (SELECT id FROM setores WHERE codigo = 'SUBSEGOP'), 'aval');
INSERT INTO fichas (acao_estrategica_id, ordem, titulo, setor_display, papel, justificativa,
    contribuicao_esperada, nao_escopo, dependencias_criticas)
VALUES ((SELECT id FROM acoes_estrategicas WHERE numero = '8.3.2'), 4, 'SUBSEGOP — ARTICULAÇÃO POLÍTICO-INSTITUCIONAL PARA DIFUSÃO',
    'SUBSEGOP', 'ARTICULAÇÃO POLÍTICO-INSTITUCIONAL PARA DIFUSÃO', 'A SUBSEGOP é a instância que faz o elo entre os temas operacionais e políticos da Secretaria. Nesta ação, seu papel é conferir legitimidade institucional à difusão das diretrizes: articular o acesso aos órgãos estaduais executores de obras e infraestrutura, viabilizando que as atividades de nivelamento e os materiais produzidos pelo ICTDEC cheguem aos interlocutores corretos com o peso institucional necessário. Sem essa articulação, o conteúdo técnico não alcança quem decide sobre a recuperação.',
    ARRAY['Articular o acesso institucional aos órgãos estaduais executores de obras e infraestrutura', 'Conferir legitimidade institucional à difusão das diretrizes, representando a Secretaria no nível político adequado', 'Viabilizar a realização de atividades de nivelamento junto aos órgãos estaduais', 'Respaldar politicamente o ICTDEC e a SUOP na execução da ação'], ARRAY['Não produzir conteúdo técnico (competência do ICTDEC e da Coord. Engenharia)', 'Não conduzir atividades de nivelamento (competência do ICTDEC)', 'Não executar obras ou projetos de recuperação'], ARRAY['Diretrizes produzidas e validadas pelo ICTDEC e pela SUOP', 'Receptividade dos órgãos estaduais executores para o diálogo institucional', 'Agenda política favorável à pauta de reconstrução resiliente']);
INSERT INTO ficha_setores (ficha_id, setor_id, tipo_participacao)
VALUES ((SELECT id FROM fichas WHERE acao_estrategica_id = (SELECT id FROM acoes_estrategicas WHERE numero = '8.3.2') AND ordem = 4), (SELECT id FROM setores WHERE codigo = 'SUBSEGOP'), 'principal');
INSERT INTO fundamentacoes (acao_estrategica_id, introducao, conclusao)
VALUES ((SELECT id FROM acoes_estrategicas WHERE numero = '8.3.2'), 'A ausência de conscientização dos órgãos estaduais sobre os princípios de reconstrução resiliente gera três efeitos:', 'Esta ação enfrenta esses efeitos por meio de uma estratégia de influência técnico-institucional: o ICTDEC produz as diretrizes de reconstrução resiliente com suporte técnico da Coordenadoria de Engenharia; a SUOP valida e coordena internamente; e a SUBSEGOP articula o acesso político-institucional aos órgãos estaduais executores, viabilizando a difusão efetiva.');
INSERT INTO fundamentacao_itens (fundamentacao_id, ordem, conteudo)
VALUES ((SELECT id FROM fundamentacoes WHERE acao_estrategica_id = (SELECT id FROM acoes_estrategicas WHERE numero = '8.3.2')), 1, '1. Reprodução de vulnerabilidades: Os órgãos estaduais que executam a recuperação tendem a reconstruir a infraestrutura no mesmo padrão anterior ao desastre, sem incorporar medidas de redução de risco. O resultado é que a próxima ocorrência produzirá os mesmos danos, gerando um ciclo de reconstrução sem ganho de resiliência.');
INSERT INTO fundamentacao_itens (fundamentacao_id, ordem, conteudo)
VALUES ((SELECT id FROM fundamentacoes WHERE acao_estrategica_id = (SELECT id FROM acoes_estrategicas WHERE numero = '8.3.2')), 2, '2. Desperdício de recursos públicos: Reconstruir sem resiliência é reconstruir para destruir de novo. Os investimentos públicos em recuperação perdem efetividade quando não incorporam princípios de redução de risco, gerando despesa recorrente com as mesmas infraestruturas.');
INSERT INTO fundamentacao_itens (fundamentacao_id, ordem, conteudo)
VALUES ((SELECT id FROM fundamentacoes WHERE acao_estrategica_id = (SELECT id FROM acoes_estrategicas WHERE numero = '8.3.2')), 3, '3. Desconexão entre Defesa Civil e órgãos executores: A SEDEC identifica as vulnerabilidades e conhece os riscos, mas não tem canal estabelecido para influenciar tecnicamente os projetos de recuperação executados por outros órgãos. O conhecimento acumulado pela Defesa Civil sobre os riscos do território não chega a quem decide sobre a reconstrução.');

-- AE 9.2.1
INSERT INTO acoes_estrategicas (numero, nome, eixo_prioritario_id, objetivo_estrategico_id, estrategia_id,
    acoes_conectadas, descricao_oficial_completa, descricao_o_que, descricao_para_que, ancoragem,
    nota_arranjo_institucional, versao, data_elaboracao, elaboracao, proxima_fase)
VALUES ('9.2.1', 'Implementar mecanismos que viabilizem discussões relacionadas ao desenvolvimento de políticas de RRD transversais e integradas', (SELECT id FROM eixos_prioritarios WHERE codigo = 'EIXO_3'), (SELECT id FROM objetivos_estrategicos WHERE codigo = 'OE9'), (SELECT id FROM estrategias WHERE codigo = 'E9.2'),
    'AE 8.3.2 (Conscientização para melhor reconstruir) | AE 9.1.1 (Ferramentas de compreensão de riscos) | AE 9.1.2 (Planos de RRD) | AE 5.1.1 (Integração do SIEPDEC)',
    'Estabelecimento de instâncias de articulação intersetorial ampliada, envolvendo atores externos e parceiros estratégicos (O QUÊ), visando qualificar o debate técnico e assegurar a transversalidade da redução de riscos nas múltiplas agendas de governo e sua plena integração ao planejamento global de desenvolvimento do Estado (PARA QUÊ).',
    'Estabelecimento de instâncias de articulação intersetorial ampliada, envolvendo atores externos e parceiros estratégicos.',
    'Qualificar o debate técnico e assegurar a transversalidade da redução de riscos nas múltiplas agendas de governo e sua plena integração ao planejamento global de desenvolvimento do Estado.',
    'A redução de riscos de desastres não se resolve dentro da Defesa Civil. Ela depende de políticas públicas de ordenamento territorial, saúde, educação, meio ambiente, infraestrutura, habitação e outras áreas que não estão sob gestão da SEDEC. O Plano Estratégico 2024–2035 posiciona esta ação na Estratégia E9.2, com foco no estabelecimento de instâncias de articulação intersetorial ampliada que envolvam atores externos e parceiros estratégicos, qualificando o debate técnico e assegurando a transversalidade da RRD nas múltiplas agendas de governo. As iniciativas indicadas incluem capacitação voltada para produção de política pública transversal e integrada de RRD e a realização de reuniões ou eventos periódicos. A PEPDEC (Parágrafo Único do Art. 2º) já determina a integração com políticas de ordenamento territorial, desenvolvimento urbano, saúde, meio ambiente, mudanças climáticas e demais políticas setoriais.',
    'Lacuna estrutural identificada
A execução desta ação exige capacidades de planejamento, articulação intersetorial, coordenação e monitoramento contínuo junto a órgãos externos ao SIEPDEC-RJ. Atualmente, não há na estrutura da SUBSEGOP um órgão de assessoramento dedicado a essas funções.
Na ausência desse órgão, o enquadramento atribui provisoriamente as funções de produção de conteúdo técnico e estruturação metodológica ao ICTDEC (com CEPEDEC), de capacitação à ESDEC e de articulação política à própria SUBSEGOP. Contudo, a sustentabilidade da ação no médio prazo depende da estruturação de capacidade dedicada de assessoramento à SUBSEGOP para planejamento, articulação, coordenação e monitoramento da agenda intersetorial de RRD.
Esta nota registra a lacuna para consideração na evolução do organograma da Secretaria.',
    '1.0',
    '2026-02-18',
    'ICTDEC/DAEAD',
    'Fase 2 — Desdobramento Orientado (definição de entregas por setor)');
INSERT INTO destaques_estrategicos (acao_estrategica_id, titulo, header_contexto)
VALUES ((SELECT id FROM acoes_estrategicas WHERE numero = '9.2.1'), 'RRD como Agenda de Governo, Não de Secretaria', 'CONTEXTO — Transversalidade da Redução de Riscos');
INSERT INTO destaque_linhas (destaque_id, ordem, tipo, label, conteudo)
VALUES ((SELECT id FROM destaques_estrategicos WHERE acao_estrategica_id = (SELECT id FROM acoes_estrategicas WHERE numero = '9.2.1')), 1, 'label_conteudo', 'Princípio', 'A redução de riscos de desastres não é atribuição exclusiva da Defesa Civil. Os riscos são produzidos por decisões de ordenamento territorial, habitação, infraestrutura, meio ambiente, saúde e outras políticas setoriais. A SEDEC conhece os riscos, mas não controla as políticas que os produzem. Esta ação posiciona a Secretaria como articuladora da transversalidade: criar instâncias de diálogo, qualificar tecnicamente o debate e inserir a RRD nas agendas dos órgãos que efetivamente decidem sobre uso do território e investimentos públicos.');
INSERT INTO destaque_linhas (destaque_id, ordem, tipo, label, conteudo)
VALUES ((SELECT id FROM destaques_estrategicos WHERE acao_estrategica_id = (SELECT id FROM acoes_estrategicas WHERE numero = '9.2.1')), 2, 'label_conteudo', 'As frentes de ação', 'Articulação político-institucional: a SUBSEGOP conduz o diálogo com os órgãos estaduais e atores externos, viabilizando instâncias de discussão.
Conteúdo técnico: o ICTDEC (com CEPEDEC) produz estudos, metodologias e subsídios técnicos que fundamentam as discussões e orientam a produção de políticas transversais.
Capacitação: a ESDEC forma agentes para a produção de políticas públicas transversais e integradas de RRD.
Temas setoriais: a DGAC contribui com a dimensão comunitária (percepção de risco e participação social) e a CEAMA com a dimensão ambiental (integração de políticas ambientais e de RRD).
Participação municipal: as REDECs (via DREDEC) articulam a participação dos municípios nas discussões, assegurando que as políticas transversais reflitam as realidades locais.
Instância consultiva e propositiva: o CONEPDEC, como conselho multiparticipativo do SIEPDEC-RJ, valida as propostas e confere legitimidade multisetorial às políticas transversais.');
INSERT INTO destaque_linhas (destaque_id, ordem, tipo, label, conteudo)
VALUES ((SELECT id FROM destaques_estrategicos WHERE acao_estrategica_id = (SELECT id FROM acoes_estrategicas WHERE numero = '9.2.1')), 3, 'label_conteudo', 'Risco a evitar', 'Criar instâncias de discussão sem capacidade de produção. Reuniões periódicas que não geram conteúdo técnico, não resultam em diretrizes concretas e não têm acompanhamento tornam-se rituais burocráticos sem impacto nas políticas públicas.');
INSERT INTO panoramico_linhas (acao_estrategica_id, ordem, setor_display, papel, sintese_contribuicao, nao_faz)
VALUES ((SELECT id FROM acoes_estrategicas WHERE numero = '9.2.1'), 1, 'SUBSEGOP', 'Líder da Articulação Político-Institucional', 'Conduz o diálogo com órgãos estaduais e atores externos; viabiliza instâncias de discussão', 'Não produz conteúdo técnico; não capacita');
INSERT INTO panoramico_setores (panoramico_linha_id, setor_id, tipo_participacao)
VALUES ((SELECT id FROM panoramico_linhas WHERE acao_estrategica_id = (SELECT id FROM acoes_estrategicas WHERE numero = '9.2.1') AND ordem = 1), (SELECT id FROM setores WHERE codigo = 'SUBSEGOP'), 'principal');
INSERT INTO panoramico_linhas (acao_estrategica_id, ordem, setor_display, papel, sintese_contribuicao, nao_faz)
VALUES ((SELECT id FROM acoes_estrategicas WHERE numero = '9.2.1'), 2, 'ICTDEC (com CEPEDEC)', 'Conteúdo Técnico e Metodológico', 'Produz estudos, metodologias e subsídios para qualificar as discussões', 'Não articula politicamente com órgãos externos');
INSERT INTO panoramico_setores (panoramico_linha_id, setor_id, tipo_participacao)
VALUES ((SELECT id FROM panoramico_linhas WHERE acao_estrategica_id = (SELECT id FROM acoes_estrategicas WHERE numero = '9.2.1') AND ordem = 2), (SELECT id FROM setores WHERE codigo = 'ICTDEC'), 'principal');
INSERT INTO panoramico_setores (panoramico_linha_id, setor_id, tipo_participacao)
VALUES ((SELECT id FROM panoramico_linhas WHERE acao_estrategica_id = (SELECT id FROM acoes_estrategicas WHERE numero = '9.2.1') AND ordem = 2), (SELECT id FROM setores WHERE codigo = 'CEPEDEC'), 'participante');
INSERT INTO panoramico_linhas (acao_estrategica_id, ordem, setor_display, papel, sintese_contribuicao, nao_faz)
VALUES ((SELECT id FROM acoes_estrategicas WHERE numero = '9.2.1'), 3, 'SUOP', 'Coordenação Interna', 'Coordena a participação dos órgãos da SEDEC; valida alinhamento estratégico', 'Não articula com órgãos externos; não produz conteúdo');
INSERT INTO panoramico_setores (panoramico_linha_id, setor_id, tipo_participacao)
VALUES ((SELECT id FROM panoramico_linhas WHERE acao_estrategica_id = (SELECT id FROM acoes_estrategicas WHERE numero = '9.2.1') AND ordem = 3), (SELECT id FROM setores WHERE codigo = 'SUOP'), 'principal');
INSERT INTO panoramico_linhas (acao_estrategica_id, ordem, setor_display, papel, sintese_contribuicao, nao_faz)
VALUES ((SELECT id FROM acoes_estrategicas WHERE numero = '9.2.1'), 4, 'ESDEC', 'Capacitadora', 'Forma agentes para produção de políticas transversais de RRD', 'Não articula com órgãos externos; não produz diretrizes');
INSERT INTO panoramico_setores (panoramico_linha_id, setor_id, tipo_participacao)
VALUES ((SELECT id FROM panoramico_linhas WHERE acao_estrategica_id = (SELECT id FROM acoes_estrategicas WHERE numero = '9.2.1') AND ordem = 4), (SELECT id FROM setores WHERE codigo = 'ESDEC'), 'principal');
INSERT INTO panoramico_linhas (acao_estrategica_id, ordem, setor_display, papel, sintese_contribuicao, nao_faz)
VALUES ((SELECT id FROM acoes_estrategicas WHERE numero = '9.2.1'), 5, 'DGAC', 'Dimensão Comunitária', 'Contribui com percepção de risco e participação social nas discussões', 'Não articula com órgãos estaduais; não produz políticas');
INSERT INTO panoramico_setores (panoramico_linha_id, setor_id, tipo_participacao)
VALUES ((SELECT id FROM panoramico_linhas WHERE acao_estrategica_id = (SELECT id FROM acoes_estrategicas WHERE numero = '9.2.1') AND ordem = 5), (SELECT id FROM setores WHERE codigo = 'DGAC'), 'principal');
INSERT INTO panoramico_linhas (acao_estrategica_id, ordem, setor_display, papel, sintese_contribuicao, nao_faz)
VALUES ((SELECT id FROM acoes_estrategicas WHERE numero = '9.2.1'), 6, 'CEAMA', 'Dimensão Ambiental', 'Contribui com integração de políticas ambientais e de RRD', 'Não articula com órgãos fora do tema ambiental');
INSERT INTO panoramico_setores (panoramico_linha_id, setor_id, tipo_participacao)
VALUES ((SELECT id FROM panoramico_linhas WHERE acao_estrategica_id = (SELECT id FROM acoes_estrategicas WHERE numero = '9.2.1') AND ordem = 6), (SELECT id FROM setores WHERE codigo = 'CEAMA'), 'principal');
INSERT INTO panoramico_linhas (acao_estrategica_id, ordem, setor_display, papel, sintese_contribuicao, nao_faz)
VALUES ((SELECT id FROM acoes_estrategicas WHERE numero = '9.2.1'), 7, 'REDECs (via DREDEC)', 'Participação Municipal', 'Articula participação dos municípios e traz realidades locais', 'Não produz conteúdo técnico; não articula com órgãos estaduais');
INSERT INTO panoramico_setores (panoramico_linha_id, setor_id, tipo_participacao)
VALUES ((SELECT id FROM panoramico_linhas WHERE acao_estrategica_id = (SELECT id FROM acoes_estrategicas WHERE numero = '9.2.1') AND ordem = 7), (SELECT id FROM setores WHERE codigo = 'REDECS'), 'principal');
INSERT INTO panoramico_setores (panoramico_linha_id, setor_id, tipo_participacao)
VALUES ((SELECT id FROM panoramico_linhas WHERE acao_estrategica_id = (SELECT id FROM acoes_estrategicas WHERE numero = '9.2.1') AND ordem = 7), (SELECT id FROM setores WHERE codigo = 'DREDEC'), 'coordenador');
INSERT INTO panoramico_linhas (acao_estrategica_id, ordem, setor_display, papel, sintese_contribuicao, nao_faz)
VALUES ((SELECT id FROM acoes_estrategicas WHERE numero = '9.2.1'), 8, 'CONEPDEC', 'Instância Consultiva e Propositiva', 'Valida propostas de políticas transversais; confere legitimidade multisetorial', 'Não executa ações operacionais de RRD');
INSERT INTO panoramico_setores (panoramico_linha_id, setor_id, tipo_participacao)
VALUES ((SELECT id FROM panoramico_linhas WHERE acao_estrategica_id = (SELECT id FROM acoes_estrategicas WHERE numero = '9.2.1') AND ordem = 8), (SELECT id FROM setores WHERE codigo = 'CONEPDEC'), 'principal');
INSERT INTO fichas (acao_estrategica_id, ordem, titulo, setor_display, papel, justificativa,
    contribuicao_esperada, nao_escopo, dependencias_criticas)
VALUES ((SELECT id FROM acoes_estrategicas WHERE numero = '9.2.1'), 1, 'SUBSEGOP — LÍDER DA ARTICULAÇÃO POLÍTICO-INSTITUCIONAL',
    'SUBSEGOP', 'LÍDER DA ARTICULAÇÃO POLÍTICO-INSTITUCIONAL', 'A SUBSEGOP é a instância que faz o elo entre os temas operacionais e políticos da Secretaria. Nesta ação, lidera a articulação político-institucional com órgãos estaduais, atores externos e parceiros estratégicos para o estabelecimento de instâncias de discussão sobre políticas transversais de RRD. A interlocução com órgãos de outros setores de governo exige peso institucional que somente a SUBSEGOP pode conferir. Atualmente, essa função não conta com órgão de assessoramento dedicado (ver Nota sobre Arranjo Institucional).',
    ARRAY['Conduzir o diálogo institucional com órgãos estaduais de outros setores (ordenamento territorial, saúde, educação, meio ambiente, infraestrutura, habitação)', 'Viabilizar a criação e o funcionamento de instâncias de discussão intersetorial sobre políticas de RRD', 'Articular a participação de atores externos e parceiros estratégicos nas discussões', 'Representar a SEDEC nos fóruns intersetoriais de políticas públicas'], ARRAY['Não produzir conteúdo técnico (competência do ICTDEC/CEPEDEC)', 'Não conduzir capacitações (competência da ESDEC)', 'Não coordenar internamente os órgãos da SEDEC para esta ação (competência da SUOP)'], ARRAY['Conteúdo técnico produzido pelo ICTDEC para fundamentar as discussões', 'Coordenação interna da SUOP para alinhar a participação dos órgãos da SEDEC', 'Receptividade dos órgãos estaduais para o diálogo intersetorial']);
INSERT INTO ficha_setores (ficha_id, setor_id, tipo_participacao)
VALUES ((SELECT id FROM fichas WHERE acao_estrategica_id = (SELECT id FROM acoes_estrategicas WHERE numero = '9.2.1') AND ordem = 1), (SELECT id FROM setores WHERE codigo = 'SUBSEGOP'), 'principal');
INSERT INTO fichas (acao_estrategica_id, ordem, titulo, setor_display, papel, justificativa,
    contribuicao_esperada, nao_escopo, dependencias_criticas)
VALUES ((SELECT id FROM acoes_estrategicas WHERE numero = '9.2.1'), 2, 'ICTDEC (com CEPEDEC) — CONTEÚDO TÉCNICO E METODOLÓGICO',
    'ICTDEC (com CEPEDEC)', 'CONTEÚDO TÉCNICO E METODOLÓGICO', 'O ICTDEC, por meio do CEPEDEC, é o produtor de conhecimento científico e metodologias da Secretaria. Nesta ação, fornece o subsídio técnico que fundamenta e qualifica as discussões intersetoriais: estudos sobre transversalidade da RRD, metodologias para integração de políticas públicas, análises de impacto e propostas de diretrizes. O ICTDEC não conduz a articulação política (competência da SUBSEGOP), mas produz o conteúdo que lhe dá substância.',
    ARRAY['Produzir estudos e metodologias sobre transversalidade da RRD nas políticas públicas estaduais', 'Elaborar subsídios técnicos para as discussões intersetoriais (notas técnicas, análises, propostas de diretrizes)', 'Apoiar a ESDEC com conteúdo para capacitação em produção de políticas transversais de RRD', 'Sistematizar os resultados das discussões intersetoriais em documentos técnicos'], ARRAY['Não articular politicamente com órgãos estaduais externos (competência da SUBSEGOP)', 'Não conduzir capacitações (competência da ESDEC)', 'Não representar a SEDEC em fóruns políticos'], ARRAY['Demandas da SUBSEGOP e da SUOP sobre temas prioritários', 'Acesso a dados e informações dos órgãos setoriais para produção de estudos', 'Parcerias com IES e ICTs (AE 6.1.3) como fonte complementar de conhecimento']);
INSERT INTO ficha_setores (ficha_id, setor_id, tipo_participacao)
VALUES ((SELECT id FROM fichas WHERE acao_estrategica_id = (SELECT id FROM acoes_estrategicas WHERE numero = '9.2.1') AND ordem = 2), (SELECT id FROM setores WHERE codigo = 'ICTDEC'), 'principal');
INSERT INTO ficha_setores (ficha_id, setor_id, tipo_participacao)
VALUES ((SELECT id FROM fichas WHERE acao_estrategica_id = (SELECT id FROM acoes_estrategicas WHERE numero = '9.2.1') AND ordem = 2), (SELECT id FROM setores WHERE codigo = 'CEPEDEC'), 'participante');
INSERT INTO fichas (acao_estrategica_id, ordem, titulo, setor_display, papel, justificativa,
    contribuicao_esperada, nao_escopo, dependencias_criticas)
VALUES ((SELECT id FROM acoes_estrategicas WHERE numero = '9.2.1'), 3, 'SUOP (sob aval da SUBSEGOP) — COORDENAÇÃO INTERNA',
    'SUOP (sob aval da SUBSEGOP)', 'COORDENAÇÃO INTERNA', 'A SUOP comanda os órgãos setoriais da Defesa Civil Estadual. Nesta ação, coordena internamente a participação dos órgãos da SEDEC nas discussões intersetoriais (DGAC, CEAMA, REDECs, ESDEC), valida o alinhamento estratégico das contribuições e assegura coerência entre as frentes.',
    ARRAY['Coordenar a participação dos órgãos da SEDEC nas discussões intersetoriais', 'Validar o alinhamento estratégico das contribuições técnicas e setoriais', 'Assegurar coerência entre as frentes internas (conteúdo, capacitação, temas setoriais, participação municipal)', 'Articular com a SUBSEGOP o encaminhamento de propostas validadas'], ARRAY['Não articular com órgãos estaduais externos (competência da SUBSEGOP)', 'Não produzir conteúdo técnico (competência do ICTDEC)', 'Não conduzir capacitações (competência da ESDEC)'], ARRAY['Direcionamento da SUBSEGOP sobre temas e prioridades', 'Contribuições dos órgãos setoriais em seus temas']);
INSERT INTO ficha_setores (ficha_id, setor_id, tipo_participacao)
VALUES ((SELECT id FROM fichas WHERE acao_estrategica_id = (SELECT id FROM acoes_estrategicas WHERE numero = '9.2.1') AND ordem = 3), (SELECT id FROM setores WHERE codigo = 'SUOP'), 'principal');
INSERT INTO ficha_setores (ficha_id, setor_id, tipo_participacao)
VALUES ((SELECT id FROM fichas WHERE acao_estrategica_id = (SELECT id FROM acoes_estrategicas WHERE numero = '9.2.1') AND ordem = 3), (SELECT id FROM setores WHERE codigo = 'SUBSEGOP'), 'aval');
INSERT INTO fichas (acao_estrategica_id, ordem, titulo, setor_display, papel, justificativa,
    contribuicao_esperada, nao_escopo, dependencias_criticas)
VALUES ((SELECT id FROM acoes_estrategicas WHERE numero = '9.2.1'), 4, 'ESDEC — CAPACITADORA',
    'ESDEC', 'CAPACITADORA', 'A ESDEC capacita agentes do SIEPDEC-RJ. Nesta ação, forma agentes para a produção de políticas públicas transversais e integradas de RRD. O público-alvo inclui tanto agentes da SEDEC quanto agentes de outros órgãos estaduais e municipais envolvidos nas discussões intersetoriais.',
    ARRAY['Estruturar e executar capacitações voltadas para produção de políticas públicas transversais e integradas de RRD', 'Incluir conteúdos sobre integração de políticas públicas, transversalidade da RRD e Marco de Sendai', 'Avaliar o aprendizado e retroalimentar o modelo de capacitação'], ARRAY['Não articular com órgãos estaduais externos (competência da SUBSEGOP)', 'Não produzir diretrizes de política pública (competência do ICTDEC/CEPEDEC)', 'Não representar a SEDEC em fóruns políticos'], ARRAY['Conteúdos técnicos fornecidos pelo ICTDEC/CEPEDEC', 'Demanda dimensionada pela SUOP e SUBSEGOP', 'Articulação da SUBSEGOP para acesso aos agentes de outros órgãos']);
INSERT INTO ficha_setores (ficha_id, setor_id, tipo_participacao)
VALUES ((SELECT id FROM fichas WHERE acao_estrategica_id = (SELECT id FROM acoes_estrategicas WHERE numero = '9.2.1') AND ordem = 4), (SELECT id FROM setores WHERE codigo = 'ESDEC'), 'principal');
INSERT INTO fichas (acao_estrategica_id, ordem, titulo, setor_display, papel, justificativa,
    contribuicao_esperada, nao_escopo, dependencias_criticas)
VALUES ((SELECT id FROM acoes_estrategicas WHERE numero = '9.2.1'), 5, 'DGAC — DIMENSÃO COMUNITÁRIA',
    'DGAC', 'DIMENSÃO COMUNITÁRIA', 'A DGAC desenvolve percepção de risco e participação social. Nesta ação, contribui com a dimensão comunitária nas discussões intersetoriais: assegura que as políticas transversais de RRD incorporem a perspectiva das comunidades, a percepção de risco da população e os mecanismos de participação social.',
    ARRAY['Contribuir com conteúdo sobre percepção de risco e participação social nas discussões intersetoriais', 'Assegurar que as políticas transversais incorporem a perspectiva comunitária', 'Participar das instâncias de discussão representando a dimensão de conscientização e participação social'], ARRAY['Não articular com órgãos estaduais fora do tema comunitário', 'Não produzir diretrizes de política pública', 'Não conduzir capacitações formais (competência da ESDEC)'], ARRAY['Coordenação da SUOP sobre participação nas discussões', 'Conteúdo técnico do ICTDEC como referência para contribuições']);
INSERT INTO ficha_setores (ficha_id, setor_id, tipo_participacao)
VALUES ((SELECT id FROM fichas WHERE acao_estrategica_id = (SELECT id FROM acoes_estrategicas WHERE numero = '9.2.1') AND ordem = 5), (SELECT id FROM setores WHERE codigo = 'DGAC'), 'principal');
INSERT INTO fichas (acao_estrategica_id, ordem, titulo, setor_display, papel, justificativa,
    contribuicao_esperada, nao_escopo, dependencias_criticas)
VALUES ((SELECT id FROM acoes_estrategicas WHERE numero = '9.2.1'), 6, 'CEAMA (Coordenadoria Estadual de Ações de Meio Ambiente) — DIMENSÃO AMBIENTAL',
    'CEAMA (Coordenadoria Estadual de Ações de Meio Ambiente)', 'DIMENSÃO AMBIENTAL', 'A CEAMA coordena ações de meio ambiente com impacto em defesa civil. Nesta ação, contribui com a dimensão ambiental nas discussões intersetoriais: integração de políticas ambientais e de RRD, identificação de ações ambientais com impacto na redução de riscos e articulação com órgãos ambientais estaduais.',
    ARRAY['Contribuir com conteúdo sobre integração de políticas ambientais e de RRD nas discussões intersetoriais', 'Identificar pontos de convergência entre agenda ambiental e agenda de redução de riscos', 'Participar das instâncias de discussão representando a dimensão ambiental'], ARRAY['Não articular com órgãos estaduais fora do tema ambiental', 'Não produzir diretrizes gerais de política de RRD', 'Não conduzir capacitações (competência da ESDEC)'], ARRAY['Coordenação da SUOP sobre participação nas discussões', 'Conteúdo técnico do ICTDEC como referência']);
INSERT INTO ficha_setores (ficha_id, setor_id, tipo_participacao)
VALUES ((SELECT id FROM fichas WHERE acao_estrategica_id = (SELECT id FROM acoes_estrategicas WHERE numero = '9.2.1') AND ordem = 6), (SELECT id FROM setores WHERE codigo = 'CEAMA'), 'principal');
INSERT INTO fichas (acao_estrategica_id, ordem, titulo, setor_display, papel, justificativa,
    contribuicao_esperada, nao_escopo, dependencias_criticas)
VALUES ((SELECT id FROM acoes_estrategicas WHERE numero = '9.2.1'), 7, 'REDECs (via DREDEC) — PARTICIPAÇÃO MUNICIPAL',
    'REDECs (via DREDEC)', 'PARTICIPAÇÃO MUNICIPAL', 'As REDECs são o elo entre o Estado e os municípios. Nesta ação, articulam a participação dos municípios nas discussões sobre políticas transversais de RRD, assegurando que as propostas reflitam as realidades locais. Coletam demandas e percepções municipais e reportam à SUOP, enriquecendo o debate com a perspectiva territorial.',
    ARRAY['Articular a participação de municípios nas instâncias de discussão sobre políticas transversais de RRD', 'Coletar demandas e percepções municipais sobre a transversalidade da RRD', 'Reportar à SUOP as contribuições e necessidades municipais identificadas'], ARRAY['Não produzir conteúdo técnico (competência do ICTDEC)', 'Não articular com órgãos estaduais (competência da SUBSEGOP)', 'Não produzir diretrizes de política pública'], ARRAY['Coordenação da SUOP sobre participação nas discussões', 'Priorização de municípios para participação']);
INSERT INTO ficha_setores (ficha_id, setor_id, tipo_participacao)
VALUES ((SELECT id FROM fichas WHERE acao_estrategica_id = (SELECT id FROM acoes_estrategicas WHERE numero = '9.2.1') AND ordem = 7), (SELECT id FROM setores WHERE codigo = 'REDECS'), 'principal');
INSERT INTO ficha_setores (ficha_id, setor_id, tipo_participacao)
VALUES ((SELECT id FROM fichas WHERE acao_estrategica_id = (SELECT id FROM acoes_estrategicas WHERE numero = '9.2.1') AND ordem = 7), (SELECT id FROM setores WHERE codigo = 'DREDEC'), 'coordenador');
INSERT INTO fichas (acao_estrategica_id, ordem, titulo, setor_display, papel, justificativa,
    contribuicao_esperada, nao_escopo, dependencias_criticas)
VALUES ((SELECT id FROM acoes_estrategicas WHERE numero = '9.2.1'), 8, 'CONEPDEC (Conselho Estadual de Proteção e Defesa Civil) — INSTÂNCIA CONSULTIVA E PROPOSITIVA',
    'CONEPDEC (Conselho Estadual de Proteção e Defesa Civil)', 'INSTÂNCIA CONSULTIVA E PROPOSITIVA', 'O CONEPDEC é o conselho estadual de proteção e defesa civil, composto por representantes de órgãos estaduais, municipais e entidades da sociedade civil. Não é órgão da SEDEC — é instância multiparticipativa do SIEPDEC-RJ, liderada pela Secretaria mas com autonomia consultiva e propositiva própria. Nesta ação, atua como espaço de validação e proposição para as políticas transversais de RRD, conferindo legitimidade multisetorial às propostas. Conforme Art. 13 da PEPDEC, compete ao CONEPDEC propor normas e procedimentos para articulação das ações estaduais com os municípios e com entidades privadas.',
    ARRAY['Validar e emitir parecer consultivo sobre propostas de políticas transversais de RRD', 'Propor normas e procedimentos para articulação das ações de RRD com outros setores', 'Recomendar ações prioritárias de RRD aos órgãos integrantes do SIEPDEC-RJ', 'Conferir legitimidade multisetorial às propostas, dado que reúne representantes de múltiplos órgãos e entidades'], ARRAY['Não executar ações operacionais de RRD (competência dos órgãos integrantes do SIEPDEC-RJ)'], ARRAY['Propostas estruturadas apresentadas pela SUBSEGOP e pela SUOP para apreciação', 'Subsídios técnicos do ICTDEC para fundamentar pareceres e recomendações', 'Funcionamento regular do conselho com participação efetiva de seus membros', 'Compromisso dos órgãos e entidades representados em internalizar e implementar as deliberações e recomendações do conselho em suas respectivas agendas']);
INSERT INTO ficha_setores (ficha_id, setor_id, tipo_participacao)
VALUES ((SELECT id FROM fichas WHERE acao_estrategica_id = (SELECT id FROM acoes_estrategicas WHERE numero = '9.2.1') AND ordem = 8), (SELECT id FROM setores WHERE codigo = 'CONEPDEC'), 'principal');
INSERT INTO fundamentacoes (acao_estrategica_id, introducao, conclusao)
VALUES ((SELECT id FROM acoes_estrategicas WHERE numero = '9.2.1'), 'A ausência de mecanismos de discussão intersetorial sobre RRD gera três efeitos:', 'Esta ação enfrenta esses efeitos por meio de uma estratégia de articulação intersetorial ampliada: a SUBSEGOP conduz o diálogo político-institucional com os órgãos estaduais e atores externos; o ICTDEC fornece o conteúdo técnico que qualifica as discussões; a ESDEC capacita agentes; a DGAC e a CEAMA contribuem com seus temas setoriais; as REDECs articulam a participação municipal; e o CONEPDEC, como conselho multiparticipativo, valida as propostas e confere legitimidade multisetorial. A SUOP coordena internamente a participação dos órgãos da SEDEC.');
INSERT INTO fundamentacao_itens (fundamentacao_id, ordem, conteudo)
VALUES ((SELECT id FROM fundamentacoes WHERE acao_estrategica_id = (SELECT id FROM acoes_estrategicas WHERE numero = '9.2.1')), 1, '1. RRD como tema setorial: A redução de riscos de desastres é tratada como tema exclusivo da Defesa Civil, sem integração às políticas de ordenamento territorial, saúde, educação, meio ambiente e infraestrutura. Os órgãos que efetivamente produzem ou reproduzem riscos não incorporam a RRD em suas agendas.');
INSERT INTO fundamentacao_itens (fundamentacao_id, ordem, conteudo)
VALUES ((SELECT id FROM fundamentacoes WHERE acao_estrategica_id = (SELECT id FROM acoes_estrategicas WHERE numero = '9.2.1')), 2, '2. Ausência de instâncias de diálogo: Não há espaços estruturados para que a SEDEC dialogue com os demais órgãos estaduais sobre integração de políticas públicas. A interlocução depende de relações pessoais e de demandas pontuais, sem continuidade nem institucionalidade.');
INSERT INTO fundamentacao_itens (fundamentacao_id, ordem, conteudo)
VALUES ((SELECT id FROM fundamentacoes WHERE acao_estrategica_id = (SELECT id FROM acoes_estrategicas WHERE numero = '9.2.1')), 3, '3. Políticas municipais desconectadas: Os municípios produzem políticas locais sem orientação sobre como integrar a RRD de forma transversal. Sem discussão qualificada e metodologias de referência, as políticas municipais tratam a redução de riscos como tema acessório.');












-- AE 1.1.3: Fundamentação (título original: 'Por que isso importa?')
INSERT INTO fundamentacoes (acao_estrategica_id, introducao, conclusao)
VALUES (
    (SELECT id FROM acoes_estrategicas WHERE numero = '1.1.3'),
    'A Secretaria de Estado de Defesa Civil opera historicamente com dependência quase total do Tesouro Estadual. Isso gera problemas concretos que afetam o dia a dia:',
    'Esta ação estratégica ataca esses quatro problemas simultaneamente: ao estruturar a capacidade de captação, fortalecer o Gabinete de Gestão de Projetos e preparar a governança financeira, cria-se tanto uma segunda linha de financiamento imediata (editais e parcerias) quanto o alicerce para o Fundo Estadual. Simultaneamente, o processo força a profissionalização interna — elaborar projetos exige diagnóstico, dados e governança, que é exatamente o que o Programa SEDEC 360 busca implantar.'
);
INSERT INTO fundamentacao_itens (fundamentacao_id, ordem, conteudo)
VALUES (
    (SELECT id FROM fundamentacoes WHERE acao_estrategica_id = (SELECT id FROM acoes_estrategicas WHERE numero = '1.1.3')),
    1,
    '1. Vulnerabilidade orçamentária: Quando o Estado contingencia recursos, a Defesa Civil perde capacidade de investimento sem alternativas. Projetos estruturantes ficam restritos à disponibilidade de caixa, não à necessidade real.'
);
INSERT INTO fundamentacao_itens (fundamentacao_id, ordem, conteudo)
VALUES (
    (SELECT id FROM fundamentacoes WHERE acao_estrategica_id = (SELECT id FROM acoes_estrategicas WHERE numero = '1.1.3')),
    2,
    '2. Oportunidades perdidas: Editais de órgãos como FAPERJ, CNPq, FINEP e organismos internacionais abrem janelas de financiamento que exigem capacidade técnica de resposta rápida. Sem metodologia de monitoramento e sem banco de projetos, a Secretaria sequer toma conhecimento dessas oportunidades a tempo.'
);
INSERT INTO fundamentacao_itens (fundamentacao_id, ordem, conteudo)
VALUES (
    (SELECT id FROM fundamentacoes WHERE acao_estrategica_id = (SELECT id FROM acoes_estrategicas WHERE numero = '1.1.3')),
    3,
    '3. Ciclo de invisibilidade: Sem diversificar receitas, a Defesa Civil não gera evidências de capacidade institucional, o que reduz sua credibilidade perante financiadores — retroalimentando a dependência do Tesouro.'
);
INSERT INTO fundamentacao_itens (fundamentacao_id, ordem, conteudo)
VALUES (
    (SELECT id FROM fundamentacoes WHERE acao_estrategica_id = (SELECT id FROM acoes_estrategicas WHERE numero = '1.1.3')),
    4,
    '4. O Fundo como ponto de inflexão: O Fundo Estadual de Proteção e Defesa Civil, quando operacionalizado, representará a maior oportunidade de financiamento da história da Defesa Civil Estadual. Porém, absorver e gerir um fundo dessa natureza — com repasses fundo a fundo para municípios, controle de execução e prestação de contas em escala — exige um nível de maturidade institucional que só será alcançado se começarmos a construir agora. Chegar à operacionalização do Fundo sem a infraestrutura de gestão pronta significaria desperdiçar essa oportunidade e, pior, expor a Secretaria a riscos jurídicos e de imagem.'
);

-- AE 2.1.3: Destaque Estratégico (título original: 'Produtos Institucionais Previstos')
INSERT INTO destaques_estrategicos (acao_estrategica_id, titulo, header_contexto)
VALUES (
    (SELECT id FROM acoes_estrategicas WHERE numero = '2.1.3'),
    'Produtos Institucionais Previstos',
    'Produtos de Comunicação Estratégica'
);
INSERT INTO destaque_linhas (destaque_id, ordem, tipo, label, conteudo)
VALUES (
    (SELECT id FROM destaques_estrategicos WHERE acao_estrategica_id = (SELECT id FROM acoes_estrategicas WHERE numero = '2.1.3')),
    1, 'label_conteudo', 'Contexto',
    'O Plano Estratégico e as Ações Prioritárias vigentes indicam, de forma exemplificativa, os seguintes produtos:'
);
INSERT INTO destaque_linhas (destaque_id, ordem, tipo, label, conteudo)
VALUES (
    (SELECT id FROM destaques_estrategicos WHERE acao_estrategica_id = (SELECT id FROM acoes_estrategicas WHERE numero = '2.1.3')),
    2, 'label_conteudo', 'Portfólio de Atividades da SEDEC',
    'Compilação estruturada das atividades finalísticas e de suporte, conferindo visibilidade ao escopo de atuação da Secretaria'
);
INSERT INTO destaque_linhas (destaque_id, ordem, tipo, label, conteudo)
VALUES (
    (SELECT id FROM destaques_estrategicos WHERE acao_estrategica_id = (SELECT id FROM acoes_estrategicas WHERE numero = '2.1.3')),
    3, 'label_conteudo', 'Calendário Anual de Atividades',
    'Planejamento e divulgação das ações programáticas e eventos institucionais, promovendo previsibilidade e coordenação'
);
INSERT INTO destaque_linhas (destaque_id, ordem, tipo, label, conteudo)
VALUES (
    (SELECT id FROM destaques_estrategicos WHERE acao_estrategica_id = (SELECT id FROM acoes_estrategicas WHERE numero = '2.1.3')),
    4, 'label_conteudo', 'Relatório Anual de Gestão',
    'Consolidação dos resultados do exercício, englobando o anuário, para prestação de contas interna e externa'
);
INSERT INTO destaque_linhas (destaque_id, ordem, tipo, label, conteudo)
VALUES (
    (SELECT id FROM destaques_estrategicos WHERE acao_estrategica_id = (SELECT id FROM acoes_estrategicas WHERE numero = '2.1.3')),
    5, 'label_conteudo', 'Carta de Serviços da SEDEC',
    'Descrição dos serviços prestados ao cidadão e aos municípios, com padrões de atendimento'
);
INSERT INTO destaque_linhas (destaque_id, ordem, tipo, label, conteudo)
VALUES (
    (SELECT id FROM destaques_estrategicos WHERE acao_estrategica_id = (SELECT id FROM acoes_estrategicas WHERE numero = '2.1.3')),
    6, 'label_conteudo', 'Instrumentos de apresentação dos órgãos',
    'Materiais padronizados que apresentem a missão, as atribuições e as entregas de cada órgão da Defesa Civil estadual'
);

-- AE 7.1.2: Nota sobre Arranjo Institucional
UPDATE acoes_estrategicas
SET nota_arranjo_institucional = 'Ponto de atenção: Esta ação estratégica pressupõe a existência de um órgão com mandato claro para a articulação parlamentar estratégica da Defesa Civil, posicionado em nível hierárquico compatível com a natureza político-institucional dessa função (assessoria da Subsecretaria Operacional ou da própria Secretaria).
Na estrutura atual, esse arranjo não está definido com a clareza e o posicionamento necessários. A função de monitorar o cenário legislativo, antecipar-se a ameaças normativas e aproveitar oportunidades legislativas exige autonomia de articulação e acesso direto à Alta Gestão — características que demandam posicionamento adequado na hierarquia institucional.
A definição desse arranjo institucional é pré-condição para a execução plena desta ação e deve ser tratada em foro próprio (reorganização estrutural), extrapolando o escopo deste enquadramento setorial.
Este documento enquadra exclusivamente o papel do ICTDEC (provedor de insumos técnicos), que é o que cabe no âmbito dos planos setoriais. O enquadramento do órgão responsável pela articulação parlamentar deverá ser construído após a definição do arranjo institucional.'
WHERE numero = '7.1.2';

-- AE 8.1.3: Nota sobre Posicionamento Institucional e Risco de Omissão
UPDATE acoes_estrategicas
SET nota_arranjo_institucional = 'Atenção: A situação atual — em que o Estado mantém, com recursos próprios, sistemas de alarme que são competência municipal — não é sustentável e gera risco crescente. Cada ano sem decisão aprofunda o comprometimento orçamentário, reduz a capacidade de investimento nas competências estaduais e amplia a exposição a questionamentos dos órgãos de controle.
A transferência de responsabilidade aos municípios, se conduzida com capacitação adequada (orçamentária, técnica e operacional), sensibilização dos órgãos de controle e documentação auditável, fortalece a posição da SEDEC. Se conduzida de forma abrupta ou sem suporte, gera percepção de abandono e atritos políticos.
A não-decisão, porém, é a pior opção. Manter o modelo atual equivale a: (a) continuar gastando em competência alheia; (b) deixar de investir no que é competência estadual; (c) perpetuar a dependência municipal; e (d) acumular exposição a órgãos de controle que, ao serem provocados, questionarão tanto a execução fora de competência quanto a omissão nas competências próprias.
Esta ação requer liderança da Alta Gestão (SUBSEGOP) para assumir o posicionamento, conduzir o diálogo institucional e proteger os órgãos operacionais durante a transição.'
WHERE numero = '8.1.3';